<?xml version="1.0" encoding="UTF-8"?>
<gpx xmlns="http://www.topografix.com/GPX/1/1" xmlns:gpxdata="http://www.cluetrust.com/XML/GPXDATA/1/0" xmlns:xsi="http://www.w3.org/2001/XMLSchema-instance" xsi:schemaLocation="http://www.topografix.com/GPX/1/1 https://www.topografix.com/GPX/1/1/gpx.xsd http://www.cluetrust.com/XML/GPXDATA/1/0 https://www.cluetrust.com/Schemas/gpxdata10.xsd" creator="COROS Wearables" version="1.1">
 <metadata>
  <link href="https://www.coros.com">
   <text>COROS</text>
  </link>
  <time>2026-03-14T22:50:05Z</time>
 </metadata>
 <trk>
  <name>Running</name>
  <type>running</type>
  <trkseg>
   <trkpt lat="25.1897375" lon="121.6832050">
    <ele>19</ele>
    <time>2026-03-14T22:50:05Z</time>
    <extensions>
     <gpxdata:hr>112</gpxdata:hr>
     <gpxdata:distance>0.00</gpxdata:distance>
     <gpxdata:cadence>99</gpxdata:cadence>
     <gpxdata:speed>1.533</gpxdata:speed>
    </extensions>
   </trkpt>
   <trkpt lat="25.1897457" lon="121.6832054">
    <ele>19</ele>
    <time>2026-03-14T22:50:06Z</time>
    <extensions>
     <gpxdata:hr>112</gpxdata:hr>
     <gpxdata:distance>0.00</gpxdata:distance>
     <gpxdata:cadence>99</gpxdata:cadence>
     <gpxdata:speed>1.533</gpxdata:speed>
    </extensions>
   </trkpt>
   <trkpt lat="25.1897539" lon="121.6832059">
    <ele>19</ele>
    <time>2026-03-14T22:50:07Z</time>
    <extensions>
     <gpxdata:hr>113</gpxdata:hr>
     <gpxdata:distance>0.00</gpxdata:distance>
     <gpxdata:cadence>99</gpxdata:cadence>
     <gpxdata:speed>1.533</gpxdata:speed>
    </extensions>
   </trkpt>
   <trkpt lat="25.1897670" lon="121.6832075">
    <ele>19</ele>
    <time>2026-03-14T22:50:08Z</time>
    <extensions>
     <gpxdata:hr>114</gpxdata:hr>
     <gpxdata:distance>3.50</gpxdata:distance>
     <gpxdata:cadence>99</gpxdata:cadence>
     <gpxdata:speed>1.461</gpxdata:speed>
    </extensions>
   </trkpt>
   <trkpt lat="25.1897802" lon="121.6832091">
    <ele>19</ele>
    <time>2026-03-14T22:50:09Z</time>
    <extensions>
     <gpxdata:hr>116</gpxdata:hr>
     <gpxdata:distance>7.00</gpxdata:distance>
     <gpxdata:cadence>99</gpxdata:cadence>
     <gpxdata:speed>1.389</gpxdata:speed>
    </extensions>
   </trkpt>
   <trkpt lat="25.1897995" lon="121.6832112">
    <ele>19</ele>
    <time>2026-03-14T22:50:10Z</time>
    <extensions>
     <gpxdata:hr>116</gpxdata:hr>
     <gpxdata:distance>10.00</gpxdata:distance>
     <gpxdata:cadence>98</gpxdata:cadence>
     <gpxdata:speed>1.467</gpxdata:speed>
    </extensions>
   </trkpt>
   <trkpt lat="25.1898188" lon="121.6832133">
    <ele>19</ele>
    <time>2026-03-14T22:50:11Z</time>
    <extensions>
     <gpxdata:hr>116</gpxdata:hr>
     <gpxdata:distance>13.00</gpxdata:distance>
     <gpxdata:cadence>98</gpxdata:cadence>
     <gpxdata:speed>1.547</gpxdata:speed>
    </extensions>
   </trkpt>
   <trkpt lat="25.1898435" lon="121.6832155">
    <ele>19</ele>
    <time>2026-03-14T22:50:12Z</time>
    <extensions>
     <gpxdata:hr>117</gpxdata:hr>
     <gpxdata:distance>16.50</gpxdata:distance>
     <gpxdata:cadence>98</gpxdata:cadence>
     <gpxdata:speed>1.703</gpxdata:speed>
    </extensions>
   </trkpt>
   <trkpt lat="25.1898682" lon="121.6832177">
    <ele>19</ele>
    <time>2026-03-14T22:50:13Z</time>
    <extensions>
     <gpxdata:hr>117</gpxdata:hr>
     <gpxdata:distance>20.00</gpxdata:distance>
     <gpxdata:cadence>98</gpxdata:cadence>
     <gpxdata:speed>1.858</gpxdata:speed>
    </extensions>
   </trkpt>
   <trkpt lat="25.1898995" lon="121.6832197">
    <ele>19</ele>
    <time>2026-03-14T22:50:14Z</time>
    <extensions>
     <gpxdata:hr>120</gpxdata:hr>
     <gpxdata:distance>24.50</gpxdata:distance>
     <gpxdata:cadence>98</gpxdata:cadence>
     <gpxdata:speed>2.072</gpxdata:speed>
    </extensions>
   </trkpt>
   <trkpt lat="25.1899308" lon="121.6832218">
    <ele>19</ele>
    <time>2026-03-14T22:50:15Z</time>
    <extensions>
     <gpxdata:hr>122</gpxdata:hr>
     <gpxdata:distance>29.00</gpxdata:distance>
     <gpxdata:cadence>98</gpxdata:cadence>
     <gpxdata:speed>2.289</gpxdata:speed>
    </extensions>
   </trkpt>
   <trkpt lat="25.1899650" lon="121.6832223">
    <ele>19</ele>
    <time>2026-03-14T22:50:16Z</time>
    <extensions>
     <gpxdata:hr>124</gpxdata:hr>
     <gpxdata:distance>32.50</gpxdata:distance>
     <gpxdata:cadence>98</gpxdata:cadence>
     <gpxdata:speed>2.428</gpxdata:speed>
    </extensions>
   </trkpt>
   <trkpt lat="25.1899993" lon="121.6832229">
    <ele>19</ele>
    <time>2026-03-14T22:50:17Z</time>
    <extensions>
     <gpxdata:hr>126</gpxdata:hr>
     <gpxdata:distance>36.00</gpxdata:distance>
     <gpxdata:cadence>98</gpxdata:cadence>
     <gpxdata:speed>2.567</gpxdata:speed>
    </extensions>
   </trkpt>
   <trkpt lat="25.1900342" lon="121.6832236">
    <ele>19</ele>
    <time>2026-03-14T22:50:18Z</time>
    <extensions>
     <gpxdata:hr>128</gpxdata:hr>
     <gpxdata:distance>40.00</gpxdata:distance>
     <gpxdata:cadence>99</gpxdata:cadence>
     <gpxdata:speed>2.814</gpxdata:speed>
    </extensions>
   </trkpt>
   <trkpt lat="25.1900691" lon="121.6832243">
    <ele>19</ele>
    <time>2026-03-14T22:50:19Z</time>
    <extensions>
     <gpxdata:hr>130</gpxdata:hr>
     <gpxdata:distance>44.00</gpxdata:distance>
     <gpxdata:cadence>100</gpxdata:cadence>
     <gpxdata:speed>3.064</gpxdata:speed>
    </extensions>
   </trkpt>
   <trkpt lat="25.1901057" lon="121.6832267">
    <ele>19</ele>
    <time>2026-03-14T22:50:20Z</time>
    <extensions>
     <gpxdata:hr>132</gpxdata:hr>
     <gpxdata:distance>48.00</gpxdata:distance>
     <gpxdata:cadence>100</gpxdata:cadence>
     <gpxdata:speed>3.228</gpxdata:speed>
    </extensions>
   </trkpt>
   <trkpt lat="25.1901423" lon="121.6832292">
    <ele>19</ele>
    <time>2026-03-14T22:50:21Z</time>
    <extensions>
     <gpxdata:hr>133</gpxdata:hr>
     <gpxdata:distance>52.00</gpxdata:distance>
     <gpxdata:cadence>101</gpxdata:cadence>
     <gpxdata:speed>3.392</gpxdata:speed>
    </extensions>
   </trkpt>
   <trkpt lat="25.1901803" lon="121.6832322">
    <ele>19</ele>
    <time>2026-03-14T22:50:22Z</time>
    <extensions>
     <gpxdata:hr>133</gpxdata:hr>
     <gpxdata:distance>56.50</gpxdata:distance>
     <gpxdata:cadence>101</gpxdata:cadence>
     <gpxdata:speed>3.564</gpxdata:speed>
    </extensions>
   </trkpt>
   <trkpt lat="25.1902183" lon="121.6832353">
    <ele>19</ele>
    <time>2026-03-14T22:50:23Z</time>
    <extensions>
     <gpxdata:hr>134</gpxdata:hr>
     <gpxdata:distance>61.00</gpxdata:distance>
     <gpxdata:cadence>101</gpxdata:cadence>
     <gpxdata:speed>3.736</gpxdata:speed>
    </extensions>
   </trkpt>
   <trkpt lat="25.1902593" lon="121.6832401">
    <ele>19</ele>
    <time>2026-03-14T22:50:24Z</time>
    <extensions>
     <gpxdata:hr>136</gpxdata:hr>
     <gpxdata:distance>66.00</gpxdata:distance>
     <gpxdata:cadence>101</gpxdata:cadence>
     <gpxdata:speed>3.878</gpxdata:speed>
    </extensions>
   </trkpt>
   <trkpt lat="25.1903003" lon="121.6832449">
    <ele>19</ele>
    <time>2026-03-14T22:50:25Z</time>
    <extensions>
     <gpxdata:hr>138</gpxdata:hr>
     <gpxdata:distance>71.00</gpxdata:distance>
     <gpxdata:cadence>101</gpxdata:cadence>
     <gpxdata:speed>4.019</gpxdata:speed>
    </extensions>
   </trkpt>
   <trkpt lat="25.1903431" lon="121.6832525">
    <ele>19</ele>
    <time>2026-03-14T22:50:26Z</time>
    <extensions>
     <gpxdata:hr>140</gpxdata:hr>
     <gpxdata:distance>76.00</gpxdata:distance>
     <gpxdata:cadence>101</gpxdata:cadence>
     <gpxdata:speed>4.156</gpxdata:speed>
    </extensions>
   </trkpt>
   <trkpt lat="25.1903859" lon="121.6832602">
    <ele>19</ele>
    <time>2026-03-14T22:50:27Z</time>
    <extensions>
     <gpxdata:hr>140</gpxdata:hr>
     <gpxdata:distance>81.00</gpxdata:distance>
     <gpxdata:cadence>101</gpxdata:cadence>
     <gpxdata:speed>4.292</gpxdata:speed>
    </extensions>
   </trkpt>
   <trkpt lat="25.1904284" lon="121.6832704">
    <ele>19</ele>
    <time>2026-03-14T22:50:28Z</time>
    <extensions>
     <gpxdata:hr>142</gpxdata:hr>
     <gpxdata:distance>85.50</gpxdata:distance>
     <gpxdata:cadence>100</gpxdata:cadence>
     <gpxdata:speed>4.414</gpxdata:speed>
    </extensions>
   </trkpt>
   <trkpt lat="25.1904710" lon="121.6832806">
    <ele>19</ele>
    <time>2026-03-14T22:50:29Z</time>
    <extensions>
     <gpxdata:hr>144</gpxdata:hr>
     <gpxdata:distance>90.00</gpxdata:distance>
     <gpxdata:cadence>100</gpxdata:cadence>
     <gpxdata:speed>4.536</gpxdata:speed>
    </extensions>
   </trkpt>
   <trkpt lat="25.1905117" lon="121.6832918">
    <ele>19</ele>
    <time>2026-03-14T22:50:30Z</time>
    <extensions>
     <gpxdata:hr>145</gpxdata:hr>
     <gpxdata:distance>94.50</gpxdata:distance>
     <gpxdata:cadence>100</gpxdata:cadence>
     <gpxdata:speed>4.608</gpxdata:speed>
    </extensions>
   </trkpt>
   <trkpt lat="25.1905524" lon="121.6833031">
    <ele>18</ele>
    <time>2026-03-14T22:50:31Z</time>
    <extensions>
     <gpxdata:hr>145</gpxdata:hr>
     <gpxdata:distance>99.00</gpxdata:distance>
     <gpxdata:cadence>99</gpxdata:cadence>
     <gpxdata:speed>4.683</gpxdata:speed>
    </extensions>
   </trkpt>
   <trkpt lat="25.1905901" lon="121.6833159">
    <ele>18</ele>
    <time>2026-03-14T22:50:32Z</time>
    <extensions>
     <gpxdata:hr>146</gpxdata:hr>
     <gpxdata:distance>103.00</gpxdata:distance>
     <gpxdata:cadence>99</gpxdata:cadence>
     <gpxdata:speed>4.694</gpxdata:speed>
    </extensions>
   </trkpt>
   <trkpt lat="25.1906278" lon="121.6833288">
    <ele>18</ele>
    <time>2026-03-14T22:50:33Z</time>
    <extensions>
     <gpxdata:hr>148</gpxdata:hr>
     <gpxdata:distance>107.00</gpxdata:distance>
     <gpxdata:cadence>98</gpxdata:cadence>
     <gpxdata:speed>4.708</gpxdata:speed>
    </extensions>
   </trkpt>
   <trkpt lat="25.1906632" lon="121.6833447">
    <ele>18</ele>
    <time>2026-03-14T22:50:34Z</time>
    <extensions>
     <gpxdata:hr>150</gpxdata:hr>
     <gpxdata:distance>111.50</gpxdata:distance>
     <gpxdata:cadence>98</gpxdata:cadence>
     <gpxdata:speed>4.672</gpxdata:speed>
    </extensions>
   </trkpt>
   <trkpt lat="25.1906986" lon="121.6833607">
    <ele>18</ele>
    <time>2026-03-14T22:50:35Z</time>
    <extensions>
     <gpxdata:hr>153</gpxdata:hr>
     <gpxdata:distance>116.00</gpxdata:distance>
     <gpxdata:cadence>97</gpxdata:cadence>
     <gpxdata:speed>4.639</gpxdata:speed>
    </extensions>
   </trkpt>
   <trkpt lat="25.1907322" lon="121.6833781">
    <ele>18</ele>
    <time>2026-03-14T22:50:36Z</time>
    <extensions>
     <gpxdata:hr>155</gpxdata:hr>
     <gpxdata:distance>120.00</gpxdata:distance>
     <gpxdata:cadence>97</gpxdata:cadence>
     <gpxdata:speed>4.586</gpxdata:speed>
    </extensions>
   </trkpt>
   <trkpt lat="25.1907658" lon="121.6833955">
    <ele>18</ele>
    <time>2026-03-14T22:50:37Z</time>
    <extensions>
     <gpxdata:hr>158</gpxdata:hr>
     <gpxdata:distance>124.00</gpxdata:distance>
     <gpxdata:cadence>96</gpxdata:cadence>
     <gpxdata:speed>4.533</gpxdata:speed>
    </extensions>
   </trkpt>
   <trkpt lat="25.1907985" lon="121.6834113">
    <ele>18</ele>
    <time>2026-03-14T22:50:38Z</time>
    <extensions>
     <gpxdata:hr>160</gpxdata:hr>
     <gpxdata:distance>127.50</gpxdata:distance>
     <gpxdata:cadence>96</gpxdata:cadence>
     <gpxdata:speed>4.475</gpxdata:speed>
    </extensions>
   </trkpt>
   <trkpt lat="25.1908313" lon="121.6834271">
    <ele>18</ele>
    <time>2026-03-14T22:50:39Z</time>
    <extensions>
     <gpxdata:hr>163</gpxdata:hr>
     <gpxdata:distance>131.00</gpxdata:distance>
     <gpxdata:cadence>96</gpxdata:cadence>
     <gpxdata:speed>4.417</gpxdata:speed>
    </extensions>
   </trkpt>
   <trkpt lat="25.1908642" lon="121.6834431">
    <ele>18</ele>
    <time>2026-03-14T22:50:40Z</time>
    <extensions>
     <gpxdata:hr>166</gpxdata:hr>
     <gpxdata:distance>135.50</gpxdata:distance>
     <gpxdata:cadence>96</gpxdata:cadence>
     <gpxdata:speed>4.378</gpxdata:speed>
    </extensions>
   </trkpt>
   <trkpt lat="25.1908971" lon="121.6834592">
    <ele>18</ele>
    <time>2026-03-14T22:50:41Z</time>
    <extensions>
     <gpxdata:hr>170</gpxdata:hr>
     <gpxdata:distance>140.00</gpxdata:distance>
     <gpxdata:cadence>96</gpxdata:cadence>
     <gpxdata:speed>4.342</gpxdata:speed>
    </extensions>
   </trkpt>
   <trkpt lat="25.1909305" lon="121.6834786">
    <ele>18</ele>
    <time>2026-03-14T22:50:42Z</time>
    <extensions>
     <gpxdata:hr>172</gpxdata:hr>
     <gpxdata:distance>144.50</gpxdata:distance>
     <gpxdata:cadence>96</gpxdata:cadence>
     <gpxdata:speed>4.319</gpxdata:speed>
    </extensions>
   </trkpt>
   <trkpt lat="25.1909640" lon="121.6834981">
    <ele>18</ele>
    <time>2026-03-14T22:50:43Z</time>
    <extensions>
     <gpxdata:hr>173</gpxdata:hr>
     <gpxdata:distance>149.00</gpxdata:distance>
     <gpxdata:cadence>96</gpxdata:cadence>
     <gpxdata:speed>4.297</gpxdata:speed>
    </extensions>
   </trkpt>
   <trkpt lat="25.1909954" lon="121.6835203">
    <ele>18</ele>
    <time>2026-03-14T22:50:44Z</time>
    <extensions>
     <gpxdata:hr>173</gpxdata:hr>
     <gpxdata:distance>153.00</gpxdata:distance>
     <gpxdata:cadence>95</gpxdata:cadence>
     <gpxdata:speed>4.264</gpxdata:speed>
    </extensions>
   </trkpt>
   <trkpt lat="25.1910268" lon="121.6835426">
    <ele>18</ele>
    <time>2026-03-14T22:50:45Z</time>
    <extensions>
     <gpxdata:hr>173</gpxdata:hr>
     <gpxdata:distance>157.00</gpxdata:distance>
     <gpxdata:cadence>95</gpxdata:cadence>
     <gpxdata:speed>4.233</gpxdata:speed>
    </extensions>
   </trkpt>
   <trkpt lat="25.1910576" lon="121.6835662">
    <ele>18</ele>
    <time>2026-03-14T22:50:46Z</time>
    <extensions>
     <gpxdata:hr>174</gpxdata:hr>
     <gpxdata:distance>161.00</gpxdata:distance>
     <gpxdata:cadence>95</gpxdata:cadence>
     <gpxdata:speed>4.214</gpxdata:speed>
    </extensions>
   </trkpt>
   <trkpt lat="25.1910885" lon="121.6835899">
    <ele>18</ele>
    <time>2026-03-14T22:50:47Z</time>
    <extensions>
     <gpxdata:hr>174</gpxdata:hr>
     <gpxdata:distance>165.00</gpxdata:distance>
     <gpxdata:cadence>96</gpxdata:cadence>
     <gpxdata:speed>4.197</gpxdata:speed>
    </extensions>
   </trkpt>
   <trkpt lat="25.1911185" lon="121.6836155">
    <ele>18</ele>
    <time>2026-03-14T22:50:48Z</time>
    <extensions>
     <gpxdata:hr>174</gpxdata:hr>
     <gpxdata:distance>169.50</gpxdata:distance>
     <gpxdata:cadence>96</gpxdata:cadence>
     <gpxdata:speed>4.194</gpxdata:speed>
    </extensions>
   </trkpt>
   <trkpt lat="25.1911485" lon="121.6836411">
    <ele>18</ele>
    <time>2026-03-14T22:50:49Z</time>
    <extensions>
     <gpxdata:hr>175</gpxdata:hr>
     <gpxdata:distance>174.00</gpxdata:distance>
     <gpxdata:cadence>96</gpxdata:cadence>
     <gpxdata:speed>4.194</gpxdata:speed>
    </extensions>
   </trkpt>
   <trkpt lat="25.1911786" lon="121.6836670">
    <ele>18</ele>
    <time>2026-03-14T22:50:50Z</time>
    <extensions>
     <gpxdata:hr>175</gpxdata:hr>
     <gpxdata:distance>178.00</gpxdata:distance>
     <gpxdata:cadence>97</gpxdata:cadence>
     <gpxdata:speed>4.197</gpxdata:speed>
    </extensions>
   </trkpt>
   <trkpt lat="25.1912088" lon="121.6836929">
    <ele>18</ele>
    <time>2026-03-14T22:50:51Z</time>
    <extensions>
     <gpxdata:hr>175</gpxdata:hr>
     <gpxdata:distance>182.00</gpxdata:distance>
     <gpxdata:cadence>99</gpxdata:cadence>
     <gpxdata:speed>4.203</gpxdata:speed>
    </extensions>
   </trkpt>
   <trkpt lat="25.1912390" lon="121.6837184">
    <ele>18</ele>
    <time>2026-03-14T22:50:52Z</time>
    <extensions>
     <gpxdata:hr>175</gpxdata:hr>
     <gpxdata:distance>186.50</gpxdata:distance>
     <gpxdata:cadence>99</gpxdata:cadence>
     <gpxdata:speed>4.206</gpxdata:speed>
    </extensions>
   </trkpt>
   <trkpt lat="25.1912693" lon="121.6837439">
    <ele>18</ele>
    <time>2026-03-14T22:50:53Z</time>
    <extensions>
     <gpxdata:hr>175</gpxdata:hr>
     <gpxdata:distance>191.00</gpxdata:distance>
     <gpxdata:cadence>99</gpxdata:cadence>
     <gpxdata:speed>4.211</gpxdata:speed>
    </extensions>
   </trkpt>
   <trkpt lat="25.1912986" lon="121.6837704">
    <ele>18</ele>
    <time>2026-03-14T22:50:54Z</time>
    <extensions>
     <gpxdata:hr>175</gpxdata:hr>
     <gpxdata:distance>195.00</gpxdata:distance>
     <gpxdata:cadence>98</gpxdata:cadence>
     <gpxdata:speed>4.211</gpxdata:speed>
    </extensions>
   </trkpt>
   <trkpt lat="25.1913280" lon="121.6837969">
    <ele>18</ele>
    <time>2026-03-14T22:50:55Z</time>
    <extensions>
     <gpxdata:hr>176</gpxdata:hr>
     <gpxdata:distance>199.00</gpxdata:distance>
     <gpxdata:cadence>98</gpxdata:cadence>
     <gpxdata:speed>4.214</gpxdata:speed>
    </extensions>
   </trkpt>
   <trkpt lat="25.1913567" lon="121.6838248">
    <ele>18</ele>
    <time>2026-03-14T22:50:56Z</time>
    <extensions>
     <gpxdata:hr>177</gpxdata:hr>
     <gpxdata:distance>203.50</gpxdata:distance>
     <gpxdata:cadence>98</gpxdata:cadence>
     <gpxdata:speed>4.214</gpxdata:speed>
    </extensions>
   </trkpt>
   <trkpt lat="25.1913854" lon="121.6838527">
    <ele>18</ele>
    <time>2026-03-14T22:50:57Z</time>
    <extensions>
     <gpxdata:hr>177</gpxdata:hr>
     <gpxdata:distance>208.00</gpxdata:distance>
     <gpxdata:cadence>98</gpxdata:cadence>
     <gpxdata:speed>4.217</gpxdata:speed>
    </extensions>
   </trkpt>
   <trkpt lat="25.1914154" lon="121.6838807">
    <ele>18</ele>
    <time>2026-03-14T22:50:58Z</time>
    <extensions>
     <gpxdata:hr>177</gpxdata:hr>
     <gpxdata:distance>212.50</gpxdata:distance>
     <gpxdata:cadence>98</gpxdata:cadence>
     <gpxdata:speed>4.219</gpxdata:speed>
    </extensions>
   </trkpt>
   <trkpt lat="25.1914454" lon="121.6839087">
    <ele>18</ele>
    <time>2026-03-14T22:50:59Z</time>
    <extensions>
     <gpxdata:hr>177</gpxdata:hr>
     <gpxdata:distance>217.00</gpxdata:distance>
     <gpxdata:cadence>98</gpxdata:cadence>
     <gpxdata:speed>4.225</gpxdata:speed>
    </extensions>
   </trkpt>
   <trkpt lat="25.1914773" lon="121.6839361">
    <ele>18</ele>
    <time>2026-03-14T22:51:00Z</time>
    <extensions>
     <gpxdata:hr>176</gpxdata:hr>
     <gpxdata:distance>221.50</gpxdata:distance>
     <gpxdata:cadence>98</gpxdata:cadence>
     <gpxdata:speed>4.233</gpxdata:speed>
    </extensions>
   </trkpt>
   <trkpt lat="25.1915092" lon="121.6839635">
    <ele>18</ele>
    <time>2026-03-14T22:51:01Z</time>
    <extensions>
     <gpxdata:hr>176</gpxdata:hr>
     <gpxdata:distance>226.00</gpxdata:distance>
     <gpxdata:cadence>98</gpxdata:cadence>
     <gpxdata:speed>4.244</gpxdata:speed>
    </extensions>
   </trkpt>
   <trkpt lat="25.1915436" lon="121.6839893">
    <ele>18</ele>
    <time>2026-03-14T22:51:02Z</time>
    <extensions>
     <gpxdata:hr>176</gpxdata:hr>
     <gpxdata:distance>231.00</gpxdata:distance>
     <gpxdata:cadence>99</gpxdata:cadence>
     <gpxdata:speed>4.256</gpxdata:speed>
    </extensions>
   </trkpt>
   <trkpt lat="25.1915780" lon="121.6840151">
    <ele>18</ele>
    <time>2026-03-14T22:51:03Z</time>
    <extensions>
     <gpxdata:hr>176</gpxdata:hr>
     <gpxdata:distance>236.00</gpxdata:distance>
     <gpxdata:cadence>100</gpxdata:cadence>
     <gpxdata:speed>4.269</gpxdata:speed>
    </extensions>
   </trkpt>
   <trkpt lat="25.1916141" lon="121.6840396">
    <ele>18</ele>
    <time>2026-03-14T22:51:04Z</time>
    <extensions>
     <gpxdata:hr>177</gpxdata:hr>
     <gpxdata:distance>240.50</gpxdata:distance>
     <gpxdata:cadence>99</gpxdata:cadence>
     <gpxdata:speed>4.292</gpxdata:speed>
    </extensions>
   </trkpt>
   <trkpt lat="25.1916503" lon="121.6840641">
    <ele>19</ele>
    <time>2026-03-14T22:51:05Z</time>
    <extensions>
     <gpxdata:hr>177</gpxdata:hr>
     <gpxdata:distance>245.00</gpxdata:distance>
     <gpxdata:cadence>99</gpxdata:cadence>
     <gpxdata:speed>4.317</gpxdata:speed>
    </extensions>
   </trkpt>
   <trkpt lat="25.1916872" lon="121.6840880">
    <ele>19</ele>
    <time>2026-03-14T22:51:06Z</time>
    <extensions>
     <gpxdata:hr>176</gpxdata:hr>
     <gpxdata:distance>250.00</gpxdata:distance>
     <gpxdata:cadence>99</gpxdata:cadence>
     <gpxdata:speed>4.333</gpxdata:speed>
    </extensions>
   </trkpt>
   <trkpt lat="25.1917242" lon="121.6841120">
    <ele>19</ele>
    <time>2026-03-14T22:51:07Z</time>
    <extensions>
     <gpxdata:hr>177</gpxdata:hr>
     <gpxdata:distance>255.00</gpxdata:distance>
     <gpxdata:cadence>99</gpxdata:cadence>
     <gpxdata:speed>4.353</gpxdata:speed>
    </extensions>
   </trkpt>
   <trkpt lat="25.1917615" lon="121.6841367">
    <ele>19</ele>
    <time>2026-03-14T22:51:08Z</time>
    <extensions>
     <gpxdata:hr>176</gpxdata:hr>
     <gpxdata:distance>259.50</gpxdata:distance>
     <gpxdata:cadence>99</gpxdata:cadence>
     <gpxdata:speed>4.369</gpxdata:speed>
    </extensions>
   </trkpt>
   <trkpt lat="25.1917988" lon="121.6841615">
    <ele>19</ele>
    <time>2026-03-14T22:51:09Z</time>
    <extensions>
     <gpxdata:hr>175</gpxdata:hr>
     <gpxdata:distance>264.00</gpxdata:distance>
     <gpxdata:cadence>99</gpxdata:cadence>
     <gpxdata:speed>4.386</gpxdata:speed>
    </extensions>
   </trkpt>
   <trkpt lat="25.1918351" lon="121.6841877">
    <ele>19</ele>
    <time>2026-03-14T22:51:10Z</time>
    <extensions>
     <gpxdata:hr>177</gpxdata:hr>
     <gpxdata:distance>269.00</gpxdata:distance>
     <gpxdata:cadence>99</gpxdata:cadence>
     <gpxdata:speed>4.400</gpxdata:speed>
    </extensions>
   </trkpt>
   <trkpt lat="25.1918714" lon="121.6842140">
    <ele>19</ele>
    <time>2026-03-14T22:51:11Z</time>
    <extensions>
     <gpxdata:hr>176</gpxdata:hr>
     <gpxdata:distance>274.00</gpxdata:distance>
     <gpxdata:cadence>99</gpxdata:cadence>
     <gpxdata:speed>4.417</gpxdata:speed>
    </extensions>
   </trkpt>
   <trkpt lat="25.1919048" lon="121.6842425">
    <ele>19</ele>
    <time>2026-03-14T22:51:12Z</time>
    <extensions>
     <gpxdata:hr>175</gpxdata:hr>
     <gpxdata:distance>278.50</gpxdata:distance>
     <gpxdata:cadence>98</gpxdata:cadence>
     <gpxdata:speed>4.428</gpxdata:speed>
    </extensions>
   </trkpt>
   <trkpt lat="25.1919383" lon="121.6842710">
    <ele>19</ele>
    <time>2026-03-14T22:51:13Z</time>
    <extensions>
     <gpxdata:hr>177</gpxdata:hr>
     <gpxdata:distance>283.00</gpxdata:distance>
     <gpxdata:cadence>98</gpxdata:cadence>
     <gpxdata:speed>4.442</gpxdata:speed>
    </extensions>
   </trkpt>
   <trkpt lat="25.1919676" lon="121.6843025">
    <ele>19</ele>
    <time>2026-03-14T22:51:14Z</time>
    <extensions>
     <gpxdata:hr>178</gpxdata:hr>
     <gpxdata:distance>287.50</gpxdata:distance>
     <gpxdata:cadence>98</gpxdata:cadence>
     <gpxdata:speed>4.447</gpxdata:speed>
    </extensions>
   </trkpt>
   <trkpt lat="25.1919970" lon="121.6843341">
    <ele>19</ele>
    <time>2026-03-14T22:51:15Z</time>
    <extensions>
     <gpxdata:hr>179</gpxdata:hr>
     <gpxdata:distance>292.00</gpxdata:distance>
     <gpxdata:cadence>98</gpxdata:cadence>
     <gpxdata:speed>4.456</gpxdata:speed>
    </extensions>
   </trkpt>
   <trkpt lat="25.1920219" lon="121.6843695">
    <ele>18</ele>
    <time>2026-03-14T22:51:16Z</time>
    <extensions>
     <gpxdata:hr>180</gpxdata:hr>
     <gpxdata:distance>296.50</gpxdata:distance>
     <gpxdata:cadence>98</gpxdata:cadence>
     <gpxdata:speed>4.461</gpxdata:speed>
    </extensions>
   </trkpt>
   <trkpt lat="25.1920469" lon="121.6844049">
    <ele>18</ele>
    <time>2026-03-14T22:51:17Z</time>
    <extensions>
     <gpxdata:hr>181</gpxdata:hr>
     <gpxdata:distance>301.00</gpxdata:distance>
     <gpxdata:cadence>98</gpxdata:cadence>
     <gpxdata:speed>4.467</gpxdata:speed>
    </extensions>
   </trkpt>
   <trkpt lat="25.1920668" lon="121.6844425">
    <ele>18</ele>
    <time>2026-03-14T22:51:18Z</time>
    <extensions>
     <gpxdata:hr>181</gpxdata:hr>
     <gpxdata:distance>305.00</gpxdata:distance>
     <gpxdata:cadence>98</gpxdata:cadence>
     <gpxdata:speed>4.467</gpxdata:speed>
    </extensions>
   </trkpt>
   <trkpt lat="25.1920867" lon="121.6844801">
    <ele>18</ele>
    <time>2026-03-14T22:51:19Z</time>
    <extensions>
     <gpxdata:hr>182</gpxdata:hr>
     <gpxdata:distance>309.00</gpxdata:distance>
     <gpxdata:cadence>98</gpxdata:cadence>
     <gpxdata:speed>4.469</gpxdata:speed>
    </extensions>
   </trkpt>
   <trkpt lat="25.1921031" lon="121.6845172">
    <ele>18</ele>
    <time>2026-03-14T22:51:20Z</time>
    <extensions>
     <gpxdata:hr>182</gpxdata:hr>
     <gpxdata:distance>313.00</gpxdata:distance>
     <gpxdata:cadence>97</gpxdata:cadence>
     <gpxdata:speed>4.483</gpxdata:speed>
    </extensions>
   </trkpt>
   <trkpt lat="25.1921195" lon="121.6845544">
    <ele>17</ele>
    <time>2026-03-14T22:51:21Z</time>
    <extensions>
     <gpxdata:hr>182</gpxdata:hr>
     <gpxdata:distance>317.00</gpxdata:distance>
     <gpxdata:cadence>97</gpxdata:cadence>
     <gpxdata:speed>4.500</gpxdata:speed>
    </extensions>
   </trkpt>
   <trkpt lat="25.1921346" lon="121.6845901">
    <ele>17</ele>
    <time>2026-03-14T22:51:22Z</time>
    <extensions>
     <gpxdata:hr>182</gpxdata:hr>
     <gpxdata:distance>321.00</gpxdata:distance>
     <gpxdata:cadence>97</gpxdata:cadence>
     <gpxdata:speed>4.486</gpxdata:speed>
    </extensions>
   </trkpt>
   <trkpt lat="25.1921497" lon="121.6846258">
    <ele>17</ele>
    <time>2026-03-14T22:51:23Z</time>
    <extensions>
     <gpxdata:hr>181</gpxdata:hr>
     <gpxdata:distance>325.00</gpxdata:distance>
     <gpxdata:cadence>97</gpxdata:cadence>
     <gpxdata:speed>4.475</gpxdata:speed>
    </extensions>
   </trkpt>
   <trkpt lat="25.1921642" lon="121.6846610">
    <ele>17</ele>
    <time>2026-03-14T22:51:24Z</time>
    <extensions>
     <gpxdata:hr>181</gpxdata:hr>
     <gpxdata:distance>329.00</gpxdata:distance>
     <gpxdata:cadence>97</gpxdata:cadence>
     <gpxdata:speed>4.464</gpxdata:speed>
    </extensions>
   </trkpt>
   <trkpt lat="25.1921788" lon="121.6846962">
    <ele>17</ele>
    <time>2026-03-14T22:51:25Z</time>
    <extensions>
     <gpxdata:hr>180</gpxdata:hr>
     <gpxdata:distance>333.00</gpxdata:distance>
     <gpxdata:cadence>97</gpxdata:cadence>
     <gpxdata:speed>4.456</gpxdata:speed>
    </extensions>
   </trkpt>
   <trkpt lat="25.1921935" lon="121.6847314">
    <ele>17</ele>
    <time>2026-03-14T22:51:26Z</time>
    <extensions>
     <gpxdata:hr>180</gpxdata:hr>
     <gpxdata:distance>337.00</gpxdata:distance>
     <gpxdata:cadence>97</gpxdata:cadence>
     <gpxdata:speed>4.444</gpxdata:speed>
    </extensions>
   </trkpt>
   <trkpt lat="25.1922082" lon="121.6847666">
    <ele>17</ele>
    <time>2026-03-14T22:51:27Z</time>
    <extensions>
     <gpxdata:hr>181</gpxdata:hr>
     <gpxdata:distance>341.00</gpxdata:distance>
     <gpxdata:cadence>97</gpxdata:cadence>
     <gpxdata:speed>4.433</gpxdata:speed>
    </extensions>
   </trkpt>
   <trkpt lat="25.1922231" lon="121.6848018">
    <ele>17</ele>
    <time>2026-03-14T22:51:28Z</time>
    <extensions>
     <gpxdata:hr>181</gpxdata:hr>
     <gpxdata:distance>344.50</gpxdata:distance>
     <gpxdata:cadence>97</gpxdata:cadence>
     <gpxdata:speed>4.389</gpxdata:speed>
    </extensions>
   </trkpt>
   <trkpt lat="25.1922381" lon="121.6848370">
    <ele>17</ele>
    <time>2026-03-14T22:51:29Z</time>
    <extensions>
     <gpxdata:hr>181</gpxdata:hr>
     <gpxdata:distance>348.00</gpxdata:distance>
     <gpxdata:cadence>97</gpxdata:cadence>
     <gpxdata:speed>4.344</gpxdata:speed>
    </extensions>
   </trkpt>
   <trkpt lat="25.1922536" lon="121.6848723">
    <ele>17</ele>
    <time>2026-03-14T22:51:30Z</time>
    <extensions>
     <gpxdata:hr>181</gpxdata:hr>
     <gpxdata:distance>352.50</gpxdata:distance>
     <gpxdata:cadence>97</gpxdata:cadence>
     <gpxdata:speed>4.325</gpxdata:speed>
    </extensions>
   </trkpt>
   <trkpt lat="25.1922692" lon="121.6849077">
    <ele>17</ele>
    <time>2026-03-14T22:51:31Z</time>
    <extensions>
     <gpxdata:hr>181</gpxdata:hr>
     <gpxdata:distance>357.00</gpxdata:distance>
     <gpxdata:cadence>97</gpxdata:cadence>
     <gpxdata:speed>4.308</gpxdata:speed>
    </extensions>
   </trkpt>
   <trkpt lat="25.1922859" lon="121.6849435">
    <ele>17</ele>
    <time>2026-03-14T22:51:32Z</time>
    <extensions>
     <gpxdata:hr>182</gpxdata:hr>
     <gpxdata:distance>361.00</gpxdata:distance>
     <gpxdata:cadence>97</gpxdata:cadence>
     <gpxdata:speed>4.297</gpxdata:speed>
    </extensions>
   </trkpt>
   <trkpt lat="25.1923026" lon="121.6849793">
    <ele>17</ele>
    <time>2026-03-14T22:51:33Z</time>
    <extensions>
     <gpxdata:hr>182</gpxdata:hr>
     <gpxdata:distance>365.00</gpxdata:distance>
     <gpxdata:cadence>97</gpxdata:cadence>
     <gpxdata:speed>4.286</gpxdata:speed>
    </extensions>
   </trkpt>
   <trkpt lat="25.1923198" lon="121.6850158">
    <ele>17</ele>
    <time>2026-03-14T22:51:34Z</time>
    <extensions>
     <gpxdata:hr>182</gpxdata:hr>
     <gpxdata:distance>369.00</gpxdata:distance>
     <gpxdata:cadence>97</gpxdata:cadence>
     <gpxdata:speed>4.281</gpxdata:speed>
    </extensions>
   </trkpt>
   <trkpt lat="25.1923371" lon="121.6850523">
    <ele>18</ele>
    <time>2026-03-14T22:51:35Z</time>
    <extensions>
     <gpxdata:hr>182</gpxdata:hr>
     <gpxdata:distance>373.00</gpxdata:distance>
     <gpxdata:cadence>98</gpxdata:cadence>
     <gpxdata:speed>4.275</gpxdata:speed>
    </extensions>
   </trkpt>
   <trkpt lat="25.1923547" lon="121.6850885">
    <ele>18</ele>
    <time>2026-03-14T22:51:36Z</time>
    <extensions>
     <gpxdata:hr>182</gpxdata:hr>
     <gpxdata:distance>377.00</gpxdata:distance>
     <gpxdata:cadence>97</gpxdata:cadence>
     <gpxdata:speed>4.269</gpxdata:speed>
    </extensions>
   </trkpt>
   <trkpt lat="25.1923723" lon="121.6851247">
    <ele>18</ele>
    <time>2026-03-14T22:51:37Z</time>
    <extensions>
     <gpxdata:hr>182</gpxdata:hr>
     <gpxdata:distance>381.00</gpxdata:distance>
     <gpxdata:cadence>97</gpxdata:cadence>
     <gpxdata:speed>4.267</gpxdata:speed>
    </extensions>
   </trkpt>
   <trkpt lat="25.1923913" lon="121.6851597">
    <ele>18</ele>
    <time>2026-03-14T22:51:38Z</time>
    <extensions>
     <gpxdata:hr>182</gpxdata:hr>
     <gpxdata:distance>385.50</gpxdata:distance>
     <gpxdata:cadence>97</gpxdata:cadence>
     <gpxdata:speed>4.261</gpxdata:speed>
    </extensions>
   </trkpt>
   <trkpt lat="25.1924103" lon="121.6851947">
    <ele>18</ele>
    <time>2026-03-14T22:51:39Z</time>
    <extensions>
     <gpxdata:hr>181</gpxdata:hr>
     <gpxdata:distance>390.00</gpxdata:distance>
     <gpxdata:cadence>98</gpxdata:cadence>
     <gpxdata:speed>4.258</gpxdata:speed>
    </extensions>
   </trkpt>
   <trkpt lat="25.1924323" lon="121.6852281">
    <ele>18</ele>
    <time>2026-03-14T22:51:40Z</time>
    <extensions>
     <gpxdata:hr>182</gpxdata:hr>
     <gpxdata:distance>394.00</gpxdata:distance>
     <gpxdata:cadence>97</gpxdata:cadence>
     <gpxdata:speed>4.256</gpxdata:speed>
    </extensions>
   </trkpt>
   <trkpt lat="25.1924544" lon="121.6852616">
    <ele>18</ele>
    <time>2026-03-14T22:51:41Z</time>
    <extensions>
     <gpxdata:hr>182</gpxdata:hr>
     <gpxdata:distance>398.00</gpxdata:distance>
     <gpxdata:cadence>97</gpxdata:cadence>
     <gpxdata:speed>4.253</gpxdata:speed>
    </extensions>
   </trkpt>
   <trkpt lat="25.1924796" lon="121.6852930">
    <ele>18</ele>
    <time>2026-03-14T22:51:42Z</time>
    <extensions>
     <gpxdata:hr>182</gpxdata:hr>
     <gpxdata:distance>402.50</gpxdata:distance>
     <gpxdata:cadence>97</gpxdata:cadence>
     <gpxdata:speed>4.250</gpxdata:speed>
    </extensions>
   </trkpt>
   <trkpt lat="25.1925049" lon="121.6853244">
    <ele>18</ele>
    <time>2026-03-14T22:51:43Z</time>
    <extensions>
     <gpxdata:hr>182</gpxdata:hr>
     <gpxdata:distance>407.00</gpxdata:distance>
     <gpxdata:cadence>97</gpxdata:cadence>
     <gpxdata:speed>4.247</gpxdata:speed>
    </extensions>
   </trkpt>
   <trkpt lat="25.1925329" lon="121.6853536">
    <ele>18</ele>
    <time>2026-03-14T22:51:44Z</time>
    <extensions>
     <gpxdata:hr>182</gpxdata:hr>
     <gpxdata:distance>411.00</gpxdata:distance>
     <gpxdata:cadence>97</gpxdata:cadence>
     <gpxdata:speed>4.239</gpxdata:speed>
    </extensions>
   </trkpt>
   <trkpt lat="25.1925610" lon="121.6853828">
    <ele>19</ele>
    <time>2026-03-14T22:51:45Z</time>
    <extensions>
     <gpxdata:hr>183</gpxdata:hr>
     <gpxdata:distance>415.00</gpxdata:distance>
     <gpxdata:cadence>97</gpxdata:cadence>
     <gpxdata:speed>4.231</gpxdata:speed>
    </extensions>
   </trkpt>
   <trkpt lat="25.1925918" lon="121.6854097">
    <ele>19</ele>
    <time>2026-03-14T22:51:46Z</time>
    <extensions>
     <gpxdata:hr>182</gpxdata:hr>
     <gpxdata:distance>419.50</gpxdata:distance>
     <gpxdata:cadence>97</gpxdata:cadence>
     <gpxdata:speed>4.219</gpxdata:speed>
    </extensions>
   </trkpt>
   <trkpt lat="25.1926226" lon="121.6854366">
    <ele>19</ele>
    <time>2026-03-14T22:51:47Z</time>
    <extensions>
     <gpxdata:hr>182</gpxdata:hr>
     <gpxdata:distance>424.00</gpxdata:distance>
     <gpxdata:cadence>97</gpxdata:cadence>
     <gpxdata:speed>4.211</gpxdata:speed>
    </extensions>
   </trkpt>
   <trkpt lat="25.1926556" lon="121.6854602">
    <ele>19</ele>
    <time>2026-03-14T22:51:48Z</time>
    <extensions>
     <gpxdata:hr>182</gpxdata:hr>
     <gpxdata:distance>428.50</gpxdata:distance>
     <gpxdata:cadence>97</gpxdata:cadence>
     <gpxdata:speed>4.206</gpxdata:speed>
    </extensions>
   </trkpt>
   <trkpt lat="25.1926886" lon="121.6854839">
    <ele>19</ele>
    <time>2026-03-14T22:51:49Z</time>
    <extensions>
     <gpxdata:hr>182</gpxdata:hr>
     <gpxdata:distance>433.00</gpxdata:distance>
     <gpxdata:cadence>97</gpxdata:cadence>
     <gpxdata:speed>4.203</gpxdata:speed>
    </extensions>
   </trkpt>
   <trkpt lat="25.1927231" lon="121.6855029">
    <ele>19</ele>
    <time>2026-03-14T22:51:50Z</time>
    <extensions>
     <gpxdata:hr>182</gpxdata:hr>
     <gpxdata:distance>437.00</gpxdata:distance>
     <gpxdata:cadence>96</gpxdata:cadence>
     <gpxdata:speed>4.203</gpxdata:speed>
    </extensions>
   </trkpt>
   <trkpt lat="25.1927577" lon="121.6855219">
    <ele>19</ele>
    <time>2026-03-14T22:51:51Z</time>
    <extensions>
     <gpxdata:hr>182</gpxdata:hr>
     <gpxdata:distance>441.00</gpxdata:distance>
     <gpxdata:cadence>96</gpxdata:cadence>
     <gpxdata:speed>4.206</gpxdata:speed>
    </extensions>
   </trkpt>
   <trkpt lat="25.1927931" lon="121.6855366">
    <ele>19</ele>
    <time>2026-03-14T22:51:52Z</time>
    <extensions>
     <gpxdata:hr>182</gpxdata:hr>
     <gpxdata:distance>445.50</gpxdata:distance>
     <gpxdata:cadence>96</gpxdata:cadence>
     <gpxdata:speed>4.206</gpxdata:speed>
    </extensions>
   </trkpt>
   <trkpt lat="25.1928285" lon="121.6855513">
    <ele>19</ele>
    <time>2026-03-14T22:51:53Z</time>
    <extensions>
     <gpxdata:hr>182</gpxdata:hr>
     <gpxdata:distance>450.00</gpxdata:distance>
     <gpxdata:cadence>96</gpxdata:cadence>
     <gpxdata:speed>4.208</gpxdata:speed>
    </extensions>
   </trkpt>
   <trkpt lat="25.1928650" lon="121.6855618">
    <ele>19</ele>
    <time>2026-03-14T22:51:54Z</time>
    <extensions>
     <gpxdata:hr>183</gpxdata:hr>
     <gpxdata:distance>454.00</gpxdata:distance>
     <gpxdata:cadence>96</gpxdata:cadence>
     <gpxdata:speed>4.208</gpxdata:speed>
    </extensions>
   </trkpt>
   <trkpt lat="25.1929016" lon="121.6855723">
    <ele>19</ele>
    <time>2026-03-14T22:51:55Z</time>
    <extensions>
     <gpxdata:hr>183</gpxdata:hr>
     <gpxdata:distance>458.00</gpxdata:distance>
     <gpxdata:cadence>96</gpxdata:cadence>
     <gpxdata:speed>4.208</gpxdata:speed>
    </extensions>
   </trkpt>
   <trkpt lat="25.1929391" lon="121.6855791">
    <ele>19</ele>
    <time>2026-03-14T22:51:56Z</time>
    <extensions>
     <gpxdata:hr>183</gpxdata:hr>
     <gpxdata:distance>462.50</gpxdata:distance>
     <gpxdata:cadence>96</gpxdata:cadence>
     <gpxdata:speed>4.208</gpxdata:speed>
    </extensions>
   </trkpt>
   <trkpt lat="25.1929767" lon="121.6855859">
    <ele>19</ele>
    <time>2026-03-14T22:51:57Z</time>
    <extensions>
     <gpxdata:hr>183</gpxdata:hr>
     <gpxdata:distance>467.00</gpxdata:distance>
     <gpxdata:cadence>96</gpxdata:cadence>
     <gpxdata:speed>4.208</gpxdata:speed>
    </extensions>
   </trkpt>
   <trkpt lat="25.1930142" lon="121.6855904">
    <ele>19</ele>
    <time>2026-03-14T22:51:58Z</time>
    <extensions>
     <gpxdata:hr>183</gpxdata:hr>
     <gpxdata:distance>471.00</gpxdata:distance>
     <gpxdata:cadence>96</gpxdata:cadence>
     <gpxdata:speed>4.206</gpxdata:speed>
    </extensions>
   </trkpt>
   <trkpt lat="25.1930517" lon="121.6855950">
    <ele>19</ele>
    <time>2026-03-14T22:51:59Z</time>
    <extensions>
     <gpxdata:hr>183</gpxdata:hr>
     <gpxdata:distance>475.00</gpxdata:distance>
     <gpxdata:cadence>96</gpxdata:cadence>
     <gpxdata:speed>4.206</gpxdata:speed>
    </extensions>
   </trkpt>
   <trkpt lat="25.1930882" lon="121.6855994">
    <ele>19</ele>
    <time>2026-03-14T22:52:00Z</time>
    <extensions>
     <gpxdata:hr>183</gpxdata:hr>
     <gpxdata:distance>479.00</gpxdata:distance>
     <gpxdata:cadence>96</gpxdata:cadence>
     <gpxdata:speed>4.203</gpxdata:speed>
    </extensions>
   </trkpt>
   <trkpt lat="25.1931247" lon="121.6856038">
    <ele>18</ele>
    <time>2026-03-14T22:52:01Z</time>
    <extensions>
     <gpxdata:hr>183</gpxdata:hr>
     <gpxdata:distance>483.00</gpxdata:distance>
     <gpxdata:cadence>96</gpxdata:cadence>
     <gpxdata:speed>4.203</gpxdata:speed>
    </extensions>
   </trkpt>
   <trkpt lat="25.1931603" lon="121.6856082">
    <ele>18</ele>
    <time>2026-03-14T22:52:02Z</time>
    <extensions>
     <gpxdata:hr>183</gpxdata:hr>
     <gpxdata:distance>487.00</gpxdata:distance>
     <gpxdata:cadence>96</gpxdata:cadence>
     <gpxdata:speed>4.197</gpxdata:speed>
    </extensions>
   </trkpt>
   <trkpt lat="25.1931959" lon="121.6856127">
    <ele>18</ele>
    <time>2026-03-14T22:52:03Z</time>
    <extensions>
     <gpxdata:hr>183</gpxdata:hr>
     <gpxdata:distance>491.00</gpxdata:distance>
     <gpxdata:cadence>96</gpxdata:cadence>
     <gpxdata:speed>4.194</gpxdata:speed>
    </extensions>
   </trkpt>
   <trkpt lat="25.1932308" lon="121.6856165">
    <ele>18</ele>
    <time>2026-03-14T22:52:04Z</time>
    <extensions>
     <gpxdata:hr>183</gpxdata:hr>
     <gpxdata:distance>494.50</gpxdata:distance>
     <gpxdata:cadence>96</gpxdata:cadence>
     <gpxdata:speed>4.181</gpxdata:speed>
    </extensions>
   </trkpt>
   <trkpt lat="25.1932658" lon="121.6856204">
    <ele>18</ele>
    <time>2026-03-14T22:52:05Z</time>
    <extensions>
     <gpxdata:hr>183</gpxdata:hr>
     <gpxdata:distance>498.00</gpxdata:distance>
     <gpxdata:cadence>96</gpxdata:cadence>
     <gpxdata:speed>4.167</gpxdata:speed>
    </extensions>
   </trkpt>
   <trkpt lat="25.1932999" lon="121.6856236">
    <ele>18</ele>
    <time>2026-03-14T22:52:06Z</time>
    <extensions>
     <gpxdata:hr>183</gpxdata:hr>
     <gpxdata:distance>502.00</gpxdata:distance>
     <gpxdata:cadence>96</gpxdata:cadence>
     <gpxdata:speed>4.158</gpxdata:speed>
    </extensions>
   </trkpt>
   <trkpt lat="25.1933341" lon="121.6856269">
    <ele>18</ele>
    <time>2026-03-14T22:52:07Z</time>
    <extensions>
     <gpxdata:hr>183</gpxdata:hr>
     <gpxdata:distance>506.00</gpxdata:distance>
     <gpxdata:cadence>96</gpxdata:cadence>
     <gpxdata:speed>4.153</gpxdata:speed>
    </extensions>
   </trkpt>
   <trkpt lat="25.1933666" lon="121.6856301">
    <ele>18</ele>
    <time>2026-03-14T22:52:08Z</time>
    <extensions>
     <gpxdata:hr>183</gpxdata:hr>
     <gpxdata:distance>509.00</gpxdata:distance>
     <gpxdata:cadence>96</gpxdata:cadence>
     <gpxdata:speed>4.144</gpxdata:speed>
    </extensions>
   </trkpt>
   <trkpt lat="25.1933992" lon="121.6856334">
    <ele>18</ele>
    <time>2026-03-14T22:52:09Z</time>
    <extensions>
     <gpxdata:hr>183</gpxdata:hr>
     <gpxdata:distance>512.00</gpxdata:distance>
     <gpxdata:cadence>96</gpxdata:cadence>
     <gpxdata:speed>4.136</gpxdata:speed>
    </extensions>
   </trkpt>
   <trkpt lat="25.1934300" lon="121.6856378">
    <ele>18</ele>
    <time>2026-03-14T22:52:10Z</time>
    <extensions>
     <gpxdata:hr>183</gpxdata:hr>
     <gpxdata:distance>515.50</gpxdata:distance>
     <gpxdata:cadence>95</gpxdata:cadence>
     <gpxdata:speed>4.117</gpxdata:speed>
    </extensions>
   </trkpt>
   <trkpt lat="25.1934608" lon="121.6856422">
    <ele>18</ele>
    <time>2026-03-14T22:52:11Z</time>
    <extensions>
     <gpxdata:hr>183</gpxdata:hr>
     <gpxdata:distance>519.00</gpxdata:distance>
     <gpxdata:cadence>95</gpxdata:cadence>
     <gpxdata:speed>4.097</gpxdata:speed>
    </extensions>
   </trkpt>
   <trkpt lat="25.1934909" lon="121.6856473">
    <ele>18</ele>
    <time>2026-03-14T22:52:12Z</time>
    <extensions>
     <gpxdata:hr>183</gpxdata:hr>
     <gpxdata:distance>522.50</gpxdata:distance>
     <gpxdata:cadence>95</gpxdata:cadence>
     <gpxdata:speed>4.083</gpxdata:speed>
    </extensions>
   </trkpt>
   <trkpt lat="25.1935211" lon="121.6856524">
    <ele>18</ele>
    <time>2026-03-14T22:52:13Z</time>
    <extensions>
     <gpxdata:hr>183</gpxdata:hr>
     <gpxdata:distance>526.00</gpxdata:distance>
     <gpxdata:cadence>95</gpxdata:cadence>
     <gpxdata:speed>4.069</gpxdata:speed>
    </extensions>
   </trkpt>
   <trkpt lat="25.1935513" lon="121.6856587">
    <ele>18</ele>
    <time>2026-03-14T22:52:14Z</time>
    <extensions>
     <gpxdata:hr>183</gpxdata:hr>
     <gpxdata:distance>529.50</gpxdata:distance>
     <gpxdata:cadence>95</gpxdata:cadence>
     <gpxdata:speed>4.058</gpxdata:speed>
    </extensions>
   </trkpt>
   <trkpt lat="25.1935816" lon="121.6856651">
    <ele>18</ele>
    <time>2026-03-14T22:52:15Z</time>
    <extensions>
     <gpxdata:hr>183</gpxdata:hr>
     <gpxdata:distance>533.00</gpxdata:distance>
     <gpxdata:cadence>96</gpxdata:cadence>
     <gpxdata:speed>4.047</gpxdata:speed>
    </extensions>
   </trkpt>
   <trkpt lat="25.1936124" lon="121.6856737">
    <ele>18</ele>
    <time>2026-03-14T22:52:16Z</time>
    <extensions>
     <gpxdata:hr>183</gpxdata:hr>
     <gpxdata:distance>537.00</gpxdata:distance>
     <gpxdata:cadence>96</gpxdata:cadence>
     <gpxdata:speed>4.036</gpxdata:speed>
    </extensions>
   </trkpt>
   <trkpt lat="25.1936432" lon="121.6856824">
    <ele>18</ele>
    <time>2026-03-14T22:52:17Z</time>
    <extensions>
     <gpxdata:hr>184</gpxdata:hr>
     <gpxdata:distance>541.00</gpxdata:distance>
     <gpxdata:cadence>96</gpxdata:cadence>
     <gpxdata:speed>4.025</gpxdata:speed>
    </extensions>
   </trkpt>
   <trkpt lat="25.1936743" lon="121.6856959">
    <ele>18</ele>
    <time>2026-03-14T22:52:18Z</time>
    <extensions>
     <gpxdata:hr>184</gpxdata:hr>
     <gpxdata:distance>544.50</gpxdata:distance>
     <gpxdata:cadence>96</gpxdata:cadence>
     <gpxdata:speed>4.017</gpxdata:speed>
    </extensions>
   </trkpt>
   <trkpt lat="25.1937054" lon="121.6857094">
    <ele>18</ele>
    <time>2026-03-14T22:52:19Z</time>
    <extensions>
     <gpxdata:hr>184</gpxdata:hr>
     <gpxdata:distance>548.00</gpxdata:distance>
     <gpxdata:cadence>96</gpxdata:cadence>
     <gpxdata:speed>4.011</gpxdata:speed>
    </extensions>
   </trkpt>
   <trkpt lat="25.1937360" lon="121.6857269">
    <ele>18</ele>
    <time>2026-03-14T22:52:20Z</time>
    <extensions>
     <gpxdata:hr>184</gpxdata:hr>
     <gpxdata:distance>552.00</gpxdata:distance>
     <gpxdata:cadence>96</gpxdata:cadence>
     <gpxdata:speed>4.008</gpxdata:speed>
    </extensions>
   </trkpt>
   <trkpt lat="25.1937666" lon="121.6857444">
    <ele>18</ele>
    <time>2026-03-14T22:52:21Z</time>
    <extensions>
     <gpxdata:hr>184</gpxdata:hr>
     <gpxdata:distance>556.00</gpxdata:distance>
     <gpxdata:cadence>97</gpxdata:cadence>
     <gpxdata:speed>4.006</gpxdata:speed>
    </extensions>
   </trkpt>
   <trkpt lat="25.1937954" lon="121.6857659">
    <ele>18</ele>
    <time>2026-03-14T22:52:22Z</time>
    <extensions>
     <gpxdata:hr>183</gpxdata:hr>
     <gpxdata:distance>560.00</gpxdata:distance>
     <gpxdata:cadence>96</gpxdata:cadence>
     <gpxdata:speed>4.003</gpxdata:speed>
    </extensions>
   </trkpt>
   <trkpt lat="25.1938243" lon="121.6857875">
    <ele>18</ele>
    <time>2026-03-14T22:52:23Z</time>
    <extensions>
     <gpxdata:hr>183</gpxdata:hr>
     <gpxdata:distance>564.00</gpxdata:distance>
     <gpxdata:cadence>95</gpxdata:cadence>
     <gpxdata:speed>4.003</gpxdata:speed>
    </extensions>
   </trkpt>
   <trkpt lat="25.1938496" lon="121.6858143">
    <ele>18</ele>
    <time>2026-03-14T22:52:24Z</time>
    <extensions>
     <gpxdata:hr>183</gpxdata:hr>
     <gpxdata:distance>568.00</gpxdata:distance>
     <gpxdata:cadence>95</gpxdata:cadence>
     <gpxdata:speed>3.992</gpxdata:speed>
    </extensions>
   </trkpt>
   <trkpt lat="25.1938750" lon="121.6858412">
    <ele>19</ele>
    <time>2026-03-14T22:52:25Z</time>
    <extensions>
     <gpxdata:hr>184</gpxdata:hr>
     <gpxdata:distance>572.00</gpxdata:distance>
     <gpxdata:cadence>94</gpxdata:cadence>
     <gpxdata:speed>3.983</gpxdata:speed>
    </extensions>
   </trkpt>
   <trkpt lat="25.1938960" lon="121.6858731">
    <ele>19</ele>
    <time>2026-03-14T22:52:26Z</time>
    <extensions>
     <gpxdata:hr>184</gpxdata:hr>
     <gpxdata:distance>576.00</gpxdata:distance>
     <gpxdata:cadence>94</gpxdata:cadence>
     <gpxdata:speed>3.969</gpxdata:speed>
    </extensions>
   </trkpt>
   <trkpt lat="25.1939171" lon="121.6859051">
    <ele>19</ele>
    <time>2026-03-14T22:52:27Z</time>
    <extensions>
     <gpxdata:hr>184</gpxdata:hr>
     <gpxdata:distance>580.00</gpxdata:distance>
     <gpxdata:cadence>94</gpxdata:cadence>
     <gpxdata:speed>3.956</gpxdata:speed>
    </extensions>
   </trkpt>
   <trkpt lat="25.1939340" lon="121.6859407">
    <ele>19</ele>
    <time>2026-03-14T22:52:28Z</time>
    <extensions>
     <gpxdata:hr>183</gpxdata:hr>
     <gpxdata:distance>584.00</gpxdata:distance>
     <gpxdata:cadence>95</gpxdata:cadence>
     <gpxdata:speed>3.961</gpxdata:speed>
    </extensions>
   </trkpt>
   <trkpt lat="25.1939510" lon="121.6859764">
    <ele>19</ele>
    <time>2026-03-14T22:52:29Z</time>
    <extensions>
     <gpxdata:hr>183</gpxdata:hr>
     <gpxdata:distance>588.00</gpxdata:distance>
     <gpxdata:cadence>95</gpxdata:cadence>
     <gpxdata:speed>3.967</gpxdata:speed>
    </extensions>
   </trkpt>
   <trkpt lat="25.1939647" lon="121.6860132">
    <ele>19</ele>
    <time>2026-03-14T22:52:30Z</time>
    <extensions>
     <gpxdata:hr>183</gpxdata:hr>
     <gpxdata:distance>592.00</gpxdata:distance>
     <gpxdata:cadence>96</gpxdata:cadence>
     <gpxdata:speed>3.972</gpxdata:speed>
    </extensions>
   </trkpt>
   <trkpt lat="25.1939785" lon="121.6860500">
    <ele>19</ele>
    <time>2026-03-14T22:52:31Z</time>
    <extensions>
     <gpxdata:hr>183</gpxdata:hr>
     <gpxdata:distance>596.00</gpxdata:distance>
     <gpxdata:cadence>96</gpxdata:cadence>
     <gpxdata:speed>3.978</gpxdata:speed>
    </extensions>
   </trkpt>
   <trkpt lat="25.1939904" lon="121.6860870">
    <ele>19</ele>
    <time>2026-03-14T22:52:32Z</time>
    <extensions>
     <gpxdata:hr>183</gpxdata:hr>
     <gpxdata:distance>600.00</gpxdata:distance>
     <gpxdata:cadence>96</gpxdata:cadence>
     <gpxdata:speed>3.978</gpxdata:speed>
    </extensions>
   </trkpt>
   <trkpt lat="25.1940023" lon="121.6861241">
    <ele>19</ele>
    <time>2026-03-14T22:52:33Z</time>
    <extensions>
     <gpxdata:hr>183</gpxdata:hr>
     <gpxdata:distance>604.00</gpxdata:distance>
     <gpxdata:cadence>96</gpxdata:cadence>
     <gpxdata:speed>3.981</gpxdata:speed>
    </extensions>
   </trkpt>
   <trkpt lat="25.1940152" lon="121.6861608">
    <ele>19</ele>
    <time>2026-03-14T22:52:34Z</time>
    <extensions>
     <gpxdata:hr>183</gpxdata:hr>
     <gpxdata:distance>608.00</gpxdata:distance>
     <gpxdata:cadence>96</gpxdata:cadence>
     <gpxdata:speed>3.981</gpxdata:speed>
    </extensions>
   </trkpt>
   <trkpt lat="25.1940282" lon="121.6861975">
    <ele>20</ele>
    <time>2026-03-14T22:52:35Z</time>
    <extensions>
     <gpxdata:hr>183</gpxdata:hr>
     <gpxdata:distance>612.00</gpxdata:distance>
     <gpxdata:cadence>96</gpxdata:cadence>
     <gpxdata:speed>3.981</gpxdata:speed>
    </extensions>
   </trkpt>
   <trkpt lat="25.1940474" lon="121.6862301">
    <ele>20</ele>
    <time>2026-03-14T22:52:36Z</time>
    <extensions>
     <gpxdata:hr>183</gpxdata:hr>
     <gpxdata:distance>616.00</gpxdata:distance>
     <gpxdata:cadence>96</gpxdata:cadence>
     <gpxdata:speed>3.981</gpxdata:speed>
    </extensions>
   </trkpt>
   <trkpt lat="25.1940667" lon="121.6862628">
    <ele>20</ele>
    <time>2026-03-14T22:52:37Z</time>
    <extensions>
     <gpxdata:hr>184</gpxdata:hr>
     <gpxdata:distance>620.00</gpxdata:distance>
     <gpxdata:cadence>96</gpxdata:cadence>
     <gpxdata:speed>3.981</gpxdata:speed>
    </extensions>
   </trkpt>
   <trkpt lat="25.1940891" lon="121.6862940">
    <ele>20</ele>
    <time>2026-03-14T22:52:38Z</time>
    <extensions>
     <gpxdata:hr>184</gpxdata:hr>
     <gpxdata:distance>624.00</gpxdata:distance>
     <gpxdata:cadence>96</gpxdata:cadence>
     <gpxdata:speed>3.981</gpxdata:speed>
    </extensions>
   </trkpt>
   <trkpt lat="25.1941116" lon="121.6863252">
    <ele>20</ele>
    <time>2026-03-14T22:52:39Z</time>
    <extensions>
     <gpxdata:hr>184</gpxdata:hr>
     <gpxdata:distance>628.00</gpxdata:distance>
     <gpxdata:cadence>96</gpxdata:cadence>
     <gpxdata:speed>3.983</gpxdata:speed>
    </extensions>
   </trkpt>
   <trkpt lat="25.1941346" lon="121.6863567">
    <ele>20</ele>
    <time>2026-03-14T22:52:40Z</time>
    <extensions>
     <gpxdata:hr>184</gpxdata:hr>
     <gpxdata:distance>632.00</gpxdata:distance>
     <gpxdata:cadence>96</gpxdata:cadence>
     <gpxdata:speed>3.986</gpxdata:speed>
    </extensions>
   </trkpt>
   <trkpt lat="25.1941576" lon="121.6863883">
    <ele>20</ele>
    <time>2026-03-14T22:52:41Z</time>
    <extensions>
     <gpxdata:hr>184</gpxdata:hr>
     <gpxdata:distance>636.00</gpxdata:distance>
     <gpxdata:cadence>96</gpxdata:cadence>
     <gpxdata:speed>3.992</gpxdata:speed>
    </extensions>
   </trkpt>
   <trkpt lat="25.1941814" lon="121.6864207">
    <ele>20</ele>
    <time>2026-03-14T22:52:42Z</time>
    <extensions>
     <gpxdata:hr>184</gpxdata:hr>
     <gpxdata:distance>640.50</gpxdata:distance>
     <gpxdata:cadence>96</gpxdata:cadence>
     <gpxdata:speed>3.997</gpxdata:speed>
    </extensions>
   </trkpt>
   <trkpt lat="25.1942053" lon="121.6864531">
    <ele>20</ele>
    <time>2026-03-14T22:52:43Z</time>
    <extensions>
     <gpxdata:hr>184</gpxdata:hr>
     <gpxdata:distance>645.00</gpxdata:distance>
     <gpxdata:cadence>96</gpxdata:cadence>
     <gpxdata:speed>4.003</gpxdata:speed>
    </extensions>
   </trkpt>
   <trkpt lat="25.1942326" lon="121.6864840">
    <ele>20</ele>
    <time>2026-03-14T22:52:44Z</time>
    <extensions>
     <gpxdata:hr>184</gpxdata:hr>
     <gpxdata:distance>649.50</gpxdata:distance>
     <gpxdata:cadence>96</gpxdata:cadence>
     <gpxdata:speed>4.011</gpxdata:speed>
    </extensions>
   </trkpt>
   <trkpt lat="25.1942599" lon="121.6865149">
    <ele>20</ele>
    <time>2026-03-14T22:52:45Z</time>
    <extensions>
     <gpxdata:hr>183</gpxdata:hr>
     <gpxdata:distance>654.00</gpxdata:distance>
     <gpxdata:cadence>96</gpxdata:cadence>
     <gpxdata:speed>4.022</gpxdata:speed>
    </extensions>
   </trkpt>
   <trkpt lat="25.1942920" lon="121.6865416">
    <ele>19</ele>
    <time>2026-03-14T22:52:46Z</time>
    <extensions>
     <gpxdata:hr>183</gpxdata:hr>
     <gpxdata:distance>658.50</gpxdata:distance>
     <gpxdata:cadence>96</gpxdata:cadence>
     <gpxdata:speed>4.044</gpxdata:speed>
    </extensions>
   </trkpt>
   <trkpt lat="25.1943241" lon="121.6865684">
    <ele>19</ele>
    <time>2026-03-14T22:52:47Z</time>
    <extensions>
     <gpxdata:hr>184</gpxdata:hr>
     <gpxdata:distance>663.00</gpxdata:distance>
     <gpxdata:cadence>97</gpxdata:cadence>
     <gpxdata:speed>4.069</gpxdata:speed>
    </extensions>
   </trkpt>
   <trkpt lat="25.1943602" lon="121.6865909">
    <ele>19</ele>
    <time>2026-03-14T22:52:48Z</time>
    <extensions>
     <gpxdata:hr>184</gpxdata:hr>
     <gpxdata:distance>668.00</gpxdata:distance>
     <gpxdata:cadence>97</gpxdata:cadence>
     <gpxdata:speed>4.100</gpxdata:speed>
    </extensions>
   </trkpt>
   <trkpt lat="25.1943964" lon="121.6866135">
    <ele>19</ele>
    <time>2026-03-14T22:52:49Z</time>
    <extensions>
     <gpxdata:hr>184</gpxdata:hr>
     <gpxdata:distance>673.00</gpxdata:distance>
     <gpxdata:cadence>97</gpxdata:cadence>
     <gpxdata:speed>4.133</gpxdata:speed>
    </extensions>
   </trkpt>
   <trkpt lat="25.1944346" lon="121.6866329">
    <ele>19</ele>
    <time>2026-03-14T22:52:50Z</time>
    <extensions>
     <gpxdata:hr>184</gpxdata:hr>
     <gpxdata:distance>677.50</gpxdata:distance>
     <gpxdata:cadence>97</gpxdata:cadence>
     <gpxdata:speed>4.167</gpxdata:speed>
    </extensions>
   </trkpt>
   <trkpt lat="25.1944728" lon="121.6866524">
    <ele>19</ele>
    <time>2026-03-14T22:52:51Z</time>
    <extensions>
     <gpxdata:hr>184</gpxdata:hr>
     <gpxdata:distance>682.00</gpxdata:distance>
     <gpxdata:cadence>97</gpxdata:cadence>
     <gpxdata:speed>4.200</gpxdata:speed>
    </extensions>
   </trkpt>
   <trkpt lat="25.1945108" lon="121.6866708">
    <ele>19</ele>
    <time>2026-03-14T22:52:52Z</time>
    <extensions>
     <gpxdata:hr>184</gpxdata:hr>
     <gpxdata:distance>686.50</gpxdata:distance>
     <gpxdata:cadence>97</gpxdata:cadence>
     <gpxdata:speed>4.231</gpxdata:speed>
    </extensions>
   </trkpt>
   <trkpt lat="25.1945489" lon="121.6866892">
    <ele>19</ele>
    <time>2026-03-14T22:52:53Z</time>
    <extensions>
     <gpxdata:hr>184</gpxdata:hr>
     <gpxdata:distance>691.00</gpxdata:distance>
     <gpxdata:cadence>96</gpxdata:cadence>
     <gpxdata:speed>4.264</gpxdata:speed>
    </extensions>
   </trkpt>
   <trkpt lat="25.1945860" lon="121.6867086">
    <ele>19</ele>
    <time>2026-03-14T22:52:54Z</time>
    <extensions>
     <gpxdata:hr>184</gpxdata:hr>
     <gpxdata:distance>695.50</gpxdata:distance>
     <gpxdata:cadence>96</gpxdata:cadence>
     <gpxdata:speed>4.286</gpxdata:speed>
    </extensions>
   </trkpt>
   <trkpt lat="25.1946231" lon="121.6867280">
    <ele>19</ele>
    <time>2026-03-14T22:52:55Z</time>
    <extensions>
     <gpxdata:hr>184</gpxdata:hr>
     <gpxdata:distance>700.00</gpxdata:distance>
     <gpxdata:cadence>96</gpxdata:cadence>
     <gpxdata:speed>4.308</gpxdata:speed>
    </extensions>
   </trkpt>
   <trkpt lat="25.1946583" lon="121.6867494">
    <ele>18</ele>
    <time>2026-03-14T22:52:56Z</time>
    <extensions>
     <gpxdata:hr>184</gpxdata:hr>
     <gpxdata:distance>704.00</gpxdata:distance>
     <gpxdata:cadence>95</gpxdata:cadence>
     <gpxdata:speed>4.319</gpxdata:speed>
    </extensions>
   </trkpt>
   <trkpt lat="25.1946936" lon="121.6867708">
    <ele>18</ele>
    <time>2026-03-14T22:52:57Z</time>
    <extensions>
     <gpxdata:hr>184</gpxdata:hr>
     <gpxdata:distance>708.00</gpxdata:distance>
     <gpxdata:cadence>95</gpxdata:cadence>
     <gpxdata:speed>4.333</gpxdata:speed>
    </extensions>
   </trkpt>
   <trkpt lat="25.1947271" lon="121.6867926">
    <ele>18</ele>
    <time>2026-03-14T22:52:58Z</time>
    <extensions>
     <gpxdata:hr>184</gpxdata:hr>
     <gpxdata:distance>712.50</gpxdata:distance>
     <gpxdata:cadence>95</gpxdata:cadence>
     <gpxdata:speed>4.336</gpxdata:speed>
    </extensions>
   </trkpt>
   <trkpt lat="25.1947606" lon="121.6868145">
    <ele>18</ele>
    <time>2026-03-14T22:52:59Z</time>
    <extensions>
     <gpxdata:hr>184</gpxdata:hr>
     <gpxdata:distance>717.00</gpxdata:distance>
     <gpxdata:cadence>95</gpxdata:cadence>
     <gpxdata:speed>4.342</gpxdata:speed>
    </extensions>
   </trkpt>
   <trkpt lat="25.1947926" lon="121.6868364">
    <ele>18</ele>
    <time>2026-03-14T22:53:00Z</time>
    <extensions>
     <gpxdata:hr>184</gpxdata:hr>
     <gpxdata:distance>721.00</gpxdata:distance>
     <gpxdata:cadence>95</gpxdata:cadence>
     <gpxdata:speed>4.369</gpxdata:speed>
    </extensions>
   </trkpt>
   <trkpt lat="25.1948246" lon="121.6868583">
    <ele>17</ele>
    <time>2026-03-14T22:53:01Z</time>
    <extensions>
     <gpxdata:hr>184</gpxdata:hr>
     <gpxdata:distance>725.00</gpxdata:distance>
     <gpxdata:cadence>95</gpxdata:cadence>
     <gpxdata:speed>4.397</gpxdata:speed>
    </extensions>
   </trkpt>
   <trkpt lat="25.1948556" lon="121.6868801">
    <ele>17</ele>
    <time>2026-03-14T22:53:02Z</time>
    <extensions>
     <gpxdata:hr>184</gpxdata:hr>
     <gpxdata:distance>729.00</gpxdata:distance>
     <gpxdata:cadence>94</gpxdata:cadence>
     <gpxdata:speed>4.400</gpxdata:speed>
    </extensions>
   </trkpt>
   <trkpt lat="25.1948867" lon="121.6869020">
    <ele>16</ele>
    <time>2026-03-14T22:53:03Z</time>
    <extensions>
     <gpxdata:hr>184</gpxdata:hr>
     <gpxdata:distance>733.00</gpxdata:distance>
     <gpxdata:cadence>94</gpxdata:cadence>
     <gpxdata:speed>4.406</gpxdata:speed>
    </extensions>
   </trkpt>
   <trkpt lat="25.1949168" lon="121.6869244">
    <ele>16</ele>
    <time>2026-03-14T22:53:04Z</time>
    <extensions>
     <gpxdata:hr>184</gpxdata:hr>
     <gpxdata:distance>737.00</gpxdata:distance>
     <gpxdata:cadence>94</gpxdata:cadence>
     <gpxdata:speed>4.389</gpxdata:speed>
    </extensions>
   </trkpt>
   <trkpt lat="25.1949469" lon="121.6869469">
    <ele>16</ele>
    <time>2026-03-14T22:53:05Z</time>
    <extensions>
     <gpxdata:hr>184</gpxdata:hr>
     <gpxdata:distance>741.00</gpxdata:distance>
     <gpxdata:cadence>94</gpxdata:cadence>
     <gpxdata:speed>4.375</gpxdata:speed>
    </extensions>
   </trkpt>
   <trkpt lat="25.1949756" lon="121.6869698">
    <ele>15</ele>
    <time>2026-03-14T22:53:06Z</time>
    <extensions>
     <gpxdata:hr>184</gpxdata:hr>
     <gpxdata:distance>745.00</gpxdata:distance>
     <gpxdata:cadence>94</gpxdata:cadence>
     <gpxdata:speed>4.361</gpxdata:speed>
    </extensions>
   </trkpt>
   <trkpt lat="25.1950043" lon="121.6869927">
    <ele>15</ele>
    <time>2026-03-14T22:53:07Z</time>
    <extensions>
     <gpxdata:hr>184</gpxdata:hr>
     <gpxdata:distance>749.00</gpxdata:distance>
     <gpxdata:cadence>94</gpxdata:cadence>
     <gpxdata:speed>4.350</gpxdata:speed>
    </extensions>
   </trkpt>
   <trkpt lat="25.1950329" lon="121.6870148">
    <ele>15</ele>
    <time>2026-03-14T22:53:08Z</time>
    <extensions>
     <gpxdata:hr>184</gpxdata:hr>
     <gpxdata:distance>753.00</gpxdata:distance>
     <gpxdata:cadence>94</gpxdata:cadence>
     <gpxdata:speed>4.336</gpxdata:speed>
    </extensions>
   </trkpt>
   <trkpt lat="25.1950615" lon="121.6870370">
    <ele>15</ele>
    <time>2026-03-14T22:53:09Z</time>
    <extensions>
     <gpxdata:hr>184</gpxdata:hr>
     <gpxdata:distance>757.00</gpxdata:distance>
     <gpxdata:cadence>94</gpxdata:cadence>
     <gpxdata:speed>4.325</gpxdata:speed>
    </extensions>
   </trkpt>
   <trkpt lat="25.1950898" lon="121.6870605">
    <ele>15</ele>
    <time>2026-03-14T22:53:10Z</time>
    <extensions>
     <gpxdata:hr>184</gpxdata:hr>
     <gpxdata:distance>761.00</gpxdata:distance>
     <gpxdata:cadence>94</gpxdata:cadence>
     <gpxdata:speed>4.314</gpxdata:speed>
    </extensions>
   </trkpt>
   <trkpt lat="25.1951181" lon="121.6870840">
    <ele>15</ele>
    <time>2026-03-14T22:53:11Z</time>
    <extensions>
     <gpxdata:hr>184</gpxdata:hr>
     <gpxdata:distance>765.00</gpxdata:distance>
     <gpxdata:cadence>94</gpxdata:cadence>
     <gpxdata:speed>4.303</gpxdata:speed>
    </extensions>
   </trkpt>
   <trkpt lat="25.1951455" lon="121.6871104">
    <ele>15</ele>
    <time>2026-03-14T22:53:12Z</time>
    <extensions>
     <gpxdata:hr>184</gpxdata:hr>
     <gpxdata:distance>769.00</gpxdata:distance>
     <gpxdata:cadence>94</gpxdata:cadence>
     <gpxdata:speed>4.294</gpxdata:speed>
    </extensions>
   </trkpt>
   <trkpt lat="25.1951729" lon="121.6871368">
    <ele>15</ele>
    <time>2026-03-14T22:53:13Z</time>
    <extensions>
     <gpxdata:hr>183</gpxdata:hr>
     <gpxdata:distance>773.00</gpxdata:distance>
     <gpxdata:cadence>94</gpxdata:cadence>
     <gpxdata:speed>4.289</gpxdata:speed>
    </extensions>
   </trkpt>
   <trkpt lat="25.1951993" lon="121.6871637">
    <ele>15</ele>
    <time>2026-03-14T22:53:14Z</time>
    <extensions>
     <gpxdata:hr>183</gpxdata:hr>
     <gpxdata:distance>777.00</gpxdata:distance>
     <gpxdata:cadence>95</gpxdata:cadence>
     <gpxdata:speed>4.281</gpxdata:speed>
    </extensions>
   </trkpt>
   <trkpt lat="25.1952257" lon="121.6871906">
    <ele>15</ele>
    <time>2026-03-14T22:53:15Z</time>
    <extensions>
     <gpxdata:hr>183</gpxdata:hr>
     <gpxdata:distance>781.00</gpxdata:distance>
     <gpxdata:cadence>96</gpxdata:cadence>
     <gpxdata:speed>4.275</gpxdata:speed>
    </extensions>
   </trkpt>
   <trkpt lat="25.1952513" lon="121.6872171">
    <ele>14</ele>
    <time>2026-03-14T22:53:16Z</time>
    <extensions>
     <gpxdata:hr>184</gpxdata:hr>
     <gpxdata:distance>784.50</gpxdata:distance>
     <gpxdata:cadence>97</gpxdata:cadence>
     <gpxdata:speed>4.264</gpxdata:speed>
    </extensions>
   </trkpt>
   <trkpt lat="25.1952769" lon="121.6872437">
    <ele>14</ele>
    <time>2026-03-14T22:53:17Z</time>
    <extensions>
     <gpxdata:hr>184</gpxdata:hr>
     <gpxdata:distance>788.00</gpxdata:distance>
     <gpxdata:cadence>97</gpxdata:cadence>
     <gpxdata:speed>4.256</gpxdata:speed>
    </extensions>
   </trkpt>
   <trkpt lat="25.1953037" lon="121.6872684">
    <ele>14</ele>
    <time>2026-03-14T22:53:18Z</time>
    <extensions>
     <gpxdata:hr>184</gpxdata:hr>
     <gpxdata:distance>792.00</gpxdata:distance>
     <gpxdata:cadence>97</gpxdata:cadence>
     <gpxdata:speed>4.244</gpxdata:speed>
    </extensions>
   </trkpt>
   <trkpt lat="25.1953306" lon="121.6872931">
    <ele>14</ele>
    <time>2026-03-14T22:53:19Z</time>
    <extensions>
     <gpxdata:hr>184</gpxdata:hr>
     <gpxdata:distance>796.00</gpxdata:distance>
     <gpxdata:cadence>98</gpxdata:cadence>
     <gpxdata:speed>4.233</gpxdata:speed>
    </extensions>
   </trkpt>
   <trkpt lat="25.1953592" lon="121.6873163">
    <ele>14</ele>
    <time>2026-03-14T22:53:20Z</time>
    <extensions>
     <gpxdata:hr>184</gpxdata:hr>
     <gpxdata:distance>800.00</gpxdata:distance>
     <gpxdata:cadence>97</gpxdata:cadence>
     <gpxdata:speed>4.225</gpxdata:speed>
    </extensions>
   </trkpt>
   <trkpt lat="25.1953878" lon="121.6873396">
    <ele>14</ele>
    <time>2026-03-14T22:53:21Z</time>
    <extensions>
     <gpxdata:hr>183</gpxdata:hr>
     <gpxdata:distance>804.00</gpxdata:distance>
     <gpxdata:cadence>97</gpxdata:cadence>
     <gpxdata:speed>4.217</gpxdata:speed>
    </extensions>
   </trkpt>
   <trkpt lat="25.1954166" lon="121.6873628">
    <ele>14</ele>
    <time>2026-03-14T22:53:22Z</time>
    <extensions>
     <gpxdata:hr>183</gpxdata:hr>
     <gpxdata:distance>808.00</gpxdata:distance>
     <gpxdata:cadence>96</gpxdata:cadence>
     <gpxdata:speed>4.208</gpxdata:speed>
    </extensions>
   </trkpt>
   <trkpt lat="25.1954455" lon="121.6873861">
    <ele>14</ele>
    <time>2026-03-14T22:53:23Z</time>
    <extensions>
     <gpxdata:hr>183</gpxdata:hr>
     <gpxdata:distance>812.00</gpxdata:distance>
     <gpxdata:cadence>96</gpxdata:cadence>
     <gpxdata:speed>4.200</gpxdata:speed>
    </extensions>
   </trkpt>
   <trkpt lat="25.1954731" lon="121.6874100">
    <ele>14</ele>
    <time>2026-03-14T22:53:24Z</time>
    <extensions>
     <gpxdata:hr>183</gpxdata:hr>
     <gpxdata:distance>816.00</gpxdata:distance>
     <gpxdata:cadence>96</gpxdata:cadence>
     <gpxdata:speed>4.192</gpxdata:speed>
    </extensions>
   </trkpt>
   <trkpt lat="25.1955007" lon="121.6874339">
    <ele>14</ele>
    <time>2026-03-14T22:53:25Z</time>
    <extensions>
     <gpxdata:hr>183</gpxdata:hr>
     <gpxdata:distance>820.00</gpxdata:distance>
     <gpxdata:cadence>96</gpxdata:cadence>
     <gpxdata:speed>4.183</gpxdata:speed>
    </extensions>
   </trkpt>
   <trkpt lat="25.1955274" lon="121.6874588">
    <ele>14</ele>
    <time>2026-03-14T22:53:26Z</time>
    <extensions>
     <gpxdata:hr>184</gpxdata:hr>
     <gpxdata:distance>824.00</gpxdata:distance>
     <gpxdata:cadence>96</gpxdata:cadence>
     <gpxdata:speed>4.172</gpxdata:speed>
    </extensions>
   </trkpt>
   <trkpt lat="25.1955542" lon="121.6874837">
    <ele>14</ele>
    <time>2026-03-14T22:53:27Z</time>
    <extensions>
     <gpxdata:hr>184</gpxdata:hr>
     <gpxdata:distance>828.00</gpxdata:distance>
     <gpxdata:cadence>96</gpxdata:cadence>
     <gpxdata:speed>4.164</gpxdata:speed>
    </extensions>
   </trkpt>
   <trkpt lat="25.1955807" lon="121.6875095">
    <ele>14</ele>
    <time>2026-03-14T22:53:28Z</time>
    <extensions>
     <gpxdata:hr>184</gpxdata:hr>
     <gpxdata:distance>832.00</gpxdata:distance>
     <gpxdata:cadence>96</gpxdata:cadence>
     <gpxdata:speed>4.156</gpxdata:speed>
    </extensions>
   </trkpt>
   <trkpt lat="25.1956072" lon="121.6875353">
    <ele>14</ele>
    <time>2026-03-14T22:53:29Z</time>
    <extensions>
     <gpxdata:hr>184</gpxdata:hr>
     <gpxdata:distance>836.00</gpxdata:distance>
     <gpxdata:cadence>96</gpxdata:cadence>
     <gpxdata:speed>4.147</gpxdata:speed>
    </extensions>
   </trkpt>
   <trkpt lat="25.1956348" lon="121.6875605">
    <ele>14</ele>
    <time>2026-03-14T22:53:30Z</time>
    <extensions>
     <gpxdata:hr>184</gpxdata:hr>
     <gpxdata:distance>840.00</gpxdata:distance>
     <gpxdata:cadence>96</gpxdata:cadence>
     <gpxdata:speed>4.139</gpxdata:speed>
    </extensions>
   </trkpt>
   <trkpt lat="25.1956625" lon="121.6875857">
    <ele>14</ele>
    <time>2026-03-14T22:53:31Z</time>
    <extensions>
     <gpxdata:hr>184</gpxdata:hr>
     <gpxdata:distance>844.00</gpxdata:distance>
     <gpxdata:cadence>96</gpxdata:cadence>
     <gpxdata:speed>4.133</gpxdata:speed>
    </extensions>
   </trkpt>
   <trkpt lat="25.1956912" lon="121.6876096">
    <ele>14</ele>
    <time>2026-03-14T22:53:32Z</time>
    <extensions>
     <gpxdata:hr>184</gpxdata:hr>
     <gpxdata:distance>848.00</gpxdata:distance>
     <gpxdata:cadence>96</gpxdata:cadence>
     <gpxdata:speed>4.128</gpxdata:speed>
    </extensions>
   </trkpt>
   <trkpt lat="25.1957200" lon="121.6876336">
    <ele>14</ele>
    <time>2026-03-14T22:53:33Z</time>
    <extensions>
     <gpxdata:hr>184</gpxdata:hr>
     <gpxdata:distance>852.00</gpxdata:distance>
     <gpxdata:cadence>96</gpxdata:cadence>
     <gpxdata:speed>4.122</gpxdata:speed>
    </extensions>
   </trkpt>
   <trkpt lat="25.1957483" lon="121.6876574">
    <ele>14</ele>
    <time>2026-03-14T22:53:34Z</time>
    <extensions>
     <gpxdata:hr>184</gpxdata:hr>
     <gpxdata:distance>855.50</gpxdata:distance>
     <gpxdata:cadence>96</gpxdata:cadence>
     <gpxdata:speed>4.103</gpxdata:speed>
    </extensions>
   </trkpt>
   <trkpt lat="25.1957766" lon="121.6876812">
    <ele>14</ele>
    <time>2026-03-14T22:53:35Z</time>
    <extensions>
     <gpxdata:hr>184</gpxdata:hr>
     <gpxdata:distance>859.00</gpxdata:distance>
     <gpxdata:cadence>97</gpxdata:cadence>
     <gpxdata:speed>4.086</gpxdata:speed>
    </extensions>
   </trkpt>
   <trkpt lat="25.1958046" lon="121.6877039">
    <ele>14</ele>
    <time>2026-03-14T22:53:36Z</time>
    <extensions>
     <gpxdata:hr>184</gpxdata:hr>
     <gpxdata:distance>863.00</gpxdata:distance>
     <gpxdata:cadence>96</gpxdata:cadence>
     <gpxdata:speed>4.050</gpxdata:speed>
    </extensions>
   </trkpt>
   <trkpt lat="25.1958326" lon="121.6877267">
    <ele>14</ele>
    <time>2026-03-14T22:53:37Z</time>
    <extensions>
     <gpxdata:hr>184</gpxdata:hr>
     <gpxdata:distance>867.00</gpxdata:distance>
     <gpxdata:cadence>95</gpxdata:cadence>
     <gpxdata:speed>4.017</gpxdata:speed>
    </extensions>
   </trkpt>
   <trkpt lat="25.1958605" lon="121.6877488">
    <ele>14</ele>
    <time>2026-03-14T22:53:38Z</time>
    <extensions>
     <gpxdata:hr>184</gpxdata:hr>
     <gpxdata:distance>871.00</gpxdata:distance>
     <gpxdata:cadence>95</gpxdata:cadence>
     <gpxdata:speed>4.006</gpxdata:speed>
    </extensions>
   </trkpt>
   <trkpt lat="25.1958884" lon="121.6877709">
    <ele>14</ele>
    <time>2026-03-14T22:53:39Z</time>
    <extensions>
     <gpxdata:hr>184</gpxdata:hr>
     <gpxdata:distance>875.00</gpxdata:distance>
     <gpxdata:cadence>95</gpxdata:cadence>
     <gpxdata:speed>3.997</gpxdata:speed>
    </extensions>
   </trkpt>
   <trkpt lat="25.1959164" lon="121.6877937">
    <ele>14</ele>
    <time>2026-03-14T22:53:40Z</time>
    <extensions>
     <gpxdata:hr>184</gpxdata:hr>
     <gpxdata:distance>879.00</gpxdata:distance>
     <gpxdata:cadence>95</gpxdata:cadence>
     <gpxdata:speed>3.992</gpxdata:speed>
    </extensions>
   </trkpt>
   <trkpt lat="25.1959445" lon="121.6878165">
    <ele>14</ele>
    <time>2026-03-14T22:53:41Z</time>
    <extensions>
     <gpxdata:hr>184</gpxdata:hr>
     <gpxdata:distance>883.00</gpxdata:distance>
     <gpxdata:cadence>95</gpxdata:cadence>
     <gpxdata:speed>3.989</gpxdata:speed>
    </extensions>
   </trkpt>
   <trkpt lat="25.1959730" lon="121.6878391">
    <ele>14</ele>
    <time>2026-03-14T22:53:42Z</time>
    <extensions>
     <gpxdata:hr>184</gpxdata:hr>
     <gpxdata:distance>886.50</gpxdata:distance>
     <gpxdata:cadence>95</gpxdata:cadence>
     <gpxdata:speed>3.983</gpxdata:speed>
    </extensions>
   </trkpt>
   <trkpt lat="25.1960015" lon="121.6878618">
    <ele>14</ele>
    <time>2026-03-14T22:53:43Z</time>
    <extensions>
     <gpxdata:hr>184</gpxdata:hr>
     <gpxdata:distance>890.00</gpxdata:distance>
     <gpxdata:cadence>95</gpxdata:cadence>
     <gpxdata:speed>3.981</gpxdata:speed>
    </extensions>
   </trkpt>
   <trkpt lat="25.1960300" lon="121.6878835">
    <ele>14</ele>
    <time>2026-03-14T22:53:44Z</time>
    <extensions>
     <gpxdata:hr>184</gpxdata:hr>
     <gpxdata:distance>894.00</gpxdata:distance>
     <gpxdata:cadence>95</gpxdata:cadence>
     <gpxdata:speed>3.975</gpxdata:speed>
    </extensions>
   </trkpt>
   <trkpt lat="25.1960585" lon="121.6879052">
    <ele>14</ele>
    <time>2026-03-14T22:53:45Z</time>
    <extensions>
     <gpxdata:hr>184</gpxdata:hr>
     <gpxdata:distance>898.00</gpxdata:distance>
     <gpxdata:cadence>96</gpxdata:cadence>
     <gpxdata:speed>3.972</gpxdata:speed>
    </extensions>
   </trkpt>
   <trkpt lat="25.1960866" lon="121.6879262">
    <ele>14</ele>
    <time>2026-03-14T22:53:46Z</time>
    <extensions>
     <gpxdata:hr>184</gpxdata:hr>
     <gpxdata:distance>901.50</gpxdata:distance>
     <gpxdata:cadence>95</gpxdata:cadence>
     <gpxdata:speed>3.969</gpxdata:speed>
    </extensions>
   </trkpt>
   <trkpt lat="25.1961147" lon="121.6879472">
    <ele>14</ele>
    <time>2026-03-14T22:53:47Z</time>
    <extensions>
     <gpxdata:hr>184</gpxdata:hr>
     <gpxdata:distance>905.00</gpxdata:distance>
     <gpxdata:cadence>95</gpxdata:cadence>
     <gpxdata:speed>3.967</gpxdata:speed>
    </extensions>
   </trkpt>
   <trkpt lat="25.1961423" lon="121.6879684">
    <ele>14</ele>
    <time>2026-03-14T22:53:48Z</time>
    <extensions>
     <gpxdata:hr>185</gpxdata:hr>
     <gpxdata:distance>909.00</gpxdata:distance>
     <gpxdata:cadence>95</gpxdata:cadence>
     <gpxdata:speed>3.961</gpxdata:speed>
    </extensions>
   </trkpt>
   <trkpt lat="25.1961699" lon="121.6879897">
    <ele>14</ele>
    <time>2026-03-14T22:53:49Z</time>
    <extensions>
     <gpxdata:hr>185</gpxdata:hr>
     <gpxdata:distance>913.00</gpxdata:distance>
     <gpxdata:cadence>95</gpxdata:cadence>
     <gpxdata:speed>3.956</gpxdata:speed>
    </extensions>
   </trkpt>
   <trkpt lat="25.1961972" lon="121.6880117">
    <ele>14</ele>
    <time>2026-03-14T22:53:50Z</time>
    <extensions>
     <gpxdata:hr>185</gpxdata:hr>
     <gpxdata:distance>916.50</gpxdata:distance>
     <gpxdata:cadence>95</gpxdata:cadence>
     <gpxdata:speed>3.950</gpxdata:speed>
    </extensions>
   </trkpt>
   <trkpt lat="25.1962245" lon="121.6880338">
    <ele>14</ele>
    <time>2026-03-14T22:53:51Z</time>
    <extensions>
     <gpxdata:hr>185</gpxdata:hr>
     <gpxdata:distance>920.00</gpxdata:distance>
     <gpxdata:cadence>96</gpxdata:cadence>
     <gpxdata:speed>3.947</gpxdata:speed>
    </extensions>
   </trkpt>
   <trkpt lat="25.1962508" lon="121.6880576">
    <ele>14</ele>
    <time>2026-03-14T22:53:52Z</time>
    <extensions>
     <gpxdata:hr>185</gpxdata:hr>
     <gpxdata:distance>924.00</gpxdata:distance>
     <gpxdata:cadence>96</gpxdata:cadence>
     <gpxdata:speed>3.942</gpxdata:speed>
    </extensions>
   </trkpt>
   <trkpt lat="25.1962772" lon="121.6880814">
    <ele>14</ele>
    <time>2026-03-14T22:53:53Z</time>
    <extensions>
     <gpxdata:hr>185</gpxdata:hr>
     <gpxdata:distance>928.00</gpxdata:distance>
     <gpxdata:cadence>96</gpxdata:cadence>
     <gpxdata:speed>3.939</gpxdata:speed>
    </extensions>
   </trkpt>
   <trkpt lat="25.1963022" lon="121.6881070">
    <ele>14</ele>
    <time>2026-03-14T22:53:54Z</time>
    <extensions>
     <gpxdata:hr>185</gpxdata:hr>
     <gpxdata:distance>932.00</gpxdata:distance>
     <gpxdata:cadence>96</gpxdata:cadence>
     <gpxdata:speed>3.933</gpxdata:speed>
    </extensions>
   </trkpt>
   <trkpt lat="25.1963273" lon="121.6881327">
    <ele>14</ele>
    <time>2026-03-14T22:53:55Z</time>
    <extensions>
     <gpxdata:hr>185</gpxdata:hr>
     <gpxdata:distance>936.00</gpxdata:distance>
     <gpxdata:cadence>96</gpxdata:cadence>
     <gpxdata:speed>3.931</gpxdata:speed>
    </extensions>
   </trkpt>
   <trkpt lat="25.1963509" lon="121.6881604">
    <ele>14</ele>
    <time>2026-03-14T22:53:56Z</time>
    <extensions>
     <gpxdata:hr>185</gpxdata:hr>
     <gpxdata:distance>940.00</gpxdata:distance>
     <gpxdata:cadence>95</gpxdata:cadence>
     <gpxdata:speed>3.928</gpxdata:speed>
    </extensions>
   </trkpt>
   <trkpt lat="25.1963746" lon="121.6881882">
    <ele>14</ele>
    <time>2026-03-14T22:53:57Z</time>
    <extensions>
     <gpxdata:hr>185</gpxdata:hr>
     <gpxdata:distance>944.00</gpxdata:distance>
     <gpxdata:cadence>95</gpxdata:cadence>
     <gpxdata:speed>3.925</gpxdata:speed>
    </extensions>
   </trkpt>
   <trkpt lat="25.1963968" lon="121.6882180">
    <ele>14</ele>
    <time>2026-03-14T22:53:58Z</time>
    <extensions>
     <gpxdata:hr>185</gpxdata:hr>
     <gpxdata:distance>947.50</gpxdata:distance>
     <gpxdata:cadence>95</gpxdata:cadence>
     <gpxdata:speed>3.922</gpxdata:speed>
    </extensions>
   </trkpt>
   <trkpt lat="25.1964190" lon="121.6882478">
    <ele>14</ele>
    <time>2026-03-14T22:53:59Z</time>
    <extensions>
     <gpxdata:hr>185</gpxdata:hr>
     <gpxdata:distance>951.00</gpxdata:distance>
     <gpxdata:cadence>95</gpxdata:cadence>
     <gpxdata:speed>3.919</gpxdata:speed>
    </extensions>
   </trkpt>
   <trkpt lat="25.1964391" lon="121.6882788">
    <ele>14</ele>
    <time>2026-03-14T22:54:00Z</time>
    <extensions>
     <gpxdata:hr>185</gpxdata:hr>
     <gpxdata:distance>955.00</gpxdata:distance>
     <gpxdata:cadence>95</gpxdata:cadence>
     <gpxdata:speed>3.917</gpxdata:speed>
    </extensions>
   </trkpt>
   <trkpt lat="25.1964592" lon="121.6883098">
    <ele>14</ele>
    <time>2026-03-14T22:54:01Z</time>
    <extensions>
     <gpxdata:hr>185</gpxdata:hr>
     <gpxdata:distance>959.00</gpxdata:distance>
     <gpxdata:cadence>96</gpxdata:cadence>
     <gpxdata:speed>3.917</gpxdata:speed>
    </extensions>
   </trkpt>
   <trkpt lat="25.1964772" lon="121.6883419">
    <ele>14</ele>
    <time>2026-03-14T22:54:02Z</time>
    <extensions>
     <gpxdata:hr>185</gpxdata:hr>
     <gpxdata:distance>962.50</gpxdata:distance>
     <gpxdata:cadence>96</gpxdata:cadence>
     <gpxdata:speed>3.914</gpxdata:speed>
    </extensions>
   </trkpt>
   <trkpt lat="25.1964952" lon="121.6883741">
    <ele>14</ele>
    <time>2026-03-14T22:54:03Z</time>
    <extensions>
     <gpxdata:hr>185</gpxdata:hr>
     <gpxdata:distance>966.00</gpxdata:distance>
     <gpxdata:cadence>96</gpxdata:cadence>
     <gpxdata:speed>3.914</gpxdata:speed>
    </extensions>
   </trkpt>
   <trkpt lat="25.1965116" lon="121.6884070">
    <ele>14</ele>
    <time>2026-03-14T22:54:04Z</time>
    <extensions>
     <gpxdata:hr>185</gpxdata:hr>
     <gpxdata:distance>970.00</gpxdata:distance>
     <gpxdata:cadence>95</gpxdata:cadence>
     <gpxdata:speed>3.911</gpxdata:speed>
    </extensions>
   </trkpt>
   <trkpt lat="25.1965281" lon="121.6884400">
    <ele>14</ele>
    <time>2026-03-14T22:54:05Z</time>
    <extensions>
     <gpxdata:hr>185</gpxdata:hr>
     <gpxdata:distance>974.00</gpxdata:distance>
     <gpxdata:cadence>95</gpxdata:cadence>
     <gpxdata:speed>3.908</gpxdata:speed>
    </extensions>
   </trkpt>
   <trkpt lat="25.1965426" lon="121.6884738">
    <ele>14</ele>
    <time>2026-03-14T22:54:06Z</time>
    <extensions>
     <gpxdata:hr>185</gpxdata:hr>
     <gpxdata:distance>977.50</gpxdata:distance>
     <gpxdata:cadence>95</gpxdata:cadence>
     <gpxdata:speed>3.897</gpxdata:speed>
    </extensions>
   </trkpt>
   <trkpt lat="25.1965572" lon="121.6885077">
    <ele>14</ele>
    <time>2026-03-14T22:54:07Z</time>
    <extensions>
     <gpxdata:hr>186</gpxdata:hr>
     <gpxdata:distance>981.00</gpxdata:distance>
     <gpxdata:cadence>95</gpxdata:cadence>
     <gpxdata:speed>3.889</gpxdata:speed>
    </extensions>
   </trkpt>
   <trkpt lat="25.1965707" lon="121.6885417">
    <ele>14</ele>
    <time>2026-03-14T22:54:08Z</time>
    <extensions>
     <gpxdata:hr>186</gpxdata:hr>
     <gpxdata:distance>985.00</gpxdata:distance>
     <gpxdata:cadence>95</gpxdata:cadence>
     <gpxdata:speed>3.878</gpxdata:speed>
    </extensions>
   </trkpt>
   <trkpt lat="25.1965842" lon="121.6885758">
    <ele>14</ele>
    <time>2026-03-14T22:54:09Z</time>
    <extensions>
     <gpxdata:hr>186</gpxdata:hr>
     <gpxdata:distance>989.00</gpxdata:distance>
     <gpxdata:cadence>96</gpxdata:cadence>
     <gpxdata:speed>3.869</gpxdata:speed>
    </extensions>
   </trkpt>
   <trkpt lat="25.1965963" lon="121.6886099">
    <ele>15</ele>
    <time>2026-03-14T22:54:10Z</time>
    <extensions>
     <gpxdata:hr>186</gpxdata:hr>
     <gpxdata:distance>992.50</gpxdata:distance>
     <gpxdata:cadence>95</gpxdata:cadence>
     <gpxdata:speed>3.867</gpxdata:speed>
    </extensions>
   </trkpt>
   <trkpt lat="25.1966084" lon="121.6886440">
    <ele>15</ele>
    <time>2026-03-14T22:54:11Z</time>
    <extensions>
     <gpxdata:hr>186</gpxdata:hr>
     <gpxdata:distance>996.00</gpxdata:distance>
     <gpxdata:cadence>95</gpxdata:cadence>
     <gpxdata:speed>3.864</gpxdata:speed>
    </extensions>
   </trkpt>
   <trkpt lat="25.1966200" lon="121.6886786">
    <ele>15</ele>
    <time>2026-03-14T22:54:12Z</time>
    <extensions>
     <gpxdata:hr>185</gpxdata:hr>
     <gpxdata:distance>1000.00</gpxdata:distance>
     <gpxdata:cadence>95</gpxdata:cadence>
     <gpxdata:speed>3.858</gpxdata:speed>
    </extensions>
   </trkpt>
   <trkpt lat="25.1966316" lon="121.6887133">
    <ele>15</ele>
    <time>2026-03-14T22:54:13Z</time>
    <extensions>
     <gpxdata:hr>185</gpxdata:hr>
     <gpxdata:distance>1004.00</gpxdata:distance>
     <gpxdata:cadence>95</gpxdata:cadence>
     <gpxdata:speed>3.856</gpxdata:speed>
    </extensions>
   </trkpt>
   <trkpt lat="25.1966429" lon="121.6887485">
    <ele>15</ele>
    <time>2026-03-14T22:54:14Z</time>
    <extensions>
     <gpxdata:hr>185</gpxdata:hr>
     <gpxdata:distance>1007.50</gpxdata:distance>
     <gpxdata:cadence>95</gpxdata:cadence>
     <gpxdata:speed>3.853</gpxdata:speed>
    </extensions>
   </trkpt>
   <trkpt lat="25.1966542" lon="121.6887838">
    <ele>15</ele>
    <time>2026-03-14T22:54:15Z</time>
    <extensions>
     <gpxdata:hr>185</gpxdata:hr>
     <gpxdata:distance>1011.00</gpxdata:distance>
     <gpxdata:cadence>95</gpxdata:cadence>
     <gpxdata:speed>3.853</gpxdata:speed>
    </extensions>
   </trkpt>
   <trkpt lat="25.1966670" lon="121.6888191">
    <ele>15</ele>
    <time>2026-03-14T22:54:16Z</time>
    <extensions>
     <gpxdata:hr>185</gpxdata:hr>
     <gpxdata:distance>1015.00</gpxdata:distance>
     <gpxdata:cadence>95</gpxdata:cadence>
     <gpxdata:speed>3.853</gpxdata:speed>
    </extensions>
   </trkpt>
   <trkpt lat="25.1966799" lon="121.6888545">
    <ele>15</ele>
    <time>2026-03-14T22:54:17Z</time>
    <extensions>
     <gpxdata:hr>185</gpxdata:hr>
     <gpxdata:distance>1019.00</gpxdata:distance>
     <gpxdata:cadence>95</gpxdata:cadence>
     <gpxdata:speed>3.853</gpxdata:speed>
    </extensions>
   </trkpt>
   <trkpt lat="25.1966945" lon="121.6888899">
    <ele>15</ele>
    <time>2026-03-14T22:54:18Z</time>
    <extensions>
     <gpxdata:hr>185</gpxdata:hr>
     <gpxdata:distance>1023.00</gpxdata:distance>
     <gpxdata:cadence>95</gpxdata:cadence>
     <gpxdata:speed>3.853</gpxdata:speed>
    </extensions>
   </trkpt>
   <trkpt lat="25.1967092" lon="121.6889254">
    <ele>15</ele>
    <time>2026-03-14T22:54:19Z</time>
    <extensions>
     <gpxdata:hr>185</gpxdata:hr>
     <gpxdata:distance>1027.00</gpxdata:distance>
     <gpxdata:cadence>95</gpxdata:cadence>
     <gpxdata:speed>3.853</gpxdata:speed>
    </extensions>
   </trkpt>
   <trkpt lat="25.1967256" lon="121.6889611">
    <ele>15</ele>
    <time>2026-03-14T22:54:20Z</time>
    <extensions>
     <gpxdata:hr>185</gpxdata:hr>
     <gpxdata:distance>1031.50</gpxdata:distance>
     <gpxdata:cadence>95</gpxdata:cadence>
     <gpxdata:speed>3.861</gpxdata:speed>
    </extensions>
   </trkpt>
   <trkpt lat="25.1967421" lon="121.6889968">
    <ele>15</ele>
    <time>2026-03-14T22:54:21Z</time>
    <extensions>
     <gpxdata:hr>185</gpxdata:hr>
     <gpxdata:distance>1036.00</gpxdata:distance>
     <gpxdata:cadence>95</gpxdata:cadence>
     <gpxdata:speed>3.869</gpxdata:speed>
    </extensions>
   </trkpt>
   <trkpt lat="25.1967602" lon="121.6890324">
    <ele>15</ele>
    <time>2026-03-14T22:54:22Z</time>
    <extensions>
     <gpxdata:hr>185</gpxdata:hr>
     <gpxdata:distance>1040.00</gpxdata:distance>
     <gpxdata:cadence>95</gpxdata:cadence>
     <gpxdata:speed>3.878</gpxdata:speed>
    </extensions>
   </trkpt>
   <trkpt lat="25.1967784" lon="121.6890680">
    <ele>15</ele>
    <time>2026-03-14T22:54:23Z</time>
    <extensions>
     <gpxdata:hr>185</gpxdata:hr>
     <gpxdata:distance>1044.00</gpxdata:distance>
     <gpxdata:cadence>95</gpxdata:cadence>
     <gpxdata:speed>3.886</gpxdata:speed>
    </extensions>
   </trkpt>
   <trkpt lat="25.1967989" lon="121.6891025">
    <ele>15</ele>
    <time>2026-03-14T22:54:24Z</time>
    <extensions>
     <gpxdata:hr>185</gpxdata:hr>
     <gpxdata:distance>1048.00</gpxdata:distance>
     <gpxdata:cadence>95</gpxdata:cadence>
     <gpxdata:speed>3.900</gpxdata:speed>
    </extensions>
   </trkpt>
   <trkpt lat="25.1968194" lon="121.6891370">
    <ele>16</ele>
    <time>2026-03-14T22:54:25Z</time>
    <extensions>
     <gpxdata:hr>185</gpxdata:hr>
     <gpxdata:distance>1052.00</gpxdata:distance>
     <gpxdata:cadence>96</gpxdata:cadence>
     <gpxdata:speed>3.914</gpxdata:speed>
    </extensions>
   </trkpt>
   <trkpt lat="25.1968431" lon="121.6891690">
    <ele>16</ele>
    <time>2026-03-14T22:54:26Z</time>
    <extensions>
     <gpxdata:hr>185</gpxdata:hr>
     <gpxdata:distance>1056.00</gpxdata:distance>
     <gpxdata:cadence>96</gpxdata:cadence>
     <gpxdata:speed>3.931</gpxdata:speed>
    </extensions>
   </trkpt>
   <trkpt lat="25.1968668" lon="121.6892010">
    <ele>16</ele>
    <time>2026-03-14T22:54:27Z</time>
    <extensions>
     <gpxdata:hr>186</gpxdata:hr>
     <gpxdata:distance>1060.00</gpxdata:distance>
     <gpxdata:cadence>96</gpxdata:cadence>
     <gpxdata:speed>3.950</gpxdata:speed>
    </extensions>
   </trkpt>
   <trkpt lat="25.1968932" lon="121.6892296">
    <ele>16</ele>
    <time>2026-03-14T22:54:28Z</time>
    <extensions>
     <gpxdata:hr>186</gpxdata:hr>
     <gpxdata:distance>1064.50</gpxdata:distance>
     <gpxdata:cadence>96</gpxdata:cadence>
     <gpxdata:speed>3.958</gpxdata:speed>
    </extensions>
   </trkpt>
   <trkpt lat="25.1969197" lon="121.6892583">
    <ele>16</ele>
    <time>2026-03-14T22:54:29Z</time>
    <extensions>
     <gpxdata:hr>186</gpxdata:hr>
     <gpxdata:distance>1069.00</gpxdata:distance>
     <gpxdata:cadence>96</gpxdata:cadence>
     <gpxdata:speed>3.967</gpxdata:speed>
    </extensions>
   </trkpt>
   <trkpt lat="25.1969470" lon="121.6892847">
    <ele>16</ele>
    <time>2026-03-14T22:54:30Z</time>
    <extensions>
     <gpxdata:hr>187</gpxdata:hr>
     <gpxdata:distance>1072.50</gpxdata:distance>
     <gpxdata:cadence>96</gpxdata:cadence>
     <gpxdata:speed>3.969</gpxdata:speed>
    </extensions>
   </trkpt>
   <trkpt lat="25.1969743" lon="121.6893111">
    <ele>16</ele>
    <time>2026-03-14T22:54:31Z</time>
    <extensions>
     <gpxdata:hr>187</gpxdata:hr>
     <gpxdata:distance>1076.00</gpxdata:distance>
     <gpxdata:cadence>96</gpxdata:cadence>
     <gpxdata:speed>3.975</gpxdata:speed>
    </extensions>
   </trkpt>
   <trkpt lat="25.1970015" lon="121.6893369">
    <ele>16</ele>
    <time>2026-03-14T22:54:32Z</time>
    <extensions>
     <gpxdata:hr>186</gpxdata:hr>
     <gpxdata:distance>1080.00</gpxdata:distance>
     <gpxdata:cadence>96</gpxdata:cadence>
     <gpxdata:speed>3.975</gpxdata:speed>
    </extensions>
   </trkpt>
   <trkpt lat="25.1970288" lon="121.6893627">
    <ele>16</ele>
    <time>2026-03-14T22:54:33Z</time>
    <extensions>
     <gpxdata:hr>186</gpxdata:hr>
     <gpxdata:distance>1084.00</gpxdata:distance>
     <gpxdata:cadence>96</gpxdata:cadence>
     <gpxdata:speed>3.975</gpxdata:speed>
    </extensions>
   </trkpt>
   <trkpt lat="25.1970560" lon="121.6893876">
    <ele>16</ele>
    <time>2026-03-14T22:54:34Z</time>
    <extensions>
     <gpxdata:hr>187</gpxdata:hr>
     <gpxdata:distance>1088.00</gpxdata:distance>
     <gpxdata:cadence>95</gpxdata:cadence>
     <gpxdata:speed>3.978</gpxdata:speed>
    </extensions>
   </trkpt>
   <trkpt lat="25.1970833" lon="121.6894125">
    <ele>16</ele>
    <time>2026-03-14T22:54:35Z</time>
    <extensions>
     <gpxdata:hr>187</gpxdata:hr>
     <gpxdata:distance>1092.00</gpxdata:distance>
     <gpxdata:cadence>95</gpxdata:cadence>
     <gpxdata:speed>3.981</gpxdata:speed>
    </extensions>
   </trkpt>
   <trkpt lat="25.1971105" lon="121.6894364">
    <ele>16</ele>
    <time>2026-03-14T22:54:36Z</time>
    <extensions>
     <gpxdata:hr>187</gpxdata:hr>
     <gpxdata:distance>1096.00</gpxdata:distance>
     <gpxdata:cadence>95</gpxdata:cadence>
     <gpxdata:speed>3.975</gpxdata:speed>
    </extensions>
   </trkpt>
   <trkpt lat="25.1971378" lon="121.6894603">
    <ele>16</ele>
    <time>2026-03-14T22:54:37Z</time>
    <extensions>
     <gpxdata:hr>187</gpxdata:hr>
     <gpxdata:distance>1100.00</gpxdata:distance>
     <gpxdata:cadence>96</gpxdata:cadence>
     <gpxdata:speed>3.972</gpxdata:speed>
    </extensions>
   </trkpt>
   <trkpt lat="25.1971658" lon="121.6894833">
    <ele>16</ele>
    <time>2026-03-14T22:54:38Z</time>
    <extensions>
     <gpxdata:hr>187</gpxdata:hr>
     <gpxdata:distance>1104.00</gpxdata:distance>
     <gpxdata:cadence>96</gpxdata:cadence>
     <gpxdata:speed>3.967</gpxdata:speed>
    </extensions>
   </trkpt>
   <trkpt lat="25.1971938" lon="121.6895063">
    <ele>16</ele>
    <time>2026-03-14T22:54:39Z</time>
    <extensions>
     <gpxdata:hr>187</gpxdata:hr>
     <gpxdata:distance>1108.00</gpxdata:distance>
     <gpxdata:cadence>96</gpxdata:cadence>
     <gpxdata:speed>3.964</gpxdata:speed>
    </extensions>
   </trkpt>
   <trkpt lat="25.1972226" lon="121.6895293">
    <ele>16</ele>
    <time>2026-03-14T22:54:40Z</time>
    <extensions>
     <gpxdata:hr>187</gpxdata:hr>
     <gpxdata:distance>1112.00</gpxdata:distance>
     <gpxdata:cadence>96</gpxdata:cadence>
     <gpxdata:speed>3.961</gpxdata:speed>
    </extensions>
   </trkpt>
   <trkpt lat="25.1972514" lon="121.6895523">
    <ele>16</ele>
    <time>2026-03-14T22:54:41Z</time>
    <extensions>
     <gpxdata:hr>187</gpxdata:hr>
     <gpxdata:distance>1116.00</gpxdata:distance>
     <gpxdata:cadence>96</gpxdata:cadence>
     <gpxdata:speed>3.961</gpxdata:speed>
    </extensions>
   </trkpt>
   <trkpt lat="25.1972811" lon="121.6895757">
    <ele>16</ele>
    <time>2026-03-14T22:54:42Z</time>
    <extensions>
     <gpxdata:hr>187</gpxdata:hr>
     <gpxdata:distance>1120.00</gpxdata:distance>
     <gpxdata:cadence>96</gpxdata:cadence>
     <gpxdata:speed>3.958</gpxdata:speed>
    </extensions>
   </trkpt>
   <trkpt lat="25.1973108" lon="121.6895992">
    <ele>16</ele>
    <time>2026-03-14T22:54:43Z</time>
    <extensions>
     <gpxdata:hr>187</gpxdata:hr>
     <gpxdata:distance>1124.00</gpxdata:distance>
     <gpxdata:cadence>96</gpxdata:cadence>
     <gpxdata:speed>3.958</gpxdata:speed>
    </extensions>
   </trkpt>
   <trkpt lat="25.1973406" lon="121.6896237">
    <ele>16</ele>
    <time>2026-03-14T22:54:44Z</time>
    <extensions>
     <gpxdata:hr>187</gpxdata:hr>
     <gpxdata:distance>1128.50</gpxdata:distance>
     <gpxdata:cadence>96</gpxdata:cadence>
     <gpxdata:speed>3.961</gpxdata:speed>
    </extensions>
   </trkpt>
   <trkpt lat="25.1973704" lon="121.6896483">
    <ele>16</ele>
    <time>2026-03-14T22:54:45Z</time>
    <extensions>
     <gpxdata:hr>187</gpxdata:hr>
     <gpxdata:distance>1133.00</gpxdata:distance>
     <gpxdata:cadence>96</gpxdata:cadence>
     <gpxdata:speed>3.964</gpxdata:speed>
    </extensions>
   </trkpt>
   <trkpt lat="25.1974001" lon="121.6896743">
    <ele>16</ele>
    <time>2026-03-14T22:54:46Z</time>
    <extensions>
     <gpxdata:hr>187</gpxdata:hr>
     <gpxdata:distance>1137.00</gpxdata:distance>
     <gpxdata:cadence>96</gpxdata:cadence>
     <gpxdata:speed>3.972</gpxdata:speed>
    </extensions>
   </trkpt>
   <trkpt lat="25.1974299" lon="121.6897003">
    <ele>16</ele>
    <time>2026-03-14T22:54:47Z</time>
    <extensions>
     <gpxdata:hr>187</gpxdata:hr>
     <gpxdata:distance>1141.00</gpxdata:distance>
     <gpxdata:cadence>97</gpxdata:cadence>
     <gpxdata:speed>3.981</gpxdata:speed>
    </extensions>
   </trkpt>
   <trkpt lat="25.1974593" lon="121.6897268">
    <ele>16</ele>
    <time>2026-03-14T22:54:48Z</time>
    <extensions>
     <gpxdata:hr>187</gpxdata:hr>
     <gpxdata:distance>1145.00</gpxdata:distance>
     <gpxdata:cadence>97</gpxdata:cadence>
     <gpxdata:speed>3.986</gpxdata:speed>
    </extensions>
   </trkpt>
   <trkpt lat="25.1974888" lon="121.6897533">
    <ele>16</ele>
    <time>2026-03-14T22:54:49Z</time>
    <extensions>
     <gpxdata:hr>187</gpxdata:hr>
     <gpxdata:distance>1149.00</gpxdata:distance>
     <gpxdata:cadence>97</gpxdata:cadence>
     <gpxdata:speed>3.994</gpxdata:speed>
    </extensions>
   </trkpt>
   <trkpt lat="25.1975177" lon="121.6897793">
    <ele>16</ele>
    <time>2026-03-14T22:54:50Z</time>
    <extensions>
     <gpxdata:hr>187</gpxdata:hr>
     <gpxdata:distance>1153.50</gpxdata:distance>
     <gpxdata:cadence>96</gpxdata:cadence>
     <gpxdata:speed>3.997</gpxdata:speed>
    </extensions>
   </trkpt>
   <trkpt lat="25.1975467" lon="121.6898054">
    <ele>16</ele>
    <time>2026-03-14T22:54:51Z</time>
    <extensions>
     <gpxdata:hr>187</gpxdata:hr>
     <gpxdata:distance>1158.00</gpxdata:distance>
     <gpxdata:cadence>96</gpxdata:cadence>
     <gpxdata:speed>4.003</gpxdata:speed>
    </extensions>
   </trkpt>
   <trkpt lat="25.1975752" lon="121.6898312">
    <ele>16</ele>
    <time>2026-03-14T22:54:52Z</time>
    <extensions>
     <gpxdata:hr>188</gpxdata:hr>
     <gpxdata:distance>1162.00</gpxdata:distance>
     <gpxdata:cadence>96</gpxdata:cadence>
     <gpxdata:speed>4.003</gpxdata:speed>
    </extensions>
   </trkpt>
   <trkpt lat="25.1976038" lon="121.6898570">
    <ele>16</ele>
    <time>2026-03-14T22:54:53Z</time>
    <extensions>
     <gpxdata:hr>187</gpxdata:hr>
     <gpxdata:distance>1166.00</gpxdata:distance>
     <gpxdata:cadence>96</gpxdata:cadence>
     <gpxdata:speed>4.006</gpxdata:speed>
    </extensions>
   </trkpt>
   <trkpt lat="25.1976318" lon="121.6898830">
    <ele>16</ele>
    <time>2026-03-14T22:54:54Z</time>
    <extensions>
     <gpxdata:hr>187</gpxdata:hr>
     <gpxdata:distance>1170.00</gpxdata:distance>
     <gpxdata:cadence>96</gpxdata:cadence>
     <gpxdata:speed>4.006</gpxdata:speed>
    </extensions>
   </trkpt>
   <trkpt lat="25.1976598" lon="121.6899091">
    <ele>16</ele>
    <time>2026-03-14T22:54:55Z</time>
    <extensions>
     <gpxdata:hr>187</gpxdata:hr>
     <gpxdata:distance>1174.00</gpxdata:distance>
     <gpxdata:cadence>96</gpxdata:cadence>
     <gpxdata:speed>4.008</gpxdata:speed>
    </extensions>
   </trkpt>
   <trkpt lat="25.1976880" lon="121.6899346">
    <ele>15</ele>
    <time>2026-03-14T22:54:56Z</time>
    <extensions>
     <gpxdata:hr>187</gpxdata:hr>
     <gpxdata:distance>1178.00</gpxdata:distance>
     <gpxdata:cadence>96</gpxdata:cadence>
     <gpxdata:speed>4.008</gpxdata:speed>
    </extensions>
   </trkpt>
   <trkpt lat="25.1977162" lon="121.6899602">
    <ele>15</ele>
    <time>2026-03-14T22:54:57Z</time>
    <extensions>
     <gpxdata:hr>187</gpxdata:hr>
     <gpxdata:distance>1182.00</gpxdata:distance>
     <gpxdata:cadence>97</gpxdata:cadence>
     <gpxdata:speed>4.011</gpxdata:speed>
    </extensions>
   </trkpt>
   <trkpt lat="25.1977443" lon="121.6899851">
    <ele>15</ele>
    <time>2026-03-14T22:54:58Z</time>
    <extensions>
     <gpxdata:hr>187</gpxdata:hr>
     <gpxdata:distance>1186.00</gpxdata:distance>
     <gpxdata:cadence>97</gpxdata:cadence>
     <gpxdata:speed>4.011</gpxdata:speed>
    </extensions>
   </trkpt>
   <trkpt lat="25.1977725" lon="121.6900101">
    <ele>15</ele>
    <time>2026-03-14T22:54:59Z</time>
    <extensions>
     <gpxdata:hr>187</gpxdata:hr>
     <gpxdata:distance>1190.00</gpxdata:distance>
     <gpxdata:cadence>97</gpxdata:cadence>
     <gpxdata:speed>4.014</gpxdata:speed>
    </extensions>
   </trkpt>
   <trkpt lat="25.1977995" lon="121.6900351">
    <ele>15</ele>
    <time>2026-03-14T22:55:00Z</time>
    <extensions>
     <gpxdata:hr>187</gpxdata:hr>
     <gpxdata:distance>1193.50</gpxdata:distance>
     <gpxdata:cadence>96</gpxdata:cadence>
     <gpxdata:speed>4.014</gpxdata:speed>
    </extensions>
   </trkpt>
   <trkpt lat="25.1978266" lon="121.6900601">
    <ele>15</ele>
    <time>2026-03-14T22:55:01Z</time>
    <extensions>
     <gpxdata:hr>187</gpxdata:hr>
     <gpxdata:distance>1197.00</gpxdata:distance>
     <gpxdata:cadence>96</gpxdata:cadence>
     <gpxdata:speed>4.014</gpxdata:speed>
    </extensions>
   </trkpt>
   <trkpt lat="25.1978525" lon="121.6900854">
    <ele>15</ele>
    <time>2026-03-14T22:55:02Z</time>
    <extensions>
     <gpxdata:hr>187</gpxdata:hr>
     <gpxdata:distance>1201.00</gpxdata:distance>
     <gpxdata:cadence>95</gpxdata:cadence>
     <gpxdata:speed>4.008</gpxdata:speed>
    </extensions>
   </trkpt>
   <trkpt lat="25.1978784" lon="121.6901108">
    <ele>15</ele>
    <time>2026-03-14T22:55:03Z</time>
    <extensions>
     <gpxdata:hr>187</gpxdata:hr>
     <gpxdata:distance>1205.00</gpxdata:distance>
     <gpxdata:cadence>95</gpxdata:cadence>
     <gpxdata:speed>4.006</gpxdata:speed>
    </extensions>
   </trkpt>
   <trkpt lat="25.1979043" lon="121.6901358">
    <ele>15</ele>
    <time>2026-03-14T22:55:04Z</time>
    <extensions>
     <gpxdata:hr>188</gpxdata:hr>
     <gpxdata:distance>1209.00</gpxdata:distance>
     <gpxdata:cadence>95</gpxdata:cadence>
     <gpxdata:speed>4.000</gpxdata:speed>
    </extensions>
   </trkpt>
   <trkpt lat="25.1979302" lon="121.6901608">
    <ele>15</ele>
    <time>2026-03-14T22:55:05Z</time>
    <extensions>
     <gpxdata:hr>188</gpxdata:hr>
     <gpxdata:distance>1213.00</gpxdata:distance>
     <gpxdata:cadence>95</gpxdata:cadence>
     <gpxdata:speed>3.997</gpxdata:speed>
    </extensions>
   </trkpt>
   <trkpt lat="25.1979566" lon="121.6901852">
    <ele>15</ele>
    <time>2026-03-14T22:55:06Z</time>
    <extensions>
     <gpxdata:hr>188</gpxdata:hr>
     <gpxdata:distance>1217.00</gpxdata:distance>
     <gpxdata:cadence>95</gpxdata:cadence>
     <gpxdata:speed>3.992</gpxdata:speed>
    </extensions>
   </trkpt>
   <trkpt lat="25.1979831" lon="121.6902097">
    <ele>15</ele>
    <time>2026-03-14T22:55:07Z</time>
    <extensions>
     <gpxdata:hr>187</gpxdata:hr>
     <gpxdata:distance>1221.00</gpxdata:distance>
     <gpxdata:cadence>96</gpxdata:cadence>
     <gpxdata:speed>3.989</gpxdata:speed>
    </extensions>
   </trkpt>
   <trkpt lat="25.1980095" lon="121.6902346">
    <ele>15</ele>
    <time>2026-03-14T22:55:08Z</time>
    <extensions>
     <gpxdata:hr>187</gpxdata:hr>
     <gpxdata:distance>1224.50</gpxdata:distance>
     <gpxdata:cadence>96</gpxdata:cadence>
     <gpxdata:speed>3.986</gpxdata:speed>
    </extensions>
   </trkpt>
   <trkpt lat="25.1980360" lon="121.6902595">
    <ele>15</ele>
    <time>2026-03-14T22:55:09Z</time>
    <extensions>
     <gpxdata:hr>187</gpxdata:hr>
     <gpxdata:distance>1228.00</gpxdata:distance>
     <gpxdata:cadence>96</gpxdata:cadence>
     <gpxdata:speed>3.983</gpxdata:speed>
    </extensions>
   </trkpt>
   <trkpt lat="25.1980620" lon="121.6902856">
    <ele>15</ele>
    <time>2026-03-14T22:55:10Z</time>
    <extensions>
     <gpxdata:hr>187</gpxdata:hr>
     <gpxdata:distance>1232.00</gpxdata:distance>
     <gpxdata:cadence>96</gpxdata:cadence>
     <gpxdata:speed>3.981</gpxdata:speed>
    </extensions>
   </trkpt>
   <trkpt lat="25.1980880" lon="121.6903118">
    <ele>15</ele>
    <time>2026-03-14T22:55:11Z</time>
    <extensions>
     <gpxdata:hr>187</gpxdata:hr>
     <gpxdata:distance>1236.00</gpxdata:distance>
     <gpxdata:cadence>96</gpxdata:cadence>
     <gpxdata:speed>3.978</gpxdata:speed>
    </extensions>
   </trkpt>
   <trkpt lat="25.1981140" lon="121.6903387">
    <ele>15</ele>
    <time>2026-03-14T22:55:12Z</time>
    <extensions>
     <gpxdata:hr>187</gpxdata:hr>
     <gpxdata:distance>1240.00</gpxdata:distance>
     <gpxdata:cadence>96</gpxdata:cadence>
     <gpxdata:speed>3.978</gpxdata:speed>
    </extensions>
   </trkpt>
   <trkpt lat="25.1981400" lon="121.6903656">
    <ele>15</ele>
    <time>2026-03-14T22:55:13Z</time>
    <extensions>
     <gpxdata:hr>187</gpxdata:hr>
     <gpxdata:distance>1244.00</gpxdata:distance>
     <gpxdata:cadence>95</gpxdata:cadence>
     <gpxdata:speed>3.978</gpxdata:speed>
    </extensions>
   </trkpt>
   <trkpt lat="25.1981663" lon="121.6903921">
    <ele>15</ele>
    <time>2026-03-14T22:55:14Z</time>
    <extensions>
     <gpxdata:hr>187</gpxdata:hr>
     <gpxdata:distance>1248.00</gpxdata:distance>
     <gpxdata:cadence>95</gpxdata:cadence>
     <gpxdata:speed>3.972</gpxdata:speed>
    </extensions>
   </trkpt>
   <trkpt lat="25.1981926" lon="121.6904187">
    <ele>15</ele>
    <time>2026-03-14T22:55:15Z</time>
    <extensions>
     <gpxdata:hr>187</gpxdata:hr>
     <gpxdata:distance>1252.00</gpxdata:distance>
     <gpxdata:cadence>95</gpxdata:cadence>
     <gpxdata:speed>3.969</gpxdata:speed>
    </extensions>
   </trkpt>
   <trkpt lat="25.1982190" lon="121.6904445">
    <ele>15</ele>
    <time>2026-03-14T22:55:16Z</time>
    <extensions>
     <gpxdata:hr>187</gpxdata:hr>
     <gpxdata:distance>1256.00</gpxdata:distance>
     <gpxdata:cadence>95</gpxdata:cadence>
     <gpxdata:speed>3.967</gpxdata:speed>
    </extensions>
   </trkpt>
   <trkpt lat="25.1982454" lon="121.6904704">
    <ele>15</ele>
    <time>2026-03-14T22:55:17Z</time>
    <extensions>
     <gpxdata:hr>187</gpxdata:hr>
     <gpxdata:distance>1260.00</gpxdata:distance>
     <gpxdata:cadence>95</gpxdata:cadence>
     <gpxdata:speed>3.967</gpxdata:speed>
    </extensions>
   </trkpt>
   <trkpt lat="25.1982721" lon="121.6904959">
    <ele>15</ele>
    <time>2026-03-14T22:55:18Z</time>
    <extensions>
     <gpxdata:hr>187</gpxdata:hr>
     <gpxdata:distance>1264.00</gpxdata:distance>
     <gpxdata:cadence>95</gpxdata:cadence>
     <gpxdata:speed>3.967</gpxdata:speed>
    </extensions>
   </trkpt>
   <trkpt lat="25.1982989" lon="121.6905215">
    <ele>15</ele>
    <time>2026-03-14T22:55:19Z</time>
    <extensions>
     <gpxdata:hr>187</gpxdata:hr>
     <gpxdata:distance>1268.00</gpxdata:distance>
     <gpxdata:cadence>96</gpxdata:cadence>
     <gpxdata:speed>3.967</gpxdata:speed>
    </extensions>
   </trkpt>
   <trkpt lat="25.1983260" lon="121.6905467">
    <ele>15</ele>
    <time>2026-03-14T22:55:20Z</time>
    <extensions>
     <gpxdata:hr>187</gpxdata:hr>
     <gpxdata:distance>1272.00</gpxdata:distance>
     <gpxdata:cadence>95</gpxdata:cadence>
     <gpxdata:speed>3.967</gpxdata:speed>
    </extensions>
   </trkpt>
   <trkpt lat="25.1983532" lon="121.6905719">
    <ele>15</ele>
    <time>2026-03-14T22:55:21Z</time>
    <extensions>
     <gpxdata:hr>187</gpxdata:hr>
     <gpxdata:distance>1276.00</gpxdata:distance>
     <gpxdata:cadence>95</gpxdata:cadence>
     <gpxdata:speed>3.967</gpxdata:speed>
    </extensions>
   </trkpt>
   <trkpt lat="25.1983810" lon="121.6905966">
    <ele>15</ele>
    <time>2026-03-14T22:55:22Z</time>
    <extensions>
     <gpxdata:hr>187</gpxdata:hr>
     <gpxdata:distance>1280.00</gpxdata:distance>
     <gpxdata:cadence>95</gpxdata:cadence>
     <gpxdata:speed>3.964</gpxdata:speed>
    </extensions>
   </trkpt>
   <trkpt lat="25.1984088" lon="121.6906214">
    <ele>15</ele>
    <time>2026-03-14T22:55:23Z</time>
    <extensions>
     <gpxdata:hr>187</gpxdata:hr>
     <gpxdata:distance>1284.00</gpxdata:distance>
     <gpxdata:cadence>95</gpxdata:cadence>
     <gpxdata:speed>3.964</gpxdata:speed>
    </extensions>
   </trkpt>
   <trkpt lat="25.1984366" lon="121.6906461">
    <ele>15</ele>
    <time>2026-03-14T22:55:24Z</time>
    <extensions>
     <gpxdata:hr>187</gpxdata:hr>
     <gpxdata:distance>1288.00</gpxdata:distance>
     <gpxdata:cadence>96</gpxdata:cadence>
     <gpxdata:speed>3.964</gpxdata:speed>
    </extensions>
   </trkpt>
   <trkpt lat="25.1984645" lon="121.6906709">
    <ele>15</ele>
    <time>2026-03-14T22:55:25Z</time>
    <extensions>
     <gpxdata:hr>187</gpxdata:hr>
     <gpxdata:distance>1292.00</gpxdata:distance>
     <gpxdata:cadence>96</gpxdata:cadence>
     <gpxdata:speed>3.964</gpxdata:speed>
    </extensions>
   </trkpt>
   <trkpt lat="25.1984920" lon="121.6906960">
    <ele>15</ele>
    <time>2026-03-14T22:55:26Z</time>
    <extensions>
     <gpxdata:hr>187</gpxdata:hr>
     <gpxdata:distance>1296.00</gpxdata:distance>
     <gpxdata:cadence>96</gpxdata:cadence>
     <gpxdata:speed>3.964</gpxdata:speed>
    </extensions>
   </trkpt>
   <trkpt lat="25.1985195" lon="121.6907211">
    <ele>15</ele>
    <time>2026-03-14T22:55:27Z</time>
    <extensions>
     <gpxdata:hr>187</gpxdata:hr>
     <gpxdata:distance>1300.00</gpxdata:distance>
     <gpxdata:cadence>96</gpxdata:cadence>
     <gpxdata:speed>3.964</gpxdata:speed>
    </extensions>
   </trkpt>
   <trkpt lat="25.1985469" lon="121.6907463">
    <ele>15</ele>
    <time>2026-03-14T22:55:28Z</time>
    <extensions>
     <gpxdata:hr>187</gpxdata:hr>
     <gpxdata:distance>1304.00</gpxdata:distance>
     <gpxdata:cadence>96</gpxdata:cadence>
     <gpxdata:speed>3.964</gpxdata:speed>
    </extensions>
   </trkpt>
   <trkpt lat="25.1985744" lon="121.6907715">
    <ele>15</ele>
    <time>2026-03-14T22:55:29Z</time>
    <extensions>
     <gpxdata:hr>187</gpxdata:hr>
     <gpxdata:distance>1308.00</gpxdata:distance>
     <gpxdata:cadence>96</gpxdata:cadence>
     <gpxdata:speed>3.964</gpxdata:speed>
    </extensions>
   </trkpt>
   <trkpt lat="25.1986020" lon="121.6907968">
    <ele>15</ele>
    <time>2026-03-14T22:55:30Z</time>
    <extensions>
     <gpxdata:hr>187</gpxdata:hr>
     <gpxdata:distance>1312.00</gpxdata:distance>
     <gpxdata:cadence>96</gpxdata:cadence>
     <gpxdata:speed>3.964</gpxdata:speed>
    </extensions>
   </trkpt>
   <trkpt lat="25.1986296" lon="121.6908221">
    <ele>15</ele>
    <time>2026-03-14T22:55:31Z</time>
    <extensions>
     <gpxdata:hr>187</gpxdata:hr>
     <gpxdata:distance>1316.00</gpxdata:distance>
     <gpxdata:cadence>96</gpxdata:cadence>
     <gpxdata:speed>3.967</gpxdata:speed>
    </extensions>
   </trkpt>
   <trkpt lat="25.1986575" lon="121.6908471">
    <ele>15</ele>
    <time>2026-03-14T22:55:32Z</time>
    <extensions>
     <gpxdata:hr>187</gpxdata:hr>
     <gpxdata:distance>1320.00</gpxdata:distance>
     <gpxdata:cadence>96</gpxdata:cadence>
     <gpxdata:speed>3.967</gpxdata:speed>
    </extensions>
   </trkpt>
   <trkpt lat="25.1986855" lon="121.6908721">
    <ele>15</ele>
    <time>2026-03-14T22:55:33Z</time>
    <extensions>
     <gpxdata:hr>187</gpxdata:hr>
     <gpxdata:distance>1324.00</gpxdata:distance>
     <gpxdata:cadence>96</gpxdata:cadence>
     <gpxdata:speed>3.969</gpxdata:speed>
    </extensions>
   </trkpt>
   <trkpt lat="25.1987135" lon="121.6908966">
    <ele>15</ele>
    <time>2026-03-14T22:55:34Z</time>
    <extensions>
     <gpxdata:hr>187</gpxdata:hr>
     <gpxdata:distance>1327.50</gpxdata:distance>
     <gpxdata:cadence>96</gpxdata:cadence>
     <gpxdata:speed>3.969</gpxdata:speed>
    </extensions>
   </trkpt>
   <trkpt lat="25.1987415" lon="121.6909211">
    <ele>15</ele>
    <time>2026-03-14T22:55:35Z</time>
    <extensions>
     <gpxdata:hr>187</gpxdata:hr>
     <gpxdata:distance>1331.00</gpxdata:distance>
     <gpxdata:cadence>96</gpxdata:cadence>
     <gpxdata:speed>3.972</gpxdata:speed>
    </extensions>
   </trkpt>
   <trkpt lat="25.1987692" lon="121.6909450">
    <ele>15</ele>
    <time>2026-03-14T22:55:36Z</time>
    <extensions>
     <gpxdata:hr>187</gpxdata:hr>
     <gpxdata:distance>1335.00</gpxdata:distance>
     <gpxdata:cadence>96</gpxdata:cadence>
     <gpxdata:speed>3.972</gpxdata:speed>
    </extensions>
   </trkpt>
   <trkpt lat="25.1987969" lon="121.6909690">
    <ele>15</ele>
    <time>2026-03-14T22:55:37Z</time>
    <extensions>
     <gpxdata:hr>187</gpxdata:hr>
     <gpxdata:distance>1339.00</gpxdata:distance>
     <gpxdata:cadence>96</gpxdata:cadence>
     <gpxdata:speed>3.972</gpxdata:speed>
    </extensions>
   </trkpt>
   <trkpt lat="25.1988243" lon="121.6909929">
    <ele>15</ele>
    <time>2026-03-14T22:55:38Z</time>
    <extensions>
     <gpxdata:hr>187</gpxdata:hr>
     <gpxdata:distance>1343.00</gpxdata:distance>
     <gpxdata:cadence>96</gpxdata:cadence>
     <gpxdata:speed>3.972</gpxdata:speed>
    </extensions>
   </trkpt>
   <trkpt lat="25.1988518" lon="121.6910168">
    <ele>15</ele>
    <time>2026-03-14T22:55:39Z</time>
    <extensions>
     <gpxdata:hr>187</gpxdata:hr>
     <gpxdata:distance>1347.00</gpxdata:distance>
     <gpxdata:cadence>96</gpxdata:cadence>
     <gpxdata:speed>3.972</gpxdata:speed>
    </extensions>
   </trkpt>
   <trkpt lat="25.1988789" lon="121.6910409">
    <ele>15</ele>
    <time>2026-03-14T22:55:40Z</time>
    <extensions>
     <gpxdata:hr>187</gpxdata:hr>
     <gpxdata:distance>1351.00</gpxdata:distance>
     <gpxdata:cadence>96</gpxdata:cadence>
     <gpxdata:speed>3.969</gpxdata:speed>
    </extensions>
   </trkpt>
   <trkpt lat="25.1989060" lon="121.6910650">
    <ele>15</ele>
    <time>2026-03-14T22:55:41Z</time>
    <extensions>
     <gpxdata:hr>187</gpxdata:hr>
     <gpxdata:distance>1355.00</gpxdata:distance>
     <gpxdata:cadence>96</gpxdata:cadence>
     <gpxdata:speed>3.969</gpxdata:speed>
    </extensions>
   </trkpt>
   <trkpt lat="25.1989331" lon="121.6910894">
    <ele>15</ele>
    <time>2026-03-14T22:55:42Z</time>
    <extensions>
     <gpxdata:hr>187</gpxdata:hr>
     <gpxdata:distance>1359.00</gpxdata:distance>
     <gpxdata:cadence>95</gpxdata:cadence>
     <gpxdata:speed>3.967</gpxdata:speed>
    </extensions>
   </trkpt>
   <trkpt lat="25.1989602" lon="121.6911138">
    <ele>15</ele>
    <time>2026-03-14T22:55:43Z</time>
    <extensions>
     <gpxdata:hr>187</gpxdata:hr>
     <gpxdata:distance>1363.00</gpxdata:distance>
     <gpxdata:cadence>95</gpxdata:cadence>
     <gpxdata:speed>3.964</gpxdata:speed>
    </extensions>
   </trkpt>
   <trkpt lat="25.1989867" lon="121.6911396">
    <ele>15</ele>
    <time>2026-03-14T22:55:44Z</time>
    <extensions>
     <gpxdata:hr>188</gpxdata:hr>
     <gpxdata:distance>1367.00</gpxdata:distance>
     <gpxdata:cadence>94</gpxdata:cadence>
     <gpxdata:speed>3.961</gpxdata:speed>
    </extensions>
   </trkpt>
   <trkpt lat="25.1990133" lon="121.6911654">
    <ele>15</ele>
    <time>2026-03-14T22:55:45Z</time>
    <extensions>
     <gpxdata:hr>188</gpxdata:hr>
     <gpxdata:distance>1371.00</gpxdata:distance>
     <gpxdata:cadence>94</gpxdata:cadence>
     <gpxdata:speed>3.958</gpxdata:speed>
    </extensions>
   </trkpt>
   <trkpt lat="25.1990401" lon="121.6911912">
    <ele>15</ele>
    <time>2026-03-14T22:55:46Z</time>
    <extensions>
     <gpxdata:hr>188</gpxdata:hr>
     <gpxdata:distance>1374.50</gpxdata:distance>
     <gpxdata:cadence>94</gpxdata:cadence>
     <gpxdata:speed>3.958</gpxdata:speed>
    </extensions>
   </trkpt>
   <trkpt lat="25.1990670" lon="121.6912171">
    <ele>15</ele>
    <time>2026-03-14T22:55:47Z</time>
    <extensions>
     <gpxdata:hr>188</gpxdata:hr>
     <gpxdata:distance>1378.00</gpxdata:distance>
     <gpxdata:cadence>94</gpxdata:cadence>
     <gpxdata:speed>3.958</gpxdata:speed>
    </extensions>
   </trkpt>
   <trkpt lat="25.1990946" lon="121.6912419">
    <ele>15</ele>
    <time>2026-03-14T22:55:48Z</time>
    <extensions>
     <gpxdata:hr>188</gpxdata:hr>
     <gpxdata:distance>1382.00</gpxdata:distance>
     <gpxdata:cadence>94</gpxdata:cadence>
     <gpxdata:speed>3.958</gpxdata:speed>
    </extensions>
   </trkpt>
   <trkpt lat="25.1991222" lon="121.6912667">
    <ele>15</ele>
    <time>2026-03-14T22:55:49Z</time>
    <extensions>
     <gpxdata:hr>188</gpxdata:hr>
     <gpxdata:distance>1386.00</gpxdata:distance>
     <gpxdata:cadence>95</gpxdata:cadence>
     <gpxdata:speed>3.961</gpxdata:speed>
    </extensions>
   </trkpt>
   <trkpt lat="25.1991506" lon="121.6912905">
    <ele>15</ele>
    <time>2026-03-14T22:55:50Z</time>
    <extensions>
     <gpxdata:hr>188</gpxdata:hr>
     <gpxdata:distance>1390.00</gpxdata:distance>
     <gpxdata:cadence>95</gpxdata:cadence>
     <gpxdata:speed>3.961</gpxdata:speed>
    </extensions>
   </trkpt>
   <trkpt lat="25.1991790" lon="121.6913143">
    <ele>15</ele>
    <time>2026-03-14T22:55:51Z</time>
    <extensions>
     <gpxdata:hr>188</gpxdata:hr>
     <gpxdata:distance>1394.00</gpxdata:distance>
     <gpxdata:cadence>96</gpxdata:cadence>
     <gpxdata:speed>3.961</gpxdata:speed>
    </extensions>
   </trkpt>
   <trkpt lat="25.1992077" lon="121.6913372">
    <ele>15</ele>
    <time>2026-03-14T22:55:52Z</time>
    <extensions>
     <gpxdata:hr>188</gpxdata:hr>
     <gpxdata:distance>1398.00</gpxdata:distance>
     <gpxdata:cadence>96</gpxdata:cadence>
     <gpxdata:speed>3.961</gpxdata:speed>
    </extensions>
   </trkpt>
   <trkpt lat="25.1992365" lon="121.6913602">
    <ele>15</ele>
    <time>2026-03-14T22:55:53Z</time>
    <extensions>
     <gpxdata:hr>188</gpxdata:hr>
     <gpxdata:distance>1402.00</gpxdata:distance>
     <gpxdata:cadence>96</gpxdata:cadence>
     <gpxdata:speed>3.961</gpxdata:speed>
    </extensions>
   </trkpt>
   <trkpt lat="25.1992653" lon="121.6913829">
    <ele>15</ele>
    <time>2026-03-14T22:55:54Z</time>
    <extensions>
     <gpxdata:hr>188</gpxdata:hr>
     <gpxdata:distance>1406.00</gpxdata:distance>
     <gpxdata:cadence>95</gpxdata:cadence>
     <gpxdata:speed>3.958</gpxdata:speed>
    </extensions>
   </trkpt>
   <trkpt lat="25.1992942" lon="121.6914056">
    <ele>15</ele>
    <time>2026-03-14T22:55:55Z</time>
    <extensions>
     <gpxdata:hr>188</gpxdata:hr>
     <gpxdata:distance>1410.00</gpxdata:distance>
     <gpxdata:cadence>95</gpxdata:cadence>
     <gpxdata:speed>3.958</gpxdata:speed>
    </extensions>
   </trkpt>
   <trkpt lat="25.1993229" lon="121.6914284">
    <ele>15</ele>
    <time>2026-03-14T22:55:56Z</time>
    <extensions>
     <gpxdata:hr>188</gpxdata:hr>
     <gpxdata:distance>1414.00</gpxdata:distance>
     <gpxdata:cadence>95</gpxdata:cadence>
     <gpxdata:speed>3.958</gpxdata:speed>
    </extensions>
   </trkpt>
   <trkpt lat="25.1993517" lon="121.6914513">
    <ele>15</ele>
    <time>2026-03-14T22:55:57Z</time>
    <extensions>
     <gpxdata:hr>188</gpxdata:hr>
     <gpxdata:distance>1418.00</gpxdata:distance>
     <gpxdata:cadence>95</gpxdata:cadence>
     <gpxdata:speed>3.958</gpxdata:speed>
    </extensions>
   </trkpt>
   <trkpt lat="25.1993803" lon="121.6914739">
    <ele>15</ele>
    <time>2026-03-14T22:55:58Z</time>
    <extensions>
     <gpxdata:hr>189</gpxdata:hr>
     <gpxdata:distance>1422.00</gpxdata:distance>
     <gpxdata:cadence>95</gpxdata:cadence>
     <gpxdata:speed>3.956</gpxdata:speed>
    </extensions>
   </trkpt>
   <trkpt lat="25.1994089" lon="121.6914966">
    <ele>15</ele>
    <time>2026-03-14T22:55:59Z</time>
    <extensions>
     <gpxdata:hr>189</gpxdata:hr>
     <gpxdata:distance>1426.00</gpxdata:distance>
     <gpxdata:cadence>96</gpxdata:cadence>
     <gpxdata:speed>3.956</gpxdata:speed>
    </extensions>
   </trkpt>
   <trkpt lat="25.1994378" lon="121.6915189">
    <ele>15</ele>
    <time>2026-03-14T22:56:00Z</time>
    <extensions>
     <gpxdata:hr>190</gpxdata:hr>
     <gpxdata:distance>1430.00</gpxdata:distance>
     <gpxdata:cadence>96</gpxdata:cadence>
     <gpxdata:speed>3.956</gpxdata:speed>
    </extensions>
   </trkpt>
   <trkpt lat="25.1994667" lon="121.6915413">
    <ele>15</ele>
    <time>2026-03-14T22:56:01Z</time>
    <extensions>
     <gpxdata:hr>190</gpxdata:hr>
     <gpxdata:distance>1434.00</gpxdata:distance>
     <gpxdata:cadence>96</gpxdata:cadence>
     <gpxdata:speed>3.956</gpxdata:speed>
    </extensions>
   </trkpt>
   <trkpt lat="25.1994965" lon="121.6915630">
    <ele>15</ele>
    <time>2026-03-14T22:56:02Z</time>
    <extensions>
     <gpxdata:hr>190</gpxdata:hr>
     <gpxdata:distance>1438.00</gpxdata:distance>
     <gpxdata:cadence>96</gpxdata:cadence>
     <gpxdata:speed>3.953</gpxdata:speed>
    </extensions>
   </trkpt>
   <trkpt lat="25.1995264" lon="121.6915848">
    <ele>15</ele>
    <time>2026-03-14T22:56:03Z</time>
    <extensions>
     <gpxdata:hr>191</gpxdata:hr>
     <gpxdata:distance>1442.00</gpxdata:distance>
     <gpxdata:cadence>96</gpxdata:cadence>
     <gpxdata:speed>3.953</gpxdata:speed>
    </extensions>
   </trkpt>
   <trkpt lat="25.1995570" lon="121.6916059">
    <ele>15</ele>
    <time>2026-03-14T22:56:04Z</time>
    <extensions>
     <gpxdata:hr>191</gpxdata:hr>
     <gpxdata:distance>1446.00</gpxdata:distance>
     <gpxdata:cadence>96</gpxdata:cadence>
     <gpxdata:speed>3.953</gpxdata:speed>
    </extensions>
   </trkpt>
   <trkpt lat="25.1995877" lon="121.6916270">
    <ele>15</ele>
    <time>2026-03-14T22:56:05Z</time>
    <extensions>
     <gpxdata:hr>191</gpxdata:hr>
     <gpxdata:distance>1450.00</gpxdata:distance>
     <gpxdata:cadence>96</gpxdata:cadence>
     <gpxdata:speed>3.956</gpxdata:speed>
    </extensions>
   </trkpt>
   <trkpt lat="25.1996185" lon="121.6916484">
    <ele>15</ele>
    <time>2026-03-14T22:56:06Z</time>
    <extensions>
     <gpxdata:hr>191</gpxdata:hr>
     <gpxdata:distance>1454.00</gpxdata:distance>
     <gpxdata:cadence>96</gpxdata:cadence>
     <gpxdata:speed>3.958</gpxdata:speed>
    </extensions>
   </trkpt>
   <trkpt lat="25.1996494" lon="121.6916698">
    <ele>15</ele>
    <time>2026-03-14T22:56:07Z</time>
    <extensions>
     <gpxdata:hr>191</gpxdata:hr>
     <gpxdata:distance>1458.00</gpxdata:distance>
     <gpxdata:cadence>97</gpxdata:cadence>
     <gpxdata:speed>3.964</gpxdata:speed>
    </extensions>
   </trkpt>
   <trkpt lat="25.1996800" lon="121.6916915">
    <ele>15</ele>
    <time>2026-03-14T22:56:08Z</time>
    <extensions>
     <gpxdata:hr>190</gpxdata:hr>
     <gpxdata:distance>1462.00</gpxdata:distance>
     <gpxdata:cadence>96</gpxdata:cadence>
     <gpxdata:speed>3.967</gpxdata:speed>
    </extensions>
   </trkpt>
   <trkpt lat="25.1997106" lon="121.6917133">
    <ele>15</ele>
    <time>2026-03-14T22:56:09Z</time>
    <extensions>
     <gpxdata:hr>190</gpxdata:hr>
     <gpxdata:distance>1466.00</gpxdata:distance>
     <gpxdata:cadence>96</gpxdata:cadence>
     <gpxdata:speed>3.969</gpxdata:speed>
    </extensions>
   </trkpt>
   <trkpt lat="25.1997408" lon="121.6917351">
    <ele>15</ele>
    <time>2026-03-14T22:56:10Z</time>
    <extensions>
     <gpxdata:hr>190</gpxdata:hr>
     <gpxdata:distance>1470.00</gpxdata:distance>
     <gpxdata:cadence>96</gpxdata:cadence>
     <gpxdata:speed>3.969</gpxdata:speed>
    </extensions>
   </trkpt>
   <trkpt lat="25.1997711" lon="121.6917569">
    <ele>15</ele>
    <time>2026-03-14T22:56:11Z</time>
    <extensions>
     <gpxdata:hr>190</gpxdata:hr>
     <gpxdata:distance>1474.00</gpxdata:distance>
     <gpxdata:cadence>96</gpxdata:cadence>
     <gpxdata:speed>3.972</gpxdata:speed>
    </extensions>
   </trkpt>
   <trkpt lat="25.1998012" lon="121.6917789">
    <ele>15</ele>
    <time>2026-03-14T22:56:12Z</time>
    <extensions>
     <gpxdata:hr>191</gpxdata:hr>
     <gpxdata:distance>1478.00</gpxdata:distance>
     <gpxdata:cadence>96</gpxdata:cadence>
     <gpxdata:speed>3.972</gpxdata:speed>
    </extensions>
   </trkpt>
   <trkpt lat="25.1998313" lon="121.6918009">
    <ele>15</ele>
    <time>2026-03-14T22:56:13Z</time>
    <extensions>
     <gpxdata:hr>191</gpxdata:hr>
     <gpxdata:distance>1482.00</gpxdata:distance>
     <gpxdata:cadence>96</gpxdata:cadence>
     <gpxdata:speed>3.975</gpxdata:speed>
    </extensions>
   </trkpt>
   <trkpt lat="25.1998612" lon="121.6918229">
    <ele>15</ele>
    <time>2026-03-14T22:56:14Z</time>
    <extensions>
     <gpxdata:hr>191</gpxdata:hr>
     <gpxdata:distance>1486.00</gpxdata:distance>
     <gpxdata:cadence>96</gpxdata:cadence>
     <gpxdata:speed>3.975</gpxdata:speed>
    </extensions>
   </trkpt>
   <trkpt lat="25.1998911" lon="121.6918450">
    <ele>15</ele>
    <time>2026-03-14T22:56:15Z</time>
    <extensions>
     <gpxdata:hr>192</gpxdata:hr>
     <gpxdata:distance>1490.00</gpxdata:distance>
     <gpxdata:cadence>96</gpxdata:cadence>
     <gpxdata:speed>3.978</gpxdata:speed>
    </extensions>
   </trkpt>
   <trkpt lat="25.1999205" lon="121.6918671">
    <ele>15</ele>
    <time>2026-03-14T22:56:16Z</time>
    <extensions>
     <gpxdata:hr>192</gpxdata:hr>
     <gpxdata:distance>1494.00</gpxdata:distance>
     <gpxdata:cadence>96</gpxdata:cadence>
     <gpxdata:speed>3.978</gpxdata:speed>
    </extensions>
   </trkpt>
   <trkpt lat="25.1999500" lon="121.6918893">
    <ele>15</ele>
    <time>2026-03-14T22:56:17Z</time>
    <extensions>
     <gpxdata:hr>192</gpxdata:hr>
     <gpxdata:distance>1498.00</gpxdata:distance>
     <gpxdata:cadence>96</gpxdata:cadence>
     <gpxdata:speed>3.981</gpxdata:speed>
    </extensions>
   </trkpt>
   <trkpt lat="25.1999796" lon="121.6919112">
    <ele>15</ele>
    <time>2026-03-14T22:56:18Z</time>
    <extensions>
     <gpxdata:hr>192</gpxdata:hr>
     <gpxdata:distance>1502.00</gpxdata:distance>
     <gpxdata:cadence>95</gpxdata:cadence>
     <gpxdata:speed>3.978</gpxdata:speed>
    </extensions>
   </trkpt>
   <trkpt lat="25.2000092" lon="121.6919332">
    <ele>15</ele>
    <time>2026-03-14T22:56:19Z</time>
    <extensions>
     <gpxdata:hr>193</gpxdata:hr>
     <gpxdata:distance>1506.00</gpxdata:distance>
     <gpxdata:cadence>95</gpxdata:cadence>
     <gpxdata:speed>3.978</gpxdata:speed>
    </extensions>
   </trkpt>
   <trkpt lat="25.2000393" lon="121.6919549">
    <ele>15</ele>
    <time>2026-03-14T22:56:20Z</time>
    <extensions>
     <gpxdata:hr>193</gpxdata:hr>
     <gpxdata:distance>1510.00</gpxdata:distance>
     <gpxdata:cadence>95</gpxdata:cadence>
     <gpxdata:speed>3.978</gpxdata:speed>
    </extensions>
   </trkpt>
   <trkpt lat="25.2000695" lon="121.6919766">
    <ele>15</ele>
    <time>2026-03-14T22:56:21Z</time>
    <extensions>
     <gpxdata:hr>193</gpxdata:hr>
     <gpxdata:distance>1514.00</gpxdata:distance>
     <gpxdata:cadence>95</gpxdata:cadence>
     <gpxdata:speed>3.978</gpxdata:speed>
    </extensions>
   </trkpt>
   <trkpt lat="25.2000996" lon="121.6919982">
    <ele>15</ele>
    <time>2026-03-14T22:56:22Z</time>
    <extensions>
     <gpxdata:hr>193</gpxdata:hr>
     <gpxdata:distance>1518.00</gpxdata:distance>
     <gpxdata:cadence>95</gpxdata:cadence>
     <gpxdata:speed>3.975</gpxdata:speed>
    </extensions>
   </trkpt>
   <trkpt lat="25.2001298" lon="121.6920198">
    <ele>15</ele>
    <time>2026-03-14T22:56:23Z</time>
    <extensions>
     <gpxdata:hr>193</gpxdata:hr>
     <gpxdata:distance>1522.00</gpxdata:distance>
     <gpxdata:cadence>95</gpxdata:cadence>
     <gpxdata:speed>3.975</gpxdata:speed>
    </extensions>
   </trkpt>
   <trkpt lat="25.2001598" lon="121.6920410">
    <ele>15</ele>
    <time>2026-03-14T22:56:24Z</time>
    <extensions>
     <gpxdata:hr>193</gpxdata:hr>
     <gpxdata:distance>1526.00</gpxdata:distance>
     <gpxdata:cadence>95</gpxdata:cadence>
     <gpxdata:speed>3.975</gpxdata:speed>
    </extensions>
   </trkpt>
   <trkpt lat="25.2001898" lon="121.6920622">
    <ele>15</ele>
    <time>2026-03-14T22:56:25Z</time>
    <extensions>
     <gpxdata:hr>193</gpxdata:hr>
     <gpxdata:distance>1530.00</gpxdata:distance>
     <gpxdata:cadence>95</gpxdata:cadence>
     <gpxdata:speed>3.975</gpxdata:speed>
    </extensions>
   </trkpt>
   <trkpt lat="25.2002196" lon="121.6920833">
    <ele>15</ele>
    <time>2026-03-14T22:56:26Z</time>
    <extensions>
     <gpxdata:hr>193</gpxdata:hr>
     <gpxdata:distance>1534.00</gpxdata:distance>
     <gpxdata:cadence>95</gpxdata:cadence>
     <gpxdata:speed>3.972</gpxdata:speed>
    </extensions>
   </trkpt>
   <trkpt lat="25.2002494" lon="121.6921045">
    <ele>15</ele>
    <time>2026-03-14T22:56:27Z</time>
    <extensions>
     <gpxdata:hr>193</gpxdata:hr>
     <gpxdata:distance>1538.00</gpxdata:distance>
     <gpxdata:cadence>95</gpxdata:cadence>
     <gpxdata:speed>3.972</gpxdata:speed>
    </extensions>
   </trkpt>
   <trkpt lat="25.2002791" lon="121.6921257">
    <ele>15</ele>
    <time>2026-03-14T22:56:28Z</time>
    <extensions>
     <gpxdata:hr>193</gpxdata:hr>
     <gpxdata:distance>1541.50</gpxdata:distance>
     <gpxdata:cadence>96</gpxdata:cadence>
     <gpxdata:speed>3.969</gpxdata:speed>
    </extensions>
   </trkpt>
   <trkpt lat="25.2003089" lon="121.6921469">
    <ele>15</ele>
    <time>2026-03-14T22:56:29Z</time>
    <extensions>
     <gpxdata:hr>193</gpxdata:hr>
     <gpxdata:distance>1545.00</gpxdata:distance>
     <gpxdata:cadence>96</gpxdata:cadence>
     <gpxdata:speed>3.969</gpxdata:speed>
    </extensions>
   </trkpt>
   <trkpt lat="25.2003387" lon="121.6921678">
    <ele>15</ele>
    <time>2026-03-14T22:56:30Z</time>
    <extensions>
     <gpxdata:hr>193</gpxdata:hr>
     <gpxdata:distance>1549.00</gpxdata:distance>
     <gpxdata:cadence>96</gpxdata:cadence>
     <gpxdata:speed>3.969</gpxdata:speed>
    </extensions>
   </trkpt>
   <trkpt lat="25.2003686" lon="121.6921887">
    <ele>15</ele>
    <time>2026-03-14T22:56:31Z</time>
    <extensions>
     <gpxdata:hr>193</gpxdata:hr>
     <gpxdata:distance>1553.00</gpxdata:distance>
     <gpxdata:cadence>97</gpxdata:cadence>
     <gpxdata:speed>3.969</gpxdata:speed>
    </extensions>
   </trkpt>
   <trkpt lat="25.2003984" lon="121.6922094">
    <ele>15</ele>
    <time>2026-03-14T22:56:32Z</time>
    <extensions>
     <gpxdata:hr>193</gpxdata:hr>
     <gpxdata:distance>1557.00</gpxdata:distance>
     <gpxdata:cadence>97</gpxdata:cadence>
     <gpxdata:speed>3.967</gpxdata:speed>
    </extensions>
   </trkpt>
   <trkpt lat="25.2004283" lon="121.6922302">
    <ele>15</ele>
    <time>2026-03-14T22:56:33Z</time>
    <extensions>
     <gpxdata:hr>193</gpxdata:hr>
     <gpxdata:distance>1561.00</gpxdata:distance>
     <gpxdata:cadence>97</gpxdata:cadence>
     <gpxdata:speed>3.967</gpxdata:speed>
    </extensions>
   </trkpt>
   <trkpt lat="25.2004576" lon="121.6922514">
    <ele>15</ele>
    <time>2026-03-14T22:56:34Z</time>
    <extensions>
     <gpxdata:hr>193</gpxdata:hr>
     <gpxdata:distance>1565.00</gpxdata:distance>
     <gpxdata:cadence>96</gpxdata:cadence>
     <gpxdata:speed>3.964</gpxdata:speed>
    </extensions>
   </trkpt>
   <trkpt lat="25.2004870" lon="121.6922726">
    <ele>15</ele>
    <time>2026-03-14T22:56:35Z</time>
    <extensions>
     <gpxdata:hr>193</gpxdata:hr>
     <gpxdata:distance>1569.00</gpxdata:distance>
     <gpxdata:cadence>96</gpxdata:cadence>
     <gpxdata:speed>3.964</gpxdata:speed>
    </extensions>
   </trkpt>
   <trkpt lat="25.2005151" lon="121.6922948">
    <ele>15</ele>
    <time>2026-03-14T22:56:36Z</time>
    <extensions>
     <gpxdata:hr>193</gpxdata:hr>
     <gpxdata:distance>1572.50</gpxdata:distance>
     <gpxdata:cadence>96</gpxdata:cadence>
     <gpxdata:speed>3.961</gpxdata:speed>
    </extensions>
   </trkpt>
   <trkpt lat="25.2005432" lon="121.6923171">
    <ele>15</ele>
    <time>2026-03-14T22:56:37Z</time>
    <extensions>
     <gpxdata:hr>191</gpxdata:hr>
     <gpxdata:distance>1576.00</gpxdata:distance>
     <gpxdata:cadence>96</gpxdata:cadence>
     <gpxdata:speed>3.958</gpxdata:speed>
    </extensions>
   </trkpt>
   <trkpt lat="25.2005696" lon="121.6923414">
    <ele>15</ele>
    <time>2026-03-14T22:56:38Z</time>
    <extensions>
     <gpxdata:hr>190</gpxdata:hr>
     <gpxdata:distance>1580.00</gpxdata:distance>
     <gpxdata:cadence>96</gpxdata:cadence>
     <gpxdata:speed>3.956</gpxdata:speed>
    </extensions>
   </trkpt>
   <trkpt lat="25.2005960" lon="121.6923657">
    <ele>15</ele>
    <time>2026-03-14T22:56:39Z</time>
    <extensions>
     <gpxdata:hr>189</gpxdata:hr>
     <gpxdata:distance>1584.00</gpxdata:distance>
     <gpxdata:cadence>97</gpxdata:cadence>
     <gpxdata:speed>3.953</gpxdata:speed>
    </extensions>
   </trkpt>
   <trkpt lat="25.2006209" lon="121.6923917">
    <ele>15</ele>
    <time>2026-03-14T22:56:40Z</time>
    <extensions>
     <gpxdata:hr>189</gpxdata:hr>
     <gpxdata:distance>1588.00</gpxdata:distance>
     <gpxdata:cadence>97</gpxdata:cadence>
     <gpxdata:speed>3.950</gpxdata:speed>
    </extensions>
   </trkpt>
   <trkpt lat="25.2006458" lon="121.6924177">
    <ele>15</ele>
    <time>2026-03-14T22:56:41Z</time>
    <extensions>
     <gpxdata:hr>189</gpxdata:hr>
     <gpxdata:distance>1592.00</gpxdata:distance>
     <gpxdata:cadence>97</gpxdata:cadence>
     <gpxdata:speed>3.947</gpxdata:speed>
    </extensions>
   </trkpt>
   <trkpt lat="25.2006694" lon="121.6924453">
    <ele>15</ele>
    <time>2026-03-14T22:56:42Z</time>
    <extensions>
     <gpxdata:hr>188</gpxdata:hr>
     <gpxdata:distance>1596.00</gpxdata:distance>
     <gpxdata:cadence>97</gpxdata:cadence>
     <gpxdata:speed>3.942</gpxdata:speed>
    </extensions>
   </trkpt>
   <trkpt lat="25.2006930" lon="121.6924730">
    <ele>15</ele>
    <time>2026-03-14T22:56:43Z</time>
    <extensions>
     <gpxdata:hr>188</gpxdata:hr>
     <gpxdata:distance>1600.00</gpxdata:distance>
     <gpxdata:cadence>97</gpxdata:cadence>
     <gpxdata:speed>3.939</gpxdata:speed>
    </extensions>
   </trkpt>
   <trkpt lat="25.2007160" lon="121.6925019">
    <ele>15</ele>
    <time>2026-03-14T22:56:44Z</time>
    <extensions>
     <gpxdata:hr>187</gpxdata:hr>
     <gpxdata:distance>1603.50</gpxdata:distance>
     <gpxdata:cadence>97</gpxdata:cadence>
     <gpxdata:speed>3.936</gpxdata:speed>
    </extensions>
   </trkpt>
   <trkpt lat="25.2007390" lon="121.6925308">
    <ele>15</ele>
    <time>2026-03-14T22:56:45Z</time>
    <extensions>
     <gpxdata:hr>187</gpxdata:hr>
     <gpxdata:distance>1607.00</gpxdata:distance>
     <gpxdata:cadence>97</gpxdata:cadence>
     <gpxdata:speed>3.933</gpxdata:speed>
    </extensions>
   </trkpt>
   <trkpt lat="25.2007613" lon="121.6925601">
    <ele>15</ele>
    <time>2026-03-14T22:56:46Z</time>
    <extensions>
     <gpxdata:hr>186</gpxdata:hr>
     <gpxdata:distance>1611.00</gpxdata:distance>
     <gpxdata:cadence>97</gpxdata:cadence>
     <gpxdata:speed>3.931</gpxdata:speed>
    </extensions>
   </trkpt>
   <trkpt lat="25.2007836" lon="121.6925894">
    <ele>15</ele>
    <time>2026-03-14T22:56:47Z</time>
    <extensions>
     <gpxdata:hr>186</gpxdata:hr>
     <gpxdata:distance>1615.00</gpxdata:distance>
     <gpxdata:cadence>97</gpxdata:cadence>
     <gpxdata:speed>3.928</gpxdata:speed>
    </extensions>
   </trkpt>
   <trkpt lat="25.2008047" lon="121.6926191">
    <ele>15</ele>
    <time>2026-03-14T22:56:48Z</time>
    <extensions>
     <gpxdata:hr>186</gpxdata:hr>
     <gpxdata:distance>1618.50</gpxdata:distance>
     <gpxdata:cadence>97</gpxdata:cadence>
     <gpxdata:speed>3.925</gpxdata:speed>
    </extensions>
   </trkpt>
   <trkpt lat="25.2008259" lon="121.6926489">
    <ele>15</ele>
    <time>2026-03-14T22:56:49Z</time>
    <extensions>
     <gpxdata:hr>185</gpxdata:hr>
     <gpxdata:distance>1622.00</gpxdata:distance>
     <gpxdata:cadence>97</gpxdata:cadence>
     <gpxdata:speed>3.925</gpxdata:speed>
    </extensions>
   </trkpt>
   <trkpt lat="25.2008454" lon="121.6926801">
    <ele>15</ele>
    <time>2026-03-14T22:56:50Z</time>
    <extensions>
     <gpxdata:hr>185</gpxdata:hr>
     <gpxdata:distance>1626.00</gpxdata:distance>
     <gpxdata:cadence>97</gpxdata:cadence>
     <gpxdata:speed>3.919</gpxdata:speed>
    </extensions>
   </trkpt>
   <trkpt lat="25.2008650" lon="121.6927114">
    <ele>15</ele>
    <time>2026-03-14T22:56:51Z</time>
    <extensions>
     <gpxdata:hr>184</gpxdata:hr>
     <gpxdata:distance>1630.00</gpxdata:distance>
     <gpxdata:cadence>97</gpxdata:cadence>
     <gpxdata:speed>3.917</gpxdata:speed>
    </extensions>
   </trkpt>
   <trkpt lat="25.2008827" lon="121.6927443">
    <ele>15</ele>
    <time>2026-03-14T22:56:52Z</time>
    <extensions>
     <gpxdata:hr>184</gpxdata:hr>
     <gpxdata:distance>1634.00</gpxdata:distance>
     <gpxdata:cadence>97</gpxdata:cadence>
     <gpxdata:speed>3.914</gpxdata:speed>
    </extensions>
   </trkpt>
   <trkpt lat="25.2009005" lon="121.6927773">
    <ele>15</ele>
    <time>2026-03-14T22:56:53Z</time>
    <extensions>
     <gpxdata:hr>183</gpxdata:hr>
     <gpxdata:distance>1638.00</gpxdata:distance>
     <gpxdata:cadence>97</gpxdata:cadence>
     <gpxdata:speed>3.911</gpxdata:speed>
    </extensions>
   </trkpt>
   <trkpt lat="25.2009168" lon="121.6928119">
    <ele>15</ele>
    <time>2026-03-14T22:56:54Z</time>
    <extensions>
     <gpxdata:hr>183</gpxdata:hr>
     <gpxdata:distance>1642.00</gpxdata:distance>
     <gpxdata:cadence>96</gpxdata:cadence>
     <gpxdata:speed>3.908</gpxdata:speed>
    </extensions>
   </trkpt>
   <trkpt lat="25.2009331" lon="121.6928465">
    <ele>15</ele>
    <time>2026-03-14T22:56:55Z</time>
    <extensions>
     <gpxdata:hr>182</gpxdata:hr>
     <gpxdata:distance>1646.00</gpxdata:distance>
     <gpxdata:cadence>96</gpxdata:cadence>
     <gpxdata:speed>3.908</gpxdata:speed>
    </extensions>
   </trkpt>
   <trkpt lat="25.2009480" lon="121.6928820">
    <ele>15</ele>
    <time>2026-03-14T22:56:56Z</time>
    <extensions>
     <gpxdata:hr>182</gpxdata:hr>
     <gpxdata:distance>1650.00</gpxdata:distance>
     <gpxdata:cadence>96</gpxdata:cadence>
     <gpxdata:speed>3.906</gpxdata:speed>
    </extensions>
   </trkpt>
   <trkpt lat="25.2009630" lon="121.6929176">
    <ele>15</ele>
    <time>2026-03-14T22:56:57Z</time>
    <extensions>
     <gpxdata:hr>181</gpxdata:hr>
     <gpxdata:distance>1654.00</gpxdata:distance>
     <gpxdata:cadence>96</gpxdata:cadence>
     <gpxdata:speed>3.906</gpxdata:speed>
    </extensions>
   </trkpt>
   <trkpt lat="25.2009767" lon="121.6929536">
    <ele>15</ele>
    <time>2026-03-14T22:56:58Z</time>
    <extensions>
     <gpxdata:hr>181</gpxdata:hr>
     <gpxdata:distance>1658.00</gpxdata:distance>
     <gpxdata:cadence>95</gpxdata:cadence>
     <gpxdata:speed>3.903</gpxdata:speed>
    </extensions>
   </trkpt>
   <trkpt lat="25.2009905" lon="121.6929896">
    <ele>15</ele>
    <time>2026-03-14T22:56:59Z</time>
    <extensions>
     <gpxdata:hr>180</gpxdata:hr>
     <gpxdata:distance>1662.00</gpxdata:distance>
     <gpxdata:cadence>95</gpxdata:cadence>
     <gpxdata:speed>3.903</gpxdata:speed>
    </extensions>
   </trkpt>
   <trkpt lat="25.2010035" lon="121.6930260">
    <ele>15</ele>
    <time>2026-03-14T22:57:00Z</time>
    <extensions>
     <gpxdata:hr>180</gpxdata:hr>
     <gpxdata:distance>1666.00</gpxdata:distance>
     <gpxdata:cadence>96</gpxdata:cadence>
     <gpxdata:speed>3.903</gpxdata:speed>
    </extensions>
   </trkpt>
   <trkpt lat="25.2010165" lon="121.6930624">
    <ele>15</ele>
    <time>2026-03-14T22:57:01Z</time>
    <extensions>
     <gpxdata:hr>179</gpxdata:hr>
     <gpxdata:distance>1670.00</gpxdata:distance>
     <gpxdata:cadence>97</gpxdata:cadence>
     <gpxdata:speed>3.903</gpxdata:speed>
    </extensions>
   </trkpt>
   <trkpt lat="25.2010289" lon="121.6930989">
    <ele>15</ele>
    <time>2026-03-14T22:57:02Z</time>
    <extensions>
     <gpxdata:hr>179</gpxdata:hr>
     <gpxdata:distance>1673.50</gpxdata:distance>
     <gpxdata:cadence>96</gpxdata:cadence>
     <gpxdata:speed>3.903</gpxdata:speed>
    </extensions>
   </trkpt>
   <trkpt lat="25.2010413" lon="121.6931354">
    <ele>15</ele>
    <time>2026-03-14T22:57:03Z</time>
    <extensions>
     <gpxdata:hr>178</gpxdata:hr>
     <gpxdata:distance>1677.00</gpxdata:distance>
     <gpxdata:cadence>96</gpxdata:cadence>
     <gpxdata:speed>3.906</gpxdata:speed>
    </extensions>
   </trkpt>
   <trkpt lat="25.2010544" lon="121.6931716">
    <ele>15</ele>
    <time>2026-03-14T22:57:04Z</time>
    <extensions>
     <gpxdata:hr>178</gpxdata:hr>
     <gpxdata:distance>1681.00</gpxdata:distance>
     <gpxdata:cadence>96</gpxdata:cadence>
     <gpxdata:speed>3.906</gpxdata:speed>
    </extensions>
   </trkpt>
   <trkpt lat="25.2010675" lon="121.6932079">
    <ele>16</ele>
    <time>2026-03-14T22:57:05Z</time>
    <extensions>
     <gpxdata:hr>177</gpxdata:hr>
     <gpxdata:distance>1685.00</gpxdata:distance>
     <gpxdata:cadence>96</gpxdata:cadence>
     <gpxdata:speed>3.906</gpxdata:speed>
    </extensions>
   </trkpt>
   <trkpt lat="25.2010828" lon="121.6932428">
    <ele>16</ele>
    <time>2026-03-14T22:57:06Z</time>
    <extensions>
     <gpxdata:hr>177</gpxdata:hr>
     <gpxdata:distance>1689.00</gpxdata:distance>
     <gpxdata:cadence>96</gpxdata:cadence>
     <gpxdata:speed>3.906</gpxdata:speed>
    </extensions>
   </trkpt>
   <trkpt lat="25.2010982" lon="121.6932777">
    <ele>16</ele>
    <time>2026-03-14T22:57:07Z</time>
    <extensions>
     <gpxdata:hr>176</gpxdata:hr>
     <gpxdata:distance>1693.00</gpxdata:distance>
     <gpxdata:cadence>96</gpxdata:cadence>
     <gpxdata:speed>3.908</gpxdata:speed>
    </extensions>
   </trkpt>
   <trkpt lat="25.2011172" lon="121.6933094">
    <ele>16</ele>
    <time>2026-03-14T22:57:08Z</time>
    <extensions>
     <gpxdata:hr>176</gpxdata:hr>
     <gpxdata:distance>1697.00</gpxdata:distance>
     <gpxdata:cadence>96</gpxdata:cadence>
     <gpxdata:speed>3.908</gpxdata:speed>
    </extensions>
   </trkpt>
   <trkpt lat="25.2011362" lon="121.6933411">
    <ele>16</ele>
    <time>2026-03-14T22:57:09Z</time>
    <extensions>
     <gpxdata:hr>175</gpxdata:hr>
     <gpxdata:distance>1701.00</gpxdata:distance>
     <gpxdata:cadence>96</gpxdata:cadence>
     <gpxdata:speed>3.908</gpxdata:speed>
    </extensions>
   </trkpt>
   <trkpt lat="25.2011597" lon="121.6933679">
    <ele>16</ele>
    <time>2026-03-14T22:57:10Z</time>
    <extensions>
     <gpxdata:hr>175</gpxdata:hr>
     <gpxdata:distance>1704.50</gpxdata:distance>
     <gpxdata:cadence>96</gpxdata:cadence>
     <gpxdata:speed>3.906</gpxdata:speed>
    </extensions>
   </trkpt>
   <trkpt lat="25.2011833" lon="121.6933947">
    <ele>16</ele>
    <time>2026-03-14T22:57:11Z</time>
    <extensions>
     <gpxdata:hr>174</gpxdata:hr>
     <gpxdata:distance>1708.00</gpxdata:distance>
     <gpxdata:cadence>96</gpxdata:cadence>
     <gpxdata:speed>3.906</gpxdata:speed>
    </extensions>
   </trkpt>
   <trkpt lat="25.2012113" lon="121.6934165">
    <ele>16</ele>
    <time>2026-03-14T22:57:12Z</time>
    <extensions>
     <gpxdata:hr>174</gpxdata:hr>
     <gpxdata:distance>1712.00</gpxdata:distance>
     <gpxdata:cadence>96</gpxdata:cadence>
     <gpxdata:speed>3.903</gpxdata:speed>
    </extensions>
   </trkpt>
   <trkpt lat="25.2012394" lon="121.6934383">
    <ele>16</ele>
    <time>2026-03-14T22:57:13Z</time>
    <extensions>
     <gpxdata:hr>173</gpxdata:hr>
     <gpxdata:distance>1716.00</gpxdata:distance>
     <gpxdata:cadence>96</gpxdata:cadence>
     <gpxdata:speed>3.903</gpxdata:speed>
    </extensions>
   </trkpt>
   <trkpt lat="25.2012702" lon="121.6934554">
    <ele>16</ele>
    <time>2026-03-14T22:57:14Z</time>
    <extensions>
     <gpxdata:hr>173</gpxdata:hr>
     <gpxdata:distance>1720.00</gpxdata:distance>
     <gpxdata:cadence>96</gpxdata:cadence>
     <gpxdata:speed>3.900</gpxdata:speed>
    </extensions>
   </trkpt>
   <trkpt lat="25.2013010" lon="121.6934725">
    <ele>16</ele>
    <time>2026-03-14T22:57:15Z</time>
    <extensions>
     <gpxdata:hr>172</gpxdata:hr>
     <gpxdata:distance>1724.00</gpxdata:distance>
     <gpxdata:cadence>97</gpxdata:cadence>
     <gpxdata:speed>3.897</gpxdata:speed>
    </extensions>
   </trkpt>
   <trkpt lat="25.2013330" lon="121.6934858">
    <ele>16</ele>
    <time>2026-03-14T22:57:16Z</time>
    <extensions>
     <gpxdata:hr>172</gpxdata:hr>
     <gpxdata:distance>1727.50</gpxdata:distance>
     <gpxdata:cadence>97</gpxdata:cadence>
     <gpxdata:speed>3.894</gpxdata:speed>
    </extensions>
   </trkpt>
   <trkpt lat="25.2013651" lon="121.6934992">
    <ele>16</ele>
    <time>2026-03-14T22:57:17Z</time>
    <extensions>
     <gpxdata:hr>171</gpxdata:hr>
     <gpxdata:distance>1731.00</gpxdata:distance>
     <gpxdata:cadence>97</gpxdata:cadence>
     <gpxdata:speed>3.892</gpxdata:speed>
    </extensions>
   </trkpt>
   <trkpt lat="25.2013976" lon="121.6935104">
    <ele>16</ele>
    <time>2026-03-14T22:57:18Z</time>
    <extensions>
     <gpxdata:hr>171</gpxdata:hr>
     <gpxdata:distance>1735.00</gpxdata:distance>
     <gpxdata:cadence>97</gpxdata:cadence>
     <gpxdata:speed>3.886</gpxdata:speed>
    </extensions>
   </trkpt>
   <trkpt lat="25.2014301" lon="121.6935217">
    <ele>16</ele>
    <time>2026-03-14T22:57:19Z</time>
    <extensions>
     <gpxdata:hr>170</gpxdata:hr>
     <gpxdata:distance>1739.00</gpxdata:distance>
     <gpxdata:cadence>97</gpxdata:cadence>
     <gpxdata:speed>3.883</gpxdata:speed>
    </extensions>
   </trkpt>
   <trkpt lat="25.2014632" lon="121.6935320">
    <ele>16</ele>
    <time>2026-03-14T22:57:20Z</time>
    <extensions>
     <gpxdata:hr>170</gpxdata:hr>
     <gpxdata:distance>1743.00</gpxdata:distance>
     <gpxdata:cadence>96</gpxdata:cadence>
     <gpxdata:speed>3.881</gpxdata:speed>
    </extensions>
   </trkpt>
   <trkpt lat="25.2014963" lon="121.6935424">
    <ele>16</ele>
    <time>2026-03-14T22:57:21Z</time>
    <extensions>
     <gpxdata:hr>169</gpxdata:hr>
     <gpxdata:distance>1747.00</gpxdata:distance>
     <gpxdata:cadence>96</gpxdata:cadence>
     <gpxdata:speed>3.878</gpxdata:speed>
    </extensions>
   </trkpt>
   <trkpt lat="25.2015299" lon="121.6935535">
    <ele>16</ele>
    <time>2026-03-14T22:57:22Z</time>
    <extensions>
     <gpxdata:hr>169</gpxdata:hr>
     <gpxdata:distance>1750.50</gpxdata:distance>
     <gpxdata:cadence>96</gpxdata:cadence>
     <gpxdata:speed>3.878</gpxdata:speed>
    </extensions>
   </trkpt>
   <trkpt lat="25.2015635" lon="121.6935647">
    <ele>16</ele>
    <time>2026-03-14T22:57:23Z</time>
    <extensions>
     <gpxdata:hr>168</gpxdata:hr>
     <gpxdata:distance>1754.00</gpxdata:distance>
     <gpxdata:cadence>96</gpxdata:cadence>
     <gpxdata:speed>3.878</gpxdata:speed>
    </extensions>
   </trkpt>
   <trkpt lat="25.2015973" lon="121.6935769">
    <ele>16</ele>
    <time>2026-03-14T22:57:24Z</time>
    <extensions>
     <gpxdata:hr>168</gpxdata:hr>
     <gpxdata:distance>1758.00</gpxdata:distance>
     <gpxdata:cadence>96</gpxdata:cadence>
     <gpxdata:speed>3.875</gpxdata:speed>
    </extensions>
   </trkpt>
   <trkpt lat="25.2016311" lon="121.6935892">
    <ele>17</ele>
    <time>2026-03-14T22:57:25Z</time>
    <extensions>
     <gpxdata:hr>167</gpxdata:hr>
     <gpxdata:distance>1762.00</gpxdata:distance>
     <gpxdata:cadence>97</gpxdata:cadence>
     <gpxdata:speed>3.872</gpxdata:speed>
    </extensions>
   </trkpt>
   <trkpt lat="25.2016646" lon="121.6936026">
    <ele>17</ele>
    <time>2026-03-14T22:57:26Z</time>
    <extensions>
     <gpxdata:hr>167</gpxdata:hr>
     <gpxdata:distance>1766.00</gpxdata:distance>
     <gpxdata:cadence>96</gpxdata:cadence>
     <gpxdata:speed>3.875</gpxdata:speed>
    </extensions>
   </trkpt>
   <trkpt lat="25.2016981" lon="121.6936161">
    <ele>17</ele>
    <time>2026-03-14T22:57:27Z</time>
    <extensions>
     <gpxdata:hr>166</gpxdata:hr>
     <gpxdata:distance>1770.00</gpxdata:distance>
     <gpxdata:cadence>96</gpxdata:cadence>
     <gpxdata:speed>3.878</gpxdata:speed>
    </extensions>
   </trkpt>
   <trkpt lat="25.2017310" lon="121.6936314">
    <ele>17</ele>
    <time>2026-03-14T22:57:28Z</time>
    <extensions>
     <gpxdata:hr>166</gpxdata:hr>
     <gpxdata:distance>1774.00</gpxdata:distance>
     <gpxdata:cadence>96</gpxdata:cadence>
     <gpxdata:speed>3.881</gpxdata:speed>
    </extensions>
   </trkpt>
   <trkpt lat="25.2017639" lon="121.6936467">
    <ele>17</ele>
    <time>2026-03-14T22:57:29Z</time>
    <extensions>
     <gpxdata:hr>165</gpxdata:hr>
     <gpxdata:distance>1778.00</gpxdata:distance>
     <gpxdata:cadence>96</gpxdata:cadence>
     <gpxdata:speed>3.886</gpxdata:speed>
    </extensions>
   </trkpt>
   <trkpt lat="25.2017962" lon="121.6936646">
    <ele>17</ele>
    <time>2026-03-14T22:57:30Z</time>
    <extensions>
     <gpxdata:hr>160</gpxdata:hr>
     <gpxdata:distance>1782.50</gpxdata:distance>
     <gpxdata:cadence>96</gpxdata:cadence>
     <gpxdata:speed>3.889</gpxdata:speed>
    </extensions>
   </trkpt>
   <trkpt lat="25.2018286" lon="121.6936825">
    <ele>17</ele>
    <time>2026-03-14T22:57:31Z</time>
    <extensions>
     <gpxdata:hr>157</gpxdata:hr>
     <gpxdata:distance>1787.00</gpxdata:distance>
     <gpxdata:cadence>96</gpxdata:cadence>
     <gpxdata:speed>3.892</gpxdata:speed>
    </extensions>
   </trkpt>
   <trkpt lat="25.2018601" lon="121.6937035">
    <ele>17</ele>
    <time>2026-03-14T22:57:32Z</time>
    <extensions>
     <gpxdata:hr>156</gpxdata:hr>
     <gpxdata:distance>1791.00</gpxdata:distance>
     <gpxdata:cadence>96</gpxdata:cadence>
     <gpxdata:speed>3.897</gpxdata:speed>
    </extensions>
   </trkpt>
   <trkpt lat="25.2018916" lon="121.6937245">
    <ele>17</ele>
    <time>2026-03-14T22:57:33Z</time>
    <extensions>
     <gpxdata:hr>156</gpxdata:hr>
     <gpxdata:distance>1795.00</gpxdata:distance>
     <gpxdata:cadence>96</gpxdata:cadence>
     <gpxdata:speed>3.903</gpxdata:speed>
    </extensions>
   </trkpt>
   <trkpt lat="25.2019212" lon="121.6937483">
    <ele>17</ele>
    <time>2026-03-14T22:57:34Z</time>
    <extensions>
     <gpxdata:hr>156</gpxdata:hr>
     <gpxdata:distance>1799.00</gpxdata:distance>
     <gpxdata:cadence>96</gpxdata:cadence>
     <gpxdata:speed>3.908</gpxdata:speed>
    </extensions>
   </trkpt>
   <trkpt lat="25.2019508" lon="121.6937721">
    <ele>18</ele>
    <time>2026-03-14T22:57:35Z</time>
    <extensions>
     <gpxdata:hr>155</gpxdata:hr>
     <gpxdata:distance>1803.00</gpxdata:distance>
     <gpxdata:cadence>96</gpxdata:cadence>
     <gpxdata:speed>3.914</gpxdata:speed>
    </extensions>
   </trkpt>
   <trkpt lat="25.2019782" lon="121.6937976">
    <ele>18</ele>
    <time>2026-03-14T22:57:36Z</time>
    <extensions>
     <gpxdata:hr>155</gpxdata:hr>
     <gpxdata:distance>1806.50</gpxdata:distance>
     <gpxdata:cadence>96</gpxdata:cadence>
     <gpxdata:speed>3.917</gpxdata:speed>
    </extensions>
   </trkpt>
   <trkpt lat="25.2020056" lon="121.6938231">
    <ele>18</ele>
    <time>2026-03-14T22:57:37Z</time>
    <extensions>
     <gpxdata:hr>156</gpxdata:hr>
     <gpxdata:distance>1810.00</gpxdata:distance>
     <gpxdata:cadence>96</gpxdata:cadence>
     <gpxdata:speed>3.922</gpxdata:speed>
    </extensions>
   </trkpt>
   <trkpt lat="25.2020313" lon="121.6938500">
    <ele>18</ele>
    <time>2026-03-14T22:57:38Z</time>
    <extensions>
     <gpxdata:hr>155</gpxdata:hr>
     <gpxdata:distance>1814.00</gpxdata:distance>
     <gpxdata:cadence>96</gpxdata:cadence>
     <gpxdata:speed>3.922</gpxdata:speed>
    </extensions>
   </trkpt>
   <trkpt lat="25.2020571" lon="121.6938770">
    <ele>18</ele>
    <time>2026-03-14T22:57:39Z</time>
    <extensions>
     <gpxdata:hr>156</gpxdata:hr>
     <gpxdata:distance>1818.00</gpxdata:distance>
     <gpxdata:cadence>96</gpxdata:cadence>
     <gpxdata:speed>3.925</gpxdata:speed>
    </extensions>
   </trkpt>
   <trkpt lat="25.2020827" lon="121.6939049">
    <ele>18</ele>
    <time>2026-03-14T22:57:40Z</time>
    <extensions>
     <gpxdata:hr>155</gpxdata:hr>
     <gpxdata:distance>1822.50</gpxdata:distance>
     <gpxdata:cadence>96</gpxdata:cadence>
     <gpxdata:speed>3.925</gpxdata:speed>
    </extensions>
   </trkpt>
   <trkpt lat="25.2021084" lon="121.6939329">
    <ele>18</ele>
    <time>2026-03-14T22:57:41Z</time>
    <extensions>
     <gpxdata:hr>155</gpxdata:hr>
     <gpxdata:distance>1827.00</gpxdata:distance>
     <gpxdata:cadence>96</gpxdata:cadence>
     <gpxdata:speed>3.928</gpxdata:speed>
    </extensions>
   </trkpt>
   <trkpt lat="25.2021347" lon="121.6939612">
    <ele>18</ele>
    <time>2026-03-14T22:57:42Z</time>
    <extensions>
     <gpxdata:hr>155</gpxdata:hr>
     <gpxdata:distance>1831.00</gpxdata:distance>
     <gpxdata:cadence>96</gpxdata:cadence>
     <gpxdata:speed>3.928</gpxdata:speed>
    </extensions>
   </trkpt>
   <trkpt lat="25.2021611" lon="121.6939896">
    <ele>18</ele>
    <time>2026-03-14T22:57:43Z</time>
    <extensions>
     <gpxdata:hr>154</gpxdata:hr>
     <gpxdata:distance>1835.00</gpxdata:distance>
     <gpxdata:cadence>96</gpxdata:cadence>
     <gpxdata:speed>3.931</gpxdata:speed>
    </extensions>
   </trkpt>
   <trkpt lat="25.2021881" lon="121.6940175">
    <ele>18</ele>
    <time>2026-03-14T22:57:44Z</time>
    <extensions>
     <gpxdata:hr>154</gpxdata:hr>
     <gpxdata:distance>1839.00</gpxdata:distance>
     <gpxdata:cadence>96</gpxdata:cadence>
     <gpxdata:speed>3.933</gpxdata:speed>
    </extensions>
   </trkpt>
   <trkpt lat="25.2022151" lon="121.6940454">
    <ele>18</ele>
    <time>2026-03-14T22:57:45Z</time>
    <extensions>
     <gpxdata:hr>154</gpxdata:hr>
     <gpxdata:distance>1843.00</gpxdata:distance>
     <gpxdata:cadence>96</gpxdata:cadence>
     <gpxdata:speed>3.936</gpxdata:speed>
    </extensions>
   </trkpt>
   <trkpt lat="25.2022419" lon="121.6940728">
    <ele>18</ele>
    <time>2026-03-14T22:57:46Z</time>
    <extensions>
     <gpxdata:hr>154</gpxdata:hr>
     <gpxdata:distance>1847.00</gpxdata:distance>
     <gpxdata:cadence>96</gpxdata:cadence>
     <gpxdata:speed>3.939</gpxdata:speed>
    </extensions>
   </trkpt>
   <trkpt lat="25.2022688" lon="121.6941003">
    <ele>18</ele>
    <time>2026-03-14T22:57:47Z</time>
    <extensions>
     <gpxdata:hr>154</gpxdata:hr>
     <gpxdata:distance>1851.00</gpxdata:distance>
     <gpxdata:cadence>96</gpxdata:cadence>
     <gpxdata:speed>3.944</gpxdata:speed>
    </extensions>
   </trkpt>
   <trkpt lat="25.2022954" lon="121.6941277">
    <ele>18</ele>
    <time>2026-03-14T22:57:48Z</time>
    <extensions>
     <gpxdata:hr>154</gpxdata:hr>
     <gpxdata:distance>1855.00</gpxdata:distance>
     <gpxdata:cadence>96</gpxdata:cadence>
     <gpxdata:speed>3.947</gpxdata:speed>
    </extensions>
   </trkpt>
   <trkpt lat="25.2023220" lon="121.6941551">
    <ele>18</ele>
    <time>2026-03-14T22:57:49Z</time>
    <extensions>
     <gpxdata:hr>153</gpxdata:hr>
     <gpxdata:distance>1859.00</gpxdata:distance>
     <gpxdata:cadence>96</gpxdata:cadence>
     <gpxdata:speed>3.953</gpxdata:speed>
    </extensions>
   </trkpt>
   <trkpt lat="25.2023486" lon="121.6941824">
    <ele>18</ele>
    <time>2026-03-14T22:57:50Z</time>
    <extensions>
     <gpxdata:hr>154</gpxdata:hr>
     <gpxdata:distance>1863.00</gpxdata:distance>
     <gpxdata:cadence>96</gpxdata:cadence>
     <gpxdata:speed>3.956</gpxdata:speed>
    </extensions>
   </trkpt>
   <trkpt lat="25.2023753" lon="121.6942097">
    <ele>18</ele>
    <time>2026-03-14T22:57:51Z</time>
    <extensions>
     <gpxdata:hr>154</gpxdata:hr>
     <gpxdata:distance>1867.00</gpxdata:distance>
     <gpxdata:cadence>96</gpxdata:cadence>
     <gpxdata:speed>3.958</gpxdata:speed>
    </extensions>
   </trkpt>
   <trkpt lat="25.2024025" lon="121.6942365">
    <ele>18</ele>
    <time>2026-03-14T22:57:52Z</time>
    <extensions>
     <gpxdata:hr>154</gpxdata:hr>
     <gpxdata:distance>1871.00</gpxdata:distance>
     <gpxdata:cadence>95</gpxdata:cadence>
     <gpxdata:speed>3.958</gpxdata:speed>
    </extensions>
   </trkpt>
   <trkpt lat="25.2024297" lon="121.6942633">
    <ele>18</ele>
    <time>2026-03-14T22:57:53Z</time>
    <extensions>
     <gpxdata:hr>153</gpxdata:hr>
     <gpxdata:distance>1875.00</gpxdata:distance>
     <gpxdata:cadence>95</gpxdata:cadence>
     <gpxdata:speed>3.961</gpxdata:speed>
    </extensions>
   </trkpt>
   <trkpt lat="25.2024577" lon="121.6942888">
    <ele>18</ele>
    <time>2026-03-14T22:57:54Z</time>
    <extensions>
     <gpxdata:hr>153</gpxdata:hr>
     <gpxdata:distance>1879.50</gpxdata:distance>
     <gpxdata:cadence>95</gpxdata:cadence>
     <gpxdata:speed>3.964</gpxdata:speed>
    </extensions>
   </trkpt>
   <trkpt lat="25.2024858" lon="121.6943143">
    <ele>18</ele>
    <time>2026-03-14T22:57:55Z</time>
    <extensions>
     <gpxdata:hr>153</gpxdata:hr>
     <gpxdata:distance>1884.00</gpxdata:distance>
     <gpxdata:cadence>95</gpxdata:cadence>
     <gpxdata:speed>3.967</gpxdata:speed>
    </extensions>
   </trkpt>
   <trkpt lat="25.2025163" lon="121.6943351">
    <ele>18</ele>
    <time>2026-03-14T22:57:56Z</time>
    <extensions>
     <gpxdata:hr>153</gpxdata:hr>
     <gpxdata:distance>1888.00</gpxdata:distance>
     <gpxdata:cadence>95</gpxdata:cadence>
     <gpxdata:speed>3.969</gpxdata:speed>
    </extensions>
   </trkpt>
   <trkpt lat="25.2025468" lon="121.6943559">
    <ele>18</ele>
    <time>2026-03-14T22:57:57Z</time>
    <extensions>
     <gpxdata:hr>153</gpxdata:hr>
     <gpxdata:distance>1892.00</gpxdata:distance>
     <gpxdata:cadence>95</gpxdata:cadence>
     <gpxdata:speed>3.972</gpxdata:speed>
    </extensions>
   </trkpt>
   <trkpt lat="25.2025809" lon="121.6943645">
    <ele>18</ele>
    <time>2026-03-14T22:57:58Z</time>
    <extensions>
     <gpxdata:hr>152</gpxdata:hr>
     <gpxdata:distance>1896.00</gpxdata:distance>
     <gpxdata:cadence>95</gpxdata:cadence>
     <gpxdata:speed>3.981</gpxdata:speed>
    </extensions>
   </trkpt>
   <trkpt lat="25.2026151" lon="121.6943732">
    <ele>18</ele>
    <time>2026-03-14T22:57:59Z</time>
    <extensions>
     <gpxdata:hr>152</gpxdata:hr>
     <gpxdata:distance>1900.00</gpxdata:distance>
     <gpxdata:cadence>96</gpxdata:cadence>
     <gpxdata:speed>3.989</gpxdata:speed>
    </extensions>
   </trkpt>
   <trkpt lat="25.2026501" lon="121.6943661">
    <ele>18</ele>
    <time>2026-03-14T22:58:00Z</time>
    <extensions>
     <gpxdata:hr>152</gpxdata:hr>
     <gpxdata:distance>1904.00</gpxdata:distance>
     <gpxdata:cadence>96</gpxdata:cadence>
     <gpxdata:speed>3.997</gpxdata:speed>
    </extensions>
   </trkpt>
   <trkpt lat="25.2026851" lon="121.6943590">
    <ele>18</ele>
    <time>2026-03-14T22:58:01Z</time>
    <extensions>
     <gpxdata:hr>153</gpxdata:hr>
     <gpxdata:distance>1908.00</gpxdata:distance>
     <gpxdata:cadence>96</gpxdata:cadence>
     <gpxdata:speed>4.008</gpxdata:speed>
    </extensions>
   </trkpt>
   <trkpt lat="25.2027177" lon="121.6943395">
    <ele>18</ele>
    <time>2026-03-14T22:58:02Z</time>
    <extensions>
     <gpxdata:hr>153</gpxdata:hr>
     <gpxdata:distance>1912.50</gpxdata:distance>
     <gpxdata:cadence>96</gpxdata:cadence>
     <gpxdata:speed>4.011</gpxdata:speed>
    </extensions>
   </trkpt>
   <trkpt lat="25.2027503" lon="121.6943201">
    <ele>18</ele>
    <time>2026-03-14T22:58:03Z</time>
    <extensions>
     <gpxdata:hr>153</gpxdata:hr>
     <gpxdata:distance>1917.00</gpxdata:distance>
     <gpxdata:cadence>96</gpxdata:cadence>
     <gpxdata:speed>4.014</gpxdata:speed>
    </extensions>
   </trkpt>
   <trkpt lat="25.2027783" lon="121.6942909">
    <ele>18</ele>
    <time>2026-03-14T22:58:04Z</time>
    <extensions>
     <gpxdata:hr>153</gpxdata:hr>
     <gpxdata:distance>1921.00</gpxdata:distance>
     <gpxdata:cadence>96</gpxdata:cadence>
     <gpxdata:speed>4.017</gpxdata:speed>
    </extensions>
   </trkpt>
   <trkpt lat="25.2028063" lon="121.6942617">
    <ele>18</ele>
    <time>2026-03-14T22:58:05Z</time>
    <extensions>
     <gpxdata:hr>154</gpxdata:hr>
     <gpxdata:distance>1925.00</gpxdata:distance>
     <gpxdata:cadence>96</gpxdata:cadence>
     <gpxdata:speed>4.022</gpxdata:speed>
    </extensions>
   </trkpt>
   <trkpt lat="25.2028270" lon="121.6942242">
    <ele>18</ele>
    <time>2026-03-14T22:58:06Z</time>
    <extensions>
     <gpxdata:hr>154</gpxdata:hr>
     <gpxdata:distance>1930.00</gpxdata:distance>
     <gpxdata:cadence>96</gpxdata:cadence>
     <gpxdata:speed>4.025</gpxdata:speed>
    </extensions>
   </trkpt>
   <trkpt lat="25.2028477" lon="121.6941867">
    <ele>18</ele>
    <time>2026-03-14T22:58:07Z</time>
    <extensions>
     <gpxdata:hr>154</gpxdata:hr>
     <gpxdata:distance>1935.00</gpxdata:distance>
     <gpxdata:cadence>96</gpxdata:cadence>
     <gpxdata:speed>4.028</gpxdata:speed>
    </extensions>
   </trkpt>
   <trkpt lat="25.2028630" lon="121.6941439">
    <ele>18</ele>
    <time>2026-03-14T22:58:08Z</time>
    <extensions>
     <gpxdata:hr>154</gpxdata:hr>
     <gpxdata:distance>1939.50</gpxdata:distance>
     <gpxdata:cadence>96</gpxdata:cadence>
     <gpxdata:speed>4.033</gpxdata:speed>
    </extensions>
   </trkpt>
   <trkpt lat="25.2028783" lon="121.6941011">
    <ele>18</ele>
    <time>2026-03-14T22:58:09Z</time>
    <extensions>
     <gpxdata:hr>155</gpxdata:hr>
     <gpxdata:distance>1944.00</gpxdata:distance>
     <gpxdata:cadence>97</gpxdata:cadence>
     <gpxdata:speed>4.039</gpxdata:speed>
    </extensions>
   </trkpt>
   <trkpt lat="25.2028901" lon="121.6940560">
    <ele>18</ele>
    <time>2026-03-14T22:58:10Z</time>
    <extensions>
     <gpxdata:hr>155</gpxdata:hr>
     <gpxdata:distance>1948.50</gpxdata:distance>
     <gpxdata:cadence>97</gpxdata:cadence>
     <gpxdata:speed>4.047</gpxdata:speed>
    </extensions>
   </trkpt>
   <trkpt lat="25.2029020" lon="121.6940109">
    <ele>18</ele>
    <time>2026-03-14T22:58:11Z</time>
    <extensions>
     <gpxdata:hr>154</gpxdata:hr>
     <gpxdata:distance>1953.00</gpxdata:distance>
     <gpxdata:cadence>97</gpxdata:cadence>
     <gpxdata:speed>4.056</gpxdata:speed>
    </extensions>
   </trkpt>
   <trkpt lat="25.2029110" lon="121.6939653">
    <ele>18</ele>
    <time>2026-03-14T22:58:12Z</time>
    <extensions>
     <gpxdata:hr>155</gpxdata:hr>
     <gpxdata:distance>1957.50</gpxdata:distance>
     <gpxdata:cadence>97</gpxdata:cadence>
     <gpxdata:speed>4.069</gpxdata:speed>
    </extensions>
   </trkpt>
   <trkpt lat="25.2029201" lon="121.6939197">
    <ele>18</ele>
    <time>2026-03-14T22:58:13Z</time>
    <extensions>
     <gpxdata:hr>155</gpxdata:hr>
     <gpxdata:distance>1962.00</gpxdata:distance>
     <gpxdata:cadence>97</gpxdata:cadence>
     <gpxdata:speed>4.083</gpxdata:speed>
    </extensions>
   </trkpt>
   <trkpt lat="25.2029280" lon="121.6938752">
    <ele>18</ele>
    <time>2026-03-14T22:58:14Z</time>
    <extensions>
     <gpxdata:hr>155</gpxdata:hr>
     <gpxdata:distance>1966.50</gpxdata:distance>
     <gpxdata:cadence>97</gpxdata:cadence>
     <gpxdata:speed>4.094</gpxdata:speed>
    </extensions>
   </trkpt>
   <trkpt lat="25.2029359" lon="121.6938308">
    <ele>18</ele>
    <time>2026-03-14T22:58:15Z</time>
    <extensions>
     <gpxdata:hr>155</gpxdata:hr>
     <gpxdata:distance>1971.00</gpxdata:distance>
     <gpxdata:cadence>97</gpxdata:cadence>
     <gpxdata:speed>4.106</gpxdata:speed>
    </extensions>
   </trkpt>
   <trkpt lat="25.2029445" lon="121.6937876">
    <ele>17</ele>
    <time>2026-03-14T22:58:16Z</time>
    <extensions>
     <gpxdata:hr>155</gpxdata:hr>
     <gpxdata:distance>1975.50</gpxdata:distance>
     <gpxdata:cadence>97</gpxdata:cadence>
     <gpxdata:speed>4.111</gpxdata:speed>
    </extensions>
   </trkpt>
   <trkpt lat="25.2029531" lon="121.6937445">
    <ele>17</ele>
    <time>2026-03-14T22:58:17Z</time>
    <extensions>
     <gpxdata:hr>155</gpxdata:hr>
     <gpxdata:distance>1980.00</gpxdata:distance>
     <gpxdata:cadence>97</gpxdata:cadence>
     <gpxdata:speed>4.119</gpxdata:speed>
    </extensions>
   </trkpt>
   <trkpt lat="25.2029620" lon="121.6937027">
    <ele>17</ele>
    <time>2026-03-14T22:58:18Z</time>
    <extensions>
     <gpxdata:hr>155</gpxdata:hr>
     <gpxdata:distance>1984.00</gpxdata:distance>
     <gpxdata:cadence>96</gpxdata:cadence>
     <gpxdata:speed>4.122</gpxdata:speed>
    </extensions>
   </trkpt>
   <trkpt lat="25.2029709" lon="121.6936610">
    <ele>17</ele>
    <time>2026-03-14T22:58:19Z</time>
    <extensions>
     <gpxdata:hr>155</gpxdata:hr>
     <gpxdata:distance>1988.00</gpxdata:distance>
     <gpxdata:cadence>96</gpxdata:cadence>
     <gpxdata:speed>4.125</gpxdata:speed>
    </extensions>
   </trkpt>
   <trkpt lat="25.2029796" lon="121.6936197">
    <ele>17</ele>
    <time>2026-03-14T22:58:20Z</time>
    <extensions>
     <gpxdata:hr>155</gpxdata:hr>
     <gpxdata:distance>1992.50</gpxdata:distance>
     <gpxdata:cadence>96</gpxdata:cadence>
     <gpxdata:speed>4.128</gpxdata:speed>
    </extensions>
   </trkpt>
   <trkpt lat="25.2029884" lon="121.6935784">
    <ele>16</ele>
    <time>2026-03-14T22:58:21Z</time>
    <extensions>
     <gpxdata:hr>154</gpxdata:hr>
     <gpxdata:distance>1997.00</gpxdata:distance>
     <gpxdata:cadence>96</gpxdata:cadence>
     <gpxdata:speed>4.131</gpxdata:speed>
    </extensions>
   </trkpt>
   <trkpt lat="25.2029950" lon="121.6935368">
    <ele>16</ele>
    <time>2026-03-14T22:58:22Z</time>
    <extensions>
     <gpxdata:hr>154</gpxdata:hr>
     <gpxdata:distance>2001.00</gpxdata:distance>
     <gpxdata:cadence>96</gpxdata:cadence>
     <gpxdata:speed>4.131</gpxdata:speed>
    </extensions>
   </trkpt>
   <trkpt lat="25.2030017" lon="121.6934952">
    <ele>16</ele>
    <time>2026-03-14T22:58:23Z</time>
    <extensions>
     <gpxdata:hr>154</gpxdata:hr>
     <gpxdata:distance>2005.00</gpxdata:distance>
     <gpxdata:cadence>96</gpxdata:cadence>
     <gpxdata:speed>4.133</gpxdata:speed>
    </extensions>
   </trkpt>
   <trkpt lat="25.2030049" lon="121.6934532">
    <ele>16</ele>
    <time>2026-03-14T22:58:24Z</time>
    <extensions>
     <gpxdata:hr>153</gpxdata:hr>
     <gpxdata:distance>2009.50</gpxdata:distance>
     <gpxdata:cadence>96</gpxdata:cadence>
     <gpxdata:speed>4.133</gpxdata:speed>
    </extensions>
   </trkpt>
   <trkpt lat="25.2030081" lon="121.6934113">
    <ele>16</ele>
    <time>2026-03-14T22:58:25Z</time>
    <extensions>
     <gpxdata:hr>153</gpxdata:hr>
     <gpxdata:distance>2014.00</gpxdata:distance>
     <gpxdata:cadence>96</gpxdata:cadence>
     <gpxdata:speed>4.136</gpxdata:speed>
    </extensions>
   </trkpt>
   <trkpt lat="25.2030065" lon="121.6933697">
    <ele>15</ele>
    <time>2026-03-14T22:58:26Z</time>
    <extensions>
     <gpxdata:hr>152</gpxdata:hr>
     <gpxdata:distance>2018.00</gpxdata:distance>
     <gpxdata:cadence>96</gpxdata:cadence>
     <gpxdata:speed>4.136</gpxdata:speed>
    </extensions>
   </trkpt>
   <trkpt lat="25.2030049" lon="121.6933282">
    <ele>15</ele>
    <time>2026-03-14T22:58:27Z</time>
    <extensions>
     <gpxdata:hr>152</gpxdata:hr>
     <gpxdata:distance>2022.00</gpxdata:distance>
     <gpxdata:cadence>96</gpxdata:cadence>
     <gpxdata:speed>4.139</gpxdata:speed>
    </extensions>
   </trkpt>
   <trkpt lat="25.2029981" lon="121.6932880">
    <ele>15</ele>
    <time>2026-03-14T22:58:28Z</time>
    <extensions>
     <gpxdata:hr>152</gpxdata:hr>
     <gpxdata:distance>2026.00</gpxdata:distance>
     <gpxdata:cadence>96</gpxdata:cadence>
     <gpxdata:speed>4.144</gpxdata:speed>
    </extensions>
   </trkpt>
   <trkpt lat="25.2029913" lon="121.6932478">
    <ele>15</ele>
    <time>2026-03-14T22:58:29Z</time>
    <extensions>
     <gpxdata:hr>152</gpxdata:hr>
     <gpxdata:distance>2030.00</gpxdata:distance>
     <gpxdata:cadence>96</gpxdata:cadence>
     <gpxdata:speed>4.150</gpxdata:speed>
    </extensions>
   </trkpt>
   <trkpt lat="25.2029815" lon="121.6932086">
    <ele>15</ele>
    <time>2026-03-14T22:58:30Z</time>
    <extensions>
     <gpxdata:hr>152</gpxdata:hr>
     <gpxdata:distance>2034.00</gpxdata:distance>
     <gpxdata:cadence>97</gpxdata:cadence>
     <gpxdata:speed>4.156</gpxdata:speed>
    </extensions>
   </trkpt>
   <trkpt lat="25.2029717" lon="121.6931694">
    <ele>15</ele>
    <time>2026-03-14T22:58:31Z</time>
    <extensions>
     <gpxdata:hr>153</gpxdata:hr>
     <gpxdata:distance>2038.00</gpxdata:distance>
     <gpxdata:cadence>98</gpxdata:cadence>
     <gpxdata:speed>4.161</gpxdata:speed>
    </extensions>
   </trkpt>
   <trkpt lat="25.2029616" lon="121.6931299">
    <ele>15</ele>
    <time>2026-03-14T22:58:32Z</time>
    <extensions>
     <gpxdata:hr>153</gpxdata:hr>
     <gpxdata:distance>2042.50</gpxdata:distance>
     <gpxdata:cadence>97</gpxdata:cadence>
     <gpxdata:speed>4.161</gpxdata:speed>
    </extensions>
   </trkpt>
   <trkpt lat="25.2029515" lon="121.6930904">
    <ele>15</ele>
    <time>2026-03-14T22:58:33Z</time>
    <extensions>
     <gpxdata:hr>153</gpxdata:hr>
     <gpxdata:distance>2047.00</gpxdata:distance>
     <gpxdata:cadence>97</gpxdata:cadence>
     <gpxdata:speed>4.161</gpxdata:speed>
    </extensions>
   </trkpt>
   <trkpt lat="25.2029415" lon="121.6930499">
    <ele>15</ele>
    <time>2026-03-14T22:58:34Z</time>
    <extensions>
     <gpxdata:hr>153</gpxdata:hr>
     <gpxdata:distance>2051.00</gpxdata:distance>
     <gpxdata:cadence>97</gpxdata:cadence>
     <gpxdata:speed>4.161</gpxdata:speed>
    </extensions>
   </trkpt>
   <trkpt lat="25.2029316" lon="121.6930094">
    <ele>15</ele>
    <time>2026-03-14T22:58:35Z</time>
    <extensions>
     <gpxdata:hr>153</gpxdata:hr>
     <gpxdata:distance>2055.00</gpxdata:distance>
     <gpxdata:cadence>97</gpxdata:cadence>
     <gpxdata:speed>4.161</gpxdata:speed>
    </extensions>
   </trkpt>
   <trkpt lat="25.2029217" lon="121.6929687">
    <ele>14</ele>
    <time>2026-03-14T22:58:36Z</time>
    <extensions>
     <gpxdata:hr>153</gpxdata:hr>
     <gpxdata:distance>2059.50</gpxdata:distance>
     <gpxdata:cadence>96</gpxdata:cadence>
     <gpxdata:speed>4.161</gpxdata:speed>
    </extensions>
   </trkpt>
   <trkpt lat="25.2029119" lon="121.6929280">
    <ele>14</ele>
    <time>2026-03-14T22:58:37Z</time>
    <extensions>
     <gpxdata:hr>153</gpxdata:hr>
     <gpxdata:distance>2064.00</gpxdata:distance>
     <gpxdata:cadence>96</gpxdata:cadence>
     <gpxdata:speed>4.161</gpxdata:speed>
    </extensions>
   </trkpt>
   <trkpt lat="25.2029022" lon="121.6928873">
    <ele>14</ele>
    <time>2026-03-14T22:58:38Z</time>
    <extensions>
     <gpxdata:hr>154</gpxdata:hr>
     <gpxdata:distance>2068.00</gpxdata:distance>
     <gpxdata:cadence>96</gpxdata:cadence>
     <gpxdata:speed>4.164</gpxdata:speed>
    </extensions>
   </trkpt>
   <trkpt lat="25.2028925" lon="121.6928467">
    <ele>14</ele>
    <time>2026-03-14T22:58:39Z</time>
    <extensions>
     <gpxdata:hr>154</gpxdata:hr>
     <gpxdata:distance>2072.00</gpxdata:distance>
     <gpxdata:cadence>96</gpxdata:cadence>
     <gpxdata:speed>4.167</gpxdata:speed>
    </extensions>
   </trkpt>
   <trkpt lat="25.2028836" lon="121.6928062">
    <ele>14</ele>
    <time>2026-03-14T22:58:40Z</time>
    <extensions>
     <gpxdata:hr>154</gpxdata:hr>
     <gpxdata:distance>2076.00</gpxdata:distance>
     <gpxdata:cadence>96</gpxdata:cadence>
     <gpxdata:speed>4.169</gpxdata:speed>
    </extensions>
   </trkpt>
   <trkpt lat="25.2028747" lon="121.6927658">
    <ele>14</ele>
    <time>2026-03-14T22:58:41Z</time>
    <extensions>
     <gpxdata:hr>154</gpxdata:hr>
     <gpxdata:distance>2080.00</gpxdata:distance>
     <gpxdata:cadence>96</gpxdata:cadence>
     <gpxdata:speed>4.172</gpxdata:speed>
    </extensions>
   </trkpt>
   <trkpt lat="25.2028698" lon="121.6927254">
    <ele>14</ele>
    <time>2026-03-14T22:58:42Z</time>
    <extensions>
     <gpxdata:hr>154</gpxdata:hr>
     <gpxdata:distance>2084.50</gpxdata:distance>
     <gpxdata:cadence>96</gpxdata:cadence>
     <gpxdata:speed>4.172</gpxdata:speed>
    </extensions>
   </trkpt>
   <trkpt lat="25.2028650" lon="121.6926850">
    <ele>14</ele>
    <time>2026-03-14T22:58:43Z</time>
    <extensions>
     <gpxdata:hr>155</gpxdata:hr>
     <gpxdata:distance>2089.00</gpxdata:distance>
     <gpxdata:cadence>96</gpxdata:cadence>
     <gpxdata:speed>4.175</gpxdata:speed>
    </extensions>
   </trkpt>
   <trkpt lat="25.2028689" lon="121.6926450">
    <ele>14</ele>
    <time>2026-03-14T22:58:44Z</time>
    <extensions>
     <gpxdata:hr>155</gpxdata:hr>
     <gpxdata:distance>2093.00</gpxdata:distance>
     <gpxdata:cadence>96</gpxdata:cadence>
     <gpxdata:speed>4.175</gpxdata:speed>
    </extensions>
   </trkpt>
   <trkpt lat="25.2028728" lon="121.6926051">
    <ele>14</ele>
    <time>2026-03-14T22:58:45Z</time>
    <extensions>
     <gpxdata:hr>155</gpxdata:hr>
     <gpxdata:distance>2097.00</gpxdata:distance>
     <gpxdata:cadence>96</gpxdata:cadence>
     <gpxdata:speed>4.175</gpxdata:speed>
    </extensions>
   </trkpt>
   <trkpt lat="25.2028878" lon="121.6925683">
    <ele>14</ele>
    <time>2026-03-14T22:58:46Z</time>
    <extensions>
     <gpxdata:hr>155</gpxdata:hr>
     <gpxdata:distance>2101.00</gpxdata:distance>
     <gpxdata:cadence>96</gpxdata:cadence>
     <gpxdata:speed>4.178</gpxdata:speed>
    </extensions>
   </trkpt>
   <trkpt lat="25.2029028" lon="121.6925315">
    <ele>14</ele>
    <time>2026-03-14T22:58:47Z</time>
    <extensions>
     <gpxdata:hr>155</gpxdata:hr>
     <gpxdata:distance>2105.00</gpxdata:distance>
     <gpxdata:cadence>96</gpxdata:cadence>
     <gpxdata:speed>4.181</gpxdata:speed>
    </extensions>
   </trkpt>
   <trkpt lat="25.2029260" lon="121.6924989">
    <ele>14</ele>
    <time>2026-03-14T22:58:48Z</time>
    <extensions>
     <gpxdata:hr>155</gpxdata:hr>
     <gpxdata:distance>2109.50</gpxdata:distance>
     <gpxdata:cadence>95</gpxdata:cadence>
     <gpxdata:speed>4.181</gpxdata:speed>
    </extensions>
   </trkpt>
   <trkpt lat="25.2029493" lon="121.6924663">
    <ele>14</ele>
    <time>2026-03-14T22:58:49Z</time>
    <extensions>
     <gpxdata:hr>156</gpxdata:hr>
     <gpxdata:distance>2114.00</gpxdata:distance>
     <gpxdata:cadence>95</gpxdata:cadence>
     <gpxdata:speed>4.183</gpxdata:speed>
    </extensions>
   </trkpt>
   <trkpt lat="25.2029741" lon="121.6924352">
    <ele>14</ele>
    <time>2026-03-14T22:58:50Z</time>
    <extensions>
     <gpxdata:hr>156</gpxdata:hr>
     <gpxdata:distance>2118.00</gpxdata:distance>
     <gpxdata:cadence>95</gpxdata:cadence>
     <gpxdata:speed>4.183</gpxdata:speed>
    </extensions>
   </trkpt>
   <trkpt lat="25.2029990" lon="121.6924041">
    <ele>14</ele>
    <time>2026-03-14T22:58:51Z</time>
    <extensions>
     <gpxdata:hr>157</gpxdata:hr>
     <gpxdata:distance>2122.00</gpxdata:distance>
     <gpxdata:cadence>95</gpxdata:cadence>
     <gpxdata:speed>4.186</gpxdata:speed>
    </extensions>
   </trkpt>
   <trkpt lat="25.2030215" lon="121.6923709">
    <ele>14</ele>
    <time>2026-03-14T22:58:52Z</time>
    <extensions>
     <gpxdata:hr>157</gpxdata:hr>
     <gpxdata:distance>2126.00</gpxdata:distance>
     <gpxdata:cadence>95</gpxdata:cadence>
     <gpxdata:speed>4.183</gpxdata:speed>
    </extensions>
   </trkpt>
   <trkpt lat="25.2030441" lon="121.6923377">
    <ele>14</ele>
    <time>2026-03-14T22:58:53Z</time>
    <extensions>
     <gpxdata:hr>157</gpxdata:hr>
     <gpxdata:distance>2130.00</gpxdata:distance>
     <gpxdata:cadence>95</gpxdata:cadence>
     <gpxdata:speed>4.183</gpxdata:speed>
    </extensions>
   </trkpt>
   <trkpt lat="25.2030639" lon="121.6923011">
    <ele>14</ele>
    <time>2026-03-14T22:58:54Z</time>
    <extensions>
     <gpxdata:hr>157</gpxdata:hr>
     <gpxdata:distance>2134.50</gpxdata:distance>
     <gpxdata:cadence>95</gpxdata:cadence>
     <gpxdata:speed>4.181</gpxdata:speed>
    </extensions>
   </trkpt>
   <trkpt lat="25.2030838" lon="121.6922645">
    <ele>14</ele>
    <time>2026-03-14T22:58:55Z</time>
    <extensions>
     <gpxdata:hr>157</gpxdata:hr>
     <gpxdata:distance>2139.00</gpxdata:distance>
     <gpxdata:cadence>95</gpxdata:cadence>
     <gpxdata:speed>4.181</gpxdata:speed>
    </extensions>
   </trkpt>
   <trkpt lat="25.2031022" lon="121.6922247">
    <ele>14</ele>
    <time>2026-03-14T22:58:56Z</time>
    <extensions>
     <gpxdata:hr>157</gpxdata:hr>
     <gpxdata:distance>2144.00</gpxdata:distance>
     <gpxdata:cadence>95</gpxdata:cadence>
     <gpxdata:speed>4.183</gpxdata:speed>
    </extensions>
   </trkpt>
   <trkpt lat="25.2031207" lon="121.6921849">
    <ele>14</ele>
    <time>2026-03-14T22:58:57Z</time>
    <extensions>
     <gpxdata:hr>157</gpxdata:hr>
     <gpxdata:distance>2149.00</gpxdata:distance>
     <gpxdata:cadence>96</gpxdata:cadence>
     <gpxdata:speed>4.186</gpxdata:speed>
    </extensions>
   </trkpt>
   <trkpt lat="25.2031388" lon="121.6921440">
    <ele>14</ele>
    <time>2026-03-14T22:58:58Z</time>
    <extensions>
     <gpxdata:hr>157</gpxdata:hr>
     <gpxdata:distance>2153.50</gpxdata:distance>
     <gpxdata:cadence>96</gpxdata:cadence>
     <gpxdata:speed>4.192</gpxdata:speed>
    </extensions>
   </trkpt>
   <trkpt lat="25.2031569" lon="121.6921032">
    <ele>14</ele>
    <time>2026-03-14T22:58:59Z</time>
    <extensions>
     <gpxdata:hr>156</gpxdata:hr>
     <gpxdata:distance>2158.00</gpxdata:distance>
     <gpxdata:cadence>96</gpxdata:cadence>
     <gpxdata:speed>4.197</gpxdata:speed>
    </extensions>
   </trkpt>
   <trkpt lat="25.2031753" lon="121.6920620">
    <ele>14</ele>
    <time>2026-03-14T22:59:00Z</time>
    <extensions>
     <gpxdata:hr>156</gpxdata:hr>
     <gpxdata:distance>2162.50</gpxdata:distance>
     <gpxdata:cadence>96</gpxdata:cadence>
     <gpxdata:speed>4.211</gpxdata:speed>
    </extensions>
   </trkpt>
   <trkpt lat="25.2031937" lon="121.6920208">
    <ele>14</ele>
    <time>2026-03-14T22:59:01Z</time>
    <extensions>
     <gpxdata:hr>155</gpxdata:hr>
     <gpxdata:distance>2167.00</gpxdata:distance>
     <gpxdata:cadence>96</gpxdata:cadence>
     <gpxdata:speed>4.228</gpxdata:speed>
    </extensions>
   </trkpt>
   <trkpt lat="25.2032130" lon="121.6919807">
    <ele>14</ele>
    <time>2026-03-14T22:59:02Z</time>
    <extensions>
     <gpxdata:hr>155</gpxdata:hr>
     <gpxdata:distance>2171.50</gpxdata:distance>
     <gpxdata:cadence>96</gpxdata:cadence>
     <gpxdata:speed>4.236</gpxdata:speed>
    </extensions>
   </trkpt>
   <trkpt lat="25.2032323" lon="121.6919406">
    <ele>14</ele>
    <time>2026-03-14T22:59:03Z</time>
    <extensions>
     <gpxdata:hr>155</gpxdata:hr>
     <gpxdata:distance>2176.00</gpxdata:distance>
     <gpxdata:cadence>96</gpxdata:cadence>
     <gpxdata:speed>4.247</gpxdata:speed>
    </extensions>
   </trkpt>
   <trkpt lat="25.2032528" lon="121.6919025">
    <ele>14</ele>
    <time>2026-03-14T22:59:04Z</time>
    <extensions>
     <gpxdata:hr>154</gpxdata:hr>
     <gpxdata:distance>2180.50</gpxdata:distance>
     <gpxdata:cadence>96</gpxdata:cadence>
     <gpxdata:speed>4.256</gpxdata:speed>
    </extensions>
   </trkpt>
   <trkpt lat="25.2032733" lon="121.6918644">
    <ele>14</ele>
    <time>2026-03-14T22:59:05Z</time>
    <extensions>
     <gpxdata:hr>155</gpxdata:hr>
     <gpxdata:distance>2185.00</gpxdata:distance>
     <gpxdata:cadence>96</gpxdata:cadence>
     <gpxdata:speed>4.267</gpxdata:speed>
    </extensions>
   </trkpt>
   <trkpt lat="25.2032953" lon="121.6918285">
    <ele>14</ele>
    <time>2026-03-14T22:59:06Z</time>
    <extensions>
     <gpxdata:hr>155</gpxdata:hr>
     <gpxdata:distance>2189.00</gpxdata:distance>
     <gpxdata:cadence>95</gpxdata:cadence>
     <gpxdata:speed>4.269</gpxdata:speed>
    </extensions>
   </trkpt>
   <trkpt lat="25.2033174" lon="121.6917927">
    <ele>14</ele>
    <time>2026-03-14T22:59:07Z</time>
    <extensions>
     <gpxdata:hr>154</gpxdata:hr>
     <gpxdata:distance>2193.00</gpxdata:distance>
     <gpxdata:cadence>95</gpxdata:cadence>
     <gpxdata:speed>4.275</gpxdata:speed>
    </extensions>
   </trkpt>
   <trkpt lat="25.2033399" lon="121.6917586">
    <ele>14</ele>
    <time>2026-03-14T22:59:08Z</time>
    <extensions>
     <gpxdata:hr>154</gpxdata:hr>
     <gpxdata:distance>2197.00</gpxdata:distance>
     <gpxdata:cadence>95</gpxdata:cadence>
     <gpxdata:speed>4.278</gpxdata:speed>
    </extensions>
   </trkpt>
   <trkpt lat="25.2033624" lon="121.6917246">
    <ele>14</ele>
    <time>2026-03-14T22:59:09Z</time>
    <extensions>
     <gpxdata:hr>154</gpxdata:hr>
     <gpxdata:distance>2201.00</gpxdata:distance>
     <gpxdata:cadence>96</gpxdata:cadence>
     <gpxdata:speed>4.281</gpxdata:speed>
    </extensions>
   </trkpt>
   <trkpt lat="25.2033857" lon="121.6916919">
    <ele>14</ele>
    <time>2026-03-14T22:59:10Z</time>
    <extensions>
     <gpxdata:hr>154</gpxdata:hr>
     <gpxdata:distance>2205.50</gpxdata:distance>
     <gpxdata:cadence>96</gpxdata:cadence>
     <gpxdata:speed>4.286</gpxdata:speed>
    </extensions>
   </trkpt>
   <trkpt lat="25.2034090" lon="121.6916592">
    <ele>14</ele>
    <time>2026-03-14T22:59:11Z</time>
    <extensions>
     <gpxdata:hr>154</gpxdata:hr>
     <gpxdata:distance>2210.00</gpxdata:distance>
     <gpxdata:cadence>96</gpxdata:cadence>
     <gpxdata:speed>4.292</gpxdata:speed>
    </extensions>
   </trkpt>
   <trkpt lat="25.2034337" lon="121.6916282">
    <ele>14</ele>
    <time>2026-03-14T22:59:12Z</time>
    <extensions>
     <gpxdata:hr>154</gpxdata:hr>
     <gpxdata:distance>2214.00</gpxdata:distance>
     <gpxdata:cadence>96</gpxdata:cadence>
     <gpxdata:speed>4.289</gpxdata:speed>
    </extensions>
   </trkpt>
   <trkpt lat="25.2034585" lon="121.6915972">
    <ele>14</ele>
    <time>2026-03-14T22:59:13Z</time>
    <extensions>
     <gpxdata:hr>154</gpxdata:hr>
     <gpxdata:distance>2218.00</gpxdata:distance>
     <gpxdata:cadence>96</gpxdata:cadence>
     <gpxdata:speed>4.289</gpxdata:speed>
    </extensions>
   </trkpt>
   <trkpt lat="25.2034845" lon="121.6915681">
    <ele>14</ele>
    <time>2026-03-14T22:59:14Z</time>
    <extensions>
     <gpxdata:hr>154</gpxdata:hr>
     <gpxdata:distance>2222.00</gpxdata:distance>
     <gpxdata:cadence>96</gpxdata:cadence>
     <gpxdata:speed>4.283</gpxdata:speed>
    </extensions>
   </trkpt>
   <trkpt lat="25.2035106" lon="121.6915391">
    <ele>14</ele>
    <time>2026-03-14T22:59:15Z</time>
    <extensions>
     <gpxdata:hr>154</gpxdata:hr>
     <gpxdata:distance>2226.00</gpxdata:distance>
     <gpxdata:cadence>96</gpxdata:cadence>
     <gpxdata:speed>4.281</gpxdata:speed>
    </extensions>
   </trkpt>
   <trkpt lat="25.2035373" lon="121.6915116">
    <ele>14</ele>
    <time>2026-03-14T22:59:16Z</time>
    <extensions>
     <gpxdata:hr>154</gpxdata:hr>
     <gpxdata:distance>2230.00</gpxdata:distance>
     <gpxdata:cadence>96</gpxdata:cadence>
     <gpxdata:speed>4.278</gpxdata:speed>
    </extensions>
   </trkpt>
   <trkpt lat="25.2035641" lon="121.6914842">
    <ele>14</ele>
    <time>2026-03-14T22:59:17Z</time>
    <extensions>
     <gpxdata:hr>154</gpxdata:hr>
     <gpxdata:distance>2234.00</gpxdata:distance>
     <gpxdata:cadence>96</gpxdata:cadence>
     <gpxdata:speed>4.275</gpxdata:speed>
    </extensions>
   </trkpt>
   <trkpt lat="25.2035917" lon="121.6914588">
    <ele>14</ele>
    <time>2026-03-14T22:59:18Z</time>
    <extensions>
     <gpxdata:hr>154</gpxdata:hr>
     <gpxdata:distance>2238.00</gpxdata:distance>
     <gpxdata:cadence>96</gpxdata:cadence>
     <gpxdata:speed>4.269</gpxdata:speed>
    </extensions>
   </trkpt>
   <trkpt lat="25.2036193" lon="121.6914334">
    <ele>14</ele>
    <time>2026-03-14T22:59:19Z</time>
    <extensions>
     <gpxdata:hr>154</gpxdata:hr>
     <gpxdata:distance>2242.00</gpxdata:distance>
     <gpxdata:cadence>96</gpxdata:cadence>
     <gpxdata:speed>4.264</gpxdata:speed>
    </extensions>
   </trkpt>
   <trkpt lat="25.2036474" lon="121.6914100">
    <ele>14</ele>
    <time>2026-03-14T22:59:20Z</time>
    <extensions>
     <gpxdata:hr>154</gpxdata:hr>
     <gpxdata:distance>2246.00</gpxdata:distance>
     <gpxdata:cadence>96</gpxdata:cadence>
     <gpxdata:speed>4.258</gpxdata:speed>
    </extensions>
   </trkpt>
   <trkpt lat="25.2036755" lon="121.6913867">
    <ele>14</ele>
    <time>2026-03-14T22:59:21Z</time>
    <extensions>
     <gpxdata:hr>154</gpxdata:hr>
     <gpxdata:distance>2250.00</gpxdata:distance>
     <gpxdata:cadence>96</gpxdata:cadence>
     <gpxdata:speed>4.253</gpxdata:speed>
    </extensions>
   </trkpt>
   <trkpt lat="25.2037037" lon="121.6913648">
    <ele>14</ele>
    <time>2026-03-14T22:59:22Z</time>
    <extensions>
     <gpxdata:hr>154</gpxdata:hr>
     <gpxdata:distance>2253.50</gpxdata:distance>
     <gpxdata:cadence>96</gpxdata:cadence>
     <gpxdata:speed>4.242</gpxdata:speed>
    </extensions>
   </trkpt>
   <trkpt lat="25.2037319" lon="121.6913429">
    <ele>14</ele>
    <time>2026-03-14T22:59:23Z</time>
    <extensions>
     <gpxdata:hr>154</gpxdata:hr>
     <gpxdata:distance>2257.00</gpxdata:distance>
     <gpxdata:cadence>96</gpxdata:cadence>
     <gpxdata:speed>4.233</gpxdata:speed>
    </extensions>
   </trkpt>
   <trkpt lat="25.2037597" lon="121.6913209">
    <ele>14</ele>
    <time>2026-03-14T22:59:24Z</time>
    <extensions>
     <gpxdata:hr>155</gpxdata:hr>
     <gpxdata:distance>2261.00</gpxdata:distance>
     <gpxdata:cadence>96</gpxdata:cadence>
     <gpxdata:speed>4.222</gpxdata:speed>
    </extensions>
   </trkpt>
   <trkpt lat="25.2037875" lon="121.6912989">
    <ele>14</ele>
    <time>2026-03-14T22:59:25Z</time>
    <extensions>
     <gpxdata:hr>155</gpxdata:hr>
     <gpxdata:distance>2265.00</gpxdata:distance>
     <gpxdata:cadence>96</gpxdata:cadence>
     <gpxdata:speed>4.211</gpxdata:speed>
    </extensions>
   </trkpt>
   <trkpt lat="25.2038151" lon="121.6912765">
    <ele>14</ele>
    <time>2026-03-14T22:59:26Z</time>
    <extensions>
     <gpxdata:hr>155</gpxdata:hr>
     <gpxdata:distance>2269.00</gpxdata:distance>
     <gpxdata:cadence>96</gpxdata:cadence>
     <gpxdata:speed>4.200</gpxdata:speed>
    </extensions>
   </trkpt>
   <trkpt lat="25.2038428" lon="121.6912541">
    <ele>14</ele>
    <time>2026-03-14T22:59:27Z</time>
    <extensions>
     <gpxdata:hr>155</gpxdata:hr>
     <gpxdata:distance>2273.00</gpxdata:distance>
     <gpxdata:cadence>96</gpxdata:cadence>
     <gpxdata:speed>4.189</gpxdata:speed>
    </extensions>
   </trkpt>
   <trkpt lat="25.2038709" lon="121.6912318">
    <ele>14</ele>
    <time>2026-03-14T22:59:28Z</time>
    <extensions>
     <gpxdata:hr>156</gpxdata:hr>
     <gpxdata:distance>2277.00</gpxdata:distance>
     <gpxdata:cadence>96</gpxdata:cadence>
     <gpxdata:speed>4.181</gpxdata:speed>
    </extensions>
   </trkpt>
   <trkpt lat="25.2038990" lon="121.6912095">
    <ele>14</ele>
    <time>2026-03-14T22:59:29Z</time>
    <extensions>
     <gpxdata:hr>156</gpxdata:hr>
     <gpxdata:distance>2281.00</gpxdata:distance>
     <gpxdata:cadence>96</gpxdata:cadence>
     <gpxdata:speed>4.172</gpxdata:speed>
    </extensions>
   </trkpt>
   <trkpt lat="25.2039282" lon="121.6911876">
    <ele>14</ele>
    <time>2026-03-14T22:59:30Z</time>
    <extensions>
     <gpxdata:hr>156</gpxdata:hr>
     <gpxdata:distance>2285.00</gpxdata:distance>
     <gpxdata:cadence>95</gpxdata:cadence>
     <gpxdata:speed>4.156</gpxdata:speed>
    </extensions>
   </trkpt>
   <trkpt lat="25.2039574" lon="121.6911658">
    <ele>14</ele>
    <time>2026-03-14T22:59:31Z</time>
    <extensions>
     <gpxdata:hr>156</gpxdata:hr>
     <gpxdata:distance>2289.00</gpxdata:distance>
     <gpxdata:cadence>95</gpxdata:cadence>
     <gpxdata:speed>4.142</gpxdata:speed>
    </extensions>
   </trkpt>
   <trkpt lat="25.2039878" lon="121.6911450">
    <ele>14</ele>
    <time>2026-03-14T22:59:32Z</time>
    <extensions>
     <gpxdata:hr>156</gpxdata:hr>
     <gpxdata:distance>2293.00</gpxdata:distance>
     <gpxdata:cadence>95</gpxdata:cadence>
     <gpxdata:speed>4.136</gpxdata:speed>
    </extensions>
   </trkpt>
   <trkpt lat="25.2040182" lon="121.6911242">
    <ele>14</ele>
    <time>2026-03-14T22:59:33Z</time>
    <extensions>
     <gpxdata:hr>156</gpxdata:hr>
     <gpxdata:distance>2297.00</gpxdata:distance>
     <gpxdata:cadence>95</gpxdata:cadence>
     <gpxdata:speed>4.133</gpxdata:speed>
    </extensions>
   </trkpt>
   <trkpt lat="25.2040489" lon="121.6911026">
    <ele>14</ele>
    <time>2026-03-14T22:59:34Z</time>
    <extensions>
     <gpxdata:hr>156</gpxdata:hr>
     <gpxdata:distance>2301.00</gpxdata:distance>
     <gpxdata:cadence>95</gpxdata:cadence>
     <gpxdata:speed>4.131</gpxdata:speed>
    </extensions>
   </trkpt>
   <trkpt lat="25.2040796" lon="121.6910811">
    <ele>14</ele>
    <time>2026-03-14T22:59:35Z</time>
    <extensions>
     <gpxdata:hr>156</gpxdata:hr>
     <gpxdata:distance>2305.00</gpxdata:distance>
     <gpxdata:cadence>95</gpxdata:cadence>
     <gpxdata:speed>4.128</gpxdata:speed>
    </extensions>
   </trkpt>
   <trkpt lat="25.2041073" lon="121.6910553">
    <ele>14</ele>
    <time>2026-03-14T22:59:36Z</time>
    <extensions>
     <gpxdata:hr>156</gpxdata:hr>
     <gpxdata:distance>2309.00</gpxdata:distance>
     <gpxdata:cadence>95</gpxdata:cadence>
     <gpxdata:speed>4.128</gpxdata:speed>
    </extensions>
   </trkpt>
   <trkpt lat="25.2041350" lon="121.6910295">
    <ele>14</ele>
    <time>2026-03-14T22:59:37Z</time>
    <extensions>
     <gpxdata:hr>155</gpxdata:hr>
     <gpxdata:distance>2313.00</gpxdata:distance>
     <gpxdata:cadence>95</gpxdata:cadence>
     <gpxdata:speed>4.128</gpxdata:speed>
    </extensions>
   </trkpt>
   <trkpt lat="25.2041549" lon="121.6909963">
    <ele>14</ele>
    <time>2026-03-14T22:59:38Z</time>
    <extensions>
     <gpxdata:hr>155</gpxdata:hr>
     <gpxdata:distance>2317.00</gpxdata:distance>
     <gpxdata:cadence>95</gpxdata:cadence>
     <gpxdata:speed>4.119</gpxdata:speed>
    </extensions>
   </trkpt>
   <trkpt lat="25.2041748" lon="121.6909632">
    <ele>14</ele>
    <time>2026-03-14T22:59:39Z</time>
    <extensions>
     <gpxdata:hr>155</gpxdata:hr>
     <gpxdata:distance>2321.00</gpxdata:distance>
     <gpxdata:cadence>95</gpxdata:cadence>
     <gpxdata:speed>4.114</gpxdata:speed>
    </extensions>
   </trkpt>
   <trkpt lat="25.2041834" lon="121.6909240">
    <ele>15</ele>
    <time>2026-03-14T22:59:40Z</time>
    <extensions>
     <gpxdata:hr>155</gpxdata:hr>
     <gpxdata:distance>2325.50</gpxdata:distance>
     <gpxdata:cadence>95</gpxdata:cadence>
     <gpxdata:speed>4.111</gpxdata:speed>
    </extensions>
   </trkpt>
   <trkpt lat="25.2041921" lon="121.6908849">
    <ele>15</ele>
    <time>2026-03-14T22:59:41Z</time>
    <extensions>
     <gpxdata:hr>155</gpxdata:hr>
     <gpxdata:distance>2330.00</gpxdata:distance>
     <gpxdata:cadence>95</gpxdata:cadence>
     <gpxdata:speed>4.111</gpxdata:speed>
    </extensions>
   </trkpt>
   <trkpt lat="25.2041924" lon="121.6908434">
    <ele>15</ele>
    <time>2026-03-14T22:59:42Z</time>
    <extensions>
     <gpxdata:hr>154</gpxdata:hr>
     <gpxdata:distance>2334.00</gpxdata:distance>
     <gpxdata:cadence>95</gpxdata:cadence>
     <gpxdata:speed>4.111</gpxdata:speed>
    </extensions>
   </trkpt>
   <trkpt lat="25.2041927" lon="121.6908020">
    <ele>15</ele>
    <time>2026-03-14T22:59:43Z</time>
    <extensions>
     <gpxdata:hr>154</gpxdata:hr>
     <gpxdata:distance>2338.00</gpxdata:distance>
     <gpxdata:cadence>95</gpxdata:cadence>
     <gpxdata:speed>4.114</gpxdata:speed>
    </extensions>
   </trkpt>
   <trkpt lat="25.2041889" lon="121.6907600">
    <ele>15</ele>
    <time>2026-03-14T22:59:44Z</time>
    <extensions>
     <gpxdata:hr>154</gpxdata:hr>
     <gpxdata:distance>2342.00</gpxdata:distance>
     <gpxdata:cadence>95</gpxdata:cadence>
     <gpxdata:speed>4.114</gpxdata:speed>
    </extensions>
   </trkpt>
   <trkpt lat="25.2041851" lon="121.6907180">
    <ele>15</ele>
    <time>2026-03-14T22:59:45Z</time>
    <extensions>
     <gpxdata:hr>154</gpxdata:hr>
     <gpxdata:distance>2346.00</gpxdata:distance>
     <gpxdata:cadence>95</gpxdata:cadence>
     <gpxdata:speed>4.117</gpxdata:speed>
    </extensions>
   </trkpt>
   <trkpt lat="25.2041812" lon="121.6906768">
    <ele>14</ele>
    <time>2026-03-14T22:59:46Z</time>
    <extensions>
     <gpxdata:hr>154</gpxdata:hr>
     <gpxdata:distance>2350.00</gpxdata:distance>
     <gpxdata:cadence>95</gpxdata:cadence>
     <gpxdata:speed>4.117</gpxdata:speed>
    </extensions>
   </trkpt>
   <trkpt lat="25.2041773" lon="121.6906357">
    <ele>14</ele>
    <time>2026-03-14T22:59:47Z</time>
    <extensions>
     <gpxdata:hr>154</gpxdata:hr>
     <gpxdata:distance>2354.00</gpxdata:distance>
     <gpxdata:cadence>95</gpxdata:cadence>
     <gpxdata:speed>4.117</gpxdata:speed>
    </extensions>
   </trkpt>
   <trkpt lat="25.2041771" lon="121.6905958">
    <ele>14</ele>
    <time>2026-03-14T22:59:48Z</time>
    <extensions>
     <gpxdata:hr>154</gpxdata:hr>
     <gpxdata:distance>2358.00</gpxdata:distance>
     <gpxdata:cadence>95</gpxdata:cadence>
     <gpxdata:speed>4.114</gpxdata:speed>
    </extensions>
   </trkpt>
   <trkpt lat="25.2041770" lon="121.6905559">
    <ele>14</ele>
    <time>2026-03-14T22:59:49Z</time>
    <extensions>
     <gpxdata:hr>154</gpxdata:hr>
     <gpxdata:distance>2362.00</gpxdata:distance>
     <gpxdata:cadence>95</gpxdata:cadence>
     <gpxdata:speed>4.114</gpxdata:speed>
    </extensions>
   </trkpt>
   <trkpt lat="25.2041832" lon="121.6905177">
    <ele>14</ele>
    <time>2026-03-14T22:59:50Z</time>
    <extensions>
     <gpxdata:hr>154</gpxdata:hr>
     <gpxdata:distance>2366.00</gpxdata:distance>
     <gpxdata:cadence>95</gpxdata:cadence>
     <gpxdata:speed>4.111</gpxdata:speed>
    </extensions>
   </trkpt>
   <trkpt lat="25.2041895" lon="121.6904795">
    <ele>14</ele>
    <time>2026-03-14T22:59:51Z</time>
    <extensions>
     <gpxdata:hr>154</gpxdata:hr>
     <gpxdata:distance>2370.00</gpxdata:distance>
     <gpxdata:cadence>95</gpxdata:cadence>
     <gpxdata:speed>4.108</gpxdata:speed>
    </extensions>
   </trkpt>
   <trkpt lat="25.2042033" lon="121.6904435">
    <ele>14</ele>
    <time>2026-03-14T22:59:52Z</time>
    <extensions>
     <gpxdata:hr>154</gpxdata:hr>
     <gpxdata:distance>2374.00</gpxdata:distance>
     <gpxdata:cadence>95</gpxdata:cadence>
     <gpxdata:speed>4.106</gpxdata:speed>
    </extensions>
   </trkpt>
   <trkpt lat="25.2042172" lon="121.6904075">
    <ele>14</ele>
    <time>2026-03-14T22:59:53Z</time>
    <extensions>
     <gpxdata:hr>154</gpxdata:hr>
     <gpxdata:distance>2378.00</gpxdata:distance>
     <gpxdata:cadence>95</gpxdata:cadence>
     <gpxdata:speed>4.106</gpxdata:speed>
    </extensions>
   </trkpt>
   <trkpt lat="25.2042387" lon="121.6903753">
    <ele>14</ele>
    <time>2026-03-14T22:59:54Z</time>
    <extensions>
     <gpxdata:hr>154</gpxdata:hr>
     <gpxdata:distance>2382.00</gpxdata:distance>
     <gpxdata:cadence>95</gpxdata:cadence>
     <gpxdata:speed>4.103</gpxdata:speed>
    </extensions>
   </trkpt>
   <trkpt lat="25.2042603" lon="121.6903431">
    <ele>14</ele>
    <time>2026-03-14T22:59:55Z</time>
    <extensions>
     <gpxdata:hr>154</gpxdata:hr>
     <gpxdata:distance>2386.00</gpxdata:distance>
     <gpxdata:cadence>95</gpxdata:cadence>
     <gpxdata:speed>4.103</gpxdata:speed>
    </extensions>
   </trkpt>
   <trkpt lat="25.2042880" lon="121.6903152">
    <ele>14</ele>
    <time>2026-03-14T22:59:56Z</time>
    <extensions>
     <gpxdata:hr>154</gpxdata:hr>
     <gpxdata:distance>2390.50</gpxdata:distance>
     <gpxdata:cadence>95</gpxdata:cadence>
     <gpxdata:speed>4.103</gpxdata:speed>
    </extensions>
   </trkpt>
   <trkpt lat="25.2043157" lon="121.6902874">
    <ele>14</ele>
    <time>2026-03-14T22:59:57Z</time>
    <extensions>
     <gpxdata:hr>154</gpxdata:hr>
     <gpxdata:distance>2395.00</gpxdata:distance>
     <gpxdata:cadence>96</gpxdata:cadence>
     <gpxdata:speed>4.106</gpxdata:speed>
    </extensions>
   </trkpt>
   <trkpt lat="25.2043471" lon="121.6902642">
    <ele>14</ele>
    <time>2026-03-14T22:59:58Z</time>
    <extensions>
     <gpxdata:hr>154</gpxdata:hr>
     <gpxdata:distance>2399.00</gpxdata:distance>
     <gpxdata:cadence>96</gpxdata:cadence>
     <gpxdata:speed>4.106</gpxdata:speed>
    </extensions>
   </trkpt>
   <trkpt lat="25.2043785" lon="121.6902411">
    <ele>14</ele>
    <time>2026-03-14T22:59:59Z</time>
    <extensions>
     <gpxdata:hr>154</gpxdata:hr>
     <gpxdata:distance>2403.00</gpxdata:distance>
     <gpxdata:cadence>96</gpxdata:cadence>
     <gpxdata:speed>4.108</gpxdata:speed>
    </extensions>
   </trkpt>
   <trkpt lat="25.2044112" lon="121.6902205">
    <ele>14</ele>
    <time>2026-03-14T23:00:00Z</time>
    <extensions>
     <gpxdata:hr>154</gpxdata:hr>
     <gpxdata:distance>2407.00</gpxdata:distance>
     <gpxdata:cadence>96</gpxdata:cadence>
     <gpxdata:speed>4.108</gpxdata:speed>
    </extensions>
   </trkpt>
   <trkpt lat="25.2044439" lon="121.6901999">
    <ele>14</ele>
    <time>2026-03-14T23:00:01Z</time>
    <extensions>
     <gpxdata:hr>154</gpxdata:hr>
     <gpxdata:distance>2411.00</gpxdata:distance>
     <gpxdata:cadence>96</gpxdata:cadence>
     <gpxdata:speed>4.111</gpxdata:speed>
    </extensions>
   </trkpt>
   <trkpt lat="25.2044766" lon="121.6901799">
    <ele>14</ele>
    <time>2026-03-14T23:00:02Z</time>
    <extensions>
     <gpxdata:hr>154</gpxdata:hr>
     <gpxdata:distance>2415.50</gpxdata:distance>
     <gpxdata:cadence>96</gpxdata:cadence>
     <gpxdata:speed>4.111</gpxdata:speed>
    </extensions>
   </trkpt>
   <trkpt lat="25.2045094" lon="121.6901599">
    <ele>14</ele>
    <time>2026-03-14T23:00:03Z</time>
    <extensions>
     <gpxdata:hr>154</gpxdata:hr>
     <gpxdata:distance>2420.00</gpxdata:distance>
     <gpxdata:cadence>96</gpxdata:cadence>
     <gpxdata:speed>4.111</gpxdata:speed>
    </extensions>
   </trkpt>
   <trkpt lat="25.2045420" lon="121.6901397">
    <ele>14</ele>
    <time>2026-03-14T23:00:04Z</time>
    <extensions>
     <gpxdata:hr>154</gpxdata:hr>
     <gpxdata:distance>2424.00</gpxdata:distance>
     <gpxdata:cadence>95</gpxdata:cadence>
     <gpxdata:speed>4.108</gpxdata:speed>
    </extensions>
   </trkpt>
   <trkpt lat="25.2045747" lon="121.6901195">
    <ele>15</ele>
    <time>2026-03-14T23:00:05Z</time>
    <extensions>
     <gpxdata:hr>154</gpxdata:hr>
     <gpxdata:distance>2428.00</gpxdata:distance>
     <gpxdata:cadence>95</gpxdata:cadence>
     <gpxdata:speed>4.106</gpxdata:speed>
    </extensions>
   </trkpt>
   <trkpt lat="25.2046068" lon="121.6900984">
    <ele>15</ele>
    <time>2026-03-14T23:00:06Z</time>
    <extensions>
     <gpxdata:hr>154</gpxdata:hr>
     <gpxdata:distance>2432.00</gpxdata:distance>
     <gpxdata:cadence>95</gpxdata:cadence>
     <gpxdata:speed>4.103</gpxdata:speed>
    </extensions>
   </trkpt>
   <trkpt lat="25.2046389" lon="121.6900773">
    <ele>15</ele>
    <time>2026-03-14T23:00:07Z</time>
    <extensions>
     <gpxdata:hr>154</gpxdata:hr>
     <gpxdata:distance>2436.00</gpxdata:distance>
     <gpxdata:cadence>95</gpxdata:cadence>
     <gpxdata:speed>4.103</gpxdata:speed>
    </extensions>
   </trkpt>
   <trkpt lat="25.2046710" lon="121.6900567">
    <ele>15</ele>
    <time>2026-03-14T23:00:08Z</time>
    <extensions>
     <gpxdata:hr>154</gpxdata:hr>
     <gpxdata:distance>2440.50</gpxdata:distance>
     <gpxdata:cadence>95</gpxdata:cadence>
     <gpxdata:speed>4.103</gpxdata:speed>
    </extensions>
   </trkpt>
   <trkpt lat="25.2047032" lon="121.6900361">
    <ele>15</ele>
    <time>2026-03-14T23:00:09Z</time>
    <extensions>
     <gpxdata:hr>154</gpxdata:hr>
     <gpxdata:distance>2445.00</gpxdata:distance>
     <gpxdata:cadence>95</gpxdata:cadence>
     <gpxdata:speed>4.103</gpxdata:speed>
    </extensions>
   </trkpt>
   <trkpt lat="25.2047357" lon="121.6900165">
    <ele>15</ele>
    <time>2026-03-14T23:00:10Z</time>
    <extensions>
     <gpxdata:hr>154</gpxdata:hr>
     <gpxdata:distance>2449.00</gpxdata:distance>
     <gpxdata:cadence>95</gpxdata:cadence>
     <gpxdata:speed>4.103</gpxdata:speed>
    </extensions>
   </trkpt>
   <trkpt lat="25.2047682" lon="121.6899970">
    <ele>15</ele>
    <time>2026-03-14T23:00:11Z</time>
    <extensions>
     <gpxdata:hr>154</gpxdata:hr>
     <gpxdata:distance>2453.00</gpxdata:distance>
     <gpxdata:cadence>95</gpxdata:cadence>
     <gpxdata:speed>4.103</gpxdata:speed>
    </extensions>
   </trkpt>
   <trkpt lat="25.2048005" lon="121.6899782">
    <ele>15</ele>
    <time>2026-03-14T23:00:12Z</time>
    <extensions>
     <gpxdata:hr>154</gpxdata:hr>
     <gpxdata:distance>2457.00</gpxdata:distance>
     <gpxdata:cadence>95</gpxdata:cadence>
     <gpxdata:speed>4.103</gpxdata:speed>
    </extensions>
   </trkpt>
   <trkpt lat="25.2048329" lon="121.6899595">
    <ele>15</ele>
    <time>2026-03-14T23:00:13Z</time>
    <extensions>
     <gpxdata:hr>154</gpxdata:hr>
     <gpxdata:distance>2461.00</gpxdata:distance>
     <gpxdata:cadence>95</gpxdata:cadence>
     <gpxdata:speed>4.103</gpxdata:speed>
    </extensions>
   </trkpt>
   <trkpt lat="25.2048653" lon="121.6899411">
    <ele>15</ele>
    <time>2026-03-14T23:00:14Z</time>
    <extensions>
     <gpxdata:hr>154</gpxdata:hr>
     <gpxdata:distance>2465.00</gpxdata:distance>
     <gpxdata:cadence>95</gpxdata:cadence>
     <gpxdata:speed>4.103</gpxdata:speed>
    </extensions>
   </trkpt>
   <trkpt lat="25.2048977" lon="121.6899228">
    <ele>15</ele>
    <time>2026-03-14T23:00:15Z</time>
    <extensions>
     <gpxdata:hr>154</gpxdata:hr>
     <gpxdata:distance>2469.00</gpxdata:distance>
     <gpxdata:cadence>96</gpxdata:cadence>
     <gpxdata:speed>4.106</gpxdata:speed>
    </extensions>
   </trkpt>
   <trkpt lat="25.2049306" lon="121.6899047">
    <ele>15</ele>
    <time>2026-03-14T23:00:16Z</time>
    <extensions>
     <gpxdata:hr>154</gpxdata:hr>
     <gpxdata:distance>2473.00</gpxdata:distance>
     <gpxdata:cadence>96</gpxdata:cadence>
     <gpxdata:speed>4.106</gpxdata:speed>
    </extensions>
   </trkpt>
   <trkpt lat="25.2049636" lon="121.6898866">
    <ele>15</ele>
    <time>2026-03-14T23:00:17Z</time>
    <extensions>
     <gpxdata:hr>154</gpxdata:hr>
     <gpxdata:distance>2477.00</gpxdata:distance>
     <gpxdata:cadence>96</gpxdata:cadence>
     <gpxdata:speed>4.106</gpxdata:speed>
    </extensions>
   </trkpt>
   <trkpt lat="25.2049964" lon="121.6898681">
    <ele>15</ele>
    <time>2026-03-14T23:00:18Z</time>
    <extensions>
     <gpxdata:hr>154</gpxdata:hr>
     <gpxdata:distance>2481.00</gpxdata:distance>
     <gpxdata:cadence>96</gpxdata:cadence>
     <gpxdata:speed>4.106</gpxdata:speed>
    </extensions>
   </trkpt>
   <trkpt lat="25.2050293" lon="121.6898496">
    <ele>15</ele>
    <time>2026-03-14T23:00:19Z</time>
    <extensions>
     <gpxdata:hr>154</gpxdata:hr>
     <gpxdata:distance>2485.00</gpxdata:distance>
     <gpxdata:cadence>97</gpxdata:cadence>
     <gpxdata:speed>4.106</gpxdata:speed>
    </extensions>
   </trkpt>
   <trkpt lat="25.2050609" lon="121.6898308">
    <ele>15</ele>
    <time>2026-03-14T23:00:20Z</time>
    <extensions>
     <gpxdata:hr>154</gpxdata:hr>
     <gpxdata:distance>2489.00</gpxdata:distance>
     <gpxdata:cadence>96</gpxdata:cadence>
     <gpxdata:speed>4.103</gpxdata:speed>
    </extensions>
   </trkpt>
   <trkpt lat="25.2050925" lon="121.6898121">
    <ele>15</ele>
    <time>2026-03-14T23:00:21Z</time>
    <extensions>
     <gpxdata:hr>154</gpxdata:hr>
     <gpxdata:distance>2493.00</gpxdata:distance>
     <gpxdata:cadence>96</gpxdata:cadence>
     <gpxdata:speed>4.103</gpxdata:speed>
    </extensions>
   </trkpt>
   <trkpt lat="25.2051168" lon="121.6897882">
    <ele>15</ele>
    <time>2026-03-14T23:00:22Z</time>
    <extensions>
     <gpxdata:hr>154</gpxdata:hr>
     <gpxdata:distance>2496.50</gpxdata:distance>
     <gpxdata:cadence>96</gpxdata:cadence>
     <gpxdata:speed>4.100</gpxdata:speed>
    </extensions>
   </trkpt>
   <trkpt lat="25.2051411" lon="121.6897643">
    <ele>15</ele>
    <time>2026-03-14T23:00:23Z</time>
    <extensions>
     <gpxdata:hr>154</gpxdata:hr>
     <gpxdata:distance>2500.00</gpxdata:distance>
     <gpxdata:cadence>96</gpxdata:cadence>
     <gpxdata:speed>4.097</gpxdata:speed>
    </extensions>
   </trkpt>
   <trkpt lat="25.2051509" lon="121.6897332">
    <ele>15</ele>
    <time>2026-03-14T23:00:24Z</time>
    <extensions>
     <gpxdata:hr>154</gpxdata:hr>
     <gpxdata:distance>2503.50</gpxdata:distance>
     <gpxdata:cadence>96</gpxdata:cadence>
     <gpxdata:speed>4.086</gpxdata:speed>
    </extensions>
   </trkpt>
   <trkpt lat="25.2051607" lon="121.6897021">
    <ele>15</ele>
    <time>2026-03-14T23:00:25Z</time>
    <extensions>
     <gpxdata:hr>154</gpxdata:hr>
     <gpxdata:distance>2507.00</gpxdata:distance>
     <gpxdata:cadence>95</gpxdata:cadence>
     <gpxdata:speed>4.078</gpxdata:speed>
    </extensions>
   </trkpt>
   <trkpt lat="25.2051568" lon="121.6896670">
    <ele>15</ele>
    <time>2026-03-14T23:00:26Z</time>
    <extensions>
     <gpxdata:hr>154</gpxdata:hr>
     <gpxdata:distance>2511.00</gpxdata:distance>
     <gpxdata:cadence>95</gpxdata:cadence>
     <gpxdata:speed>4.064</gpxdata:speed>
    </extensions>
   </trkpt>
   <trkpt lat="25.2051530" lon="121.6896320">
    <ele>15</ele>
    <time>2026-03-14T23:00:27Z</time>
    <extensions>
     <gpxdata:hr>154</gpxdata:hr>
     <gpxdata:distance>2515.00</gpxdata:distance>
     <gpxdata:cadence>95</gpxdata:cadence>
     <gpxdata:speed>4.053</gpxdata:speed>
    </extensions>
   </trkpt>
   <trkpt lat="25.2051413" lon="121.6895951">
    <ele>15</ele>
    <time>2026-03-14T23:00:28Z</time>
    <extensions>
     <gpxdata:hr>155</gpxdata:hr>
     <gpxdata:distance>2519.00</gpxdata:distance>
     <gpxdata:cadence>95</gpxdata:cadence>
     <gpxdata:speed>4.047</gpxdata:speed>
    </extensions>
   </trkpt>
   <trkpt lat="25.2051296" lon="121.6895582">
    <ele>15</ele>
    <time>2026-03-14T23:00:29Z</time>
    <extensions>
     <gpxdata:hr>155</gpxdata:hr>
     <gpxdata:distance>2523.00</gpxdata:distance>
     <gpxdata:cadence>95</gpxdata:cadence>
     <gpxdata:speed>4.042</gpxdata:speed>
    </extensions>
   </trkpt>
   <trkpt lat="25.2051161" lon="121.6895211">
    <ele>15</ele>
    <time>2026-03-14T23:00:30Z</time>
    <extensions>
     <gpxdata:hr>155</gpxdata:hr>
     <gpxdata:distance>2526.50</gpxdata:distance>
     <gpxdata:cadence>95</gpxdata:cadence>
     <gpxdata:speed>4.039</gpxdata:speed>
    </extensions>
   </trkpt>
   <trkpt lat="25.2051027" lon="121.6894840">
    <ele>15</ele>
    <time>2026-03-14T23:00:31Z</time>
    <extensions>
     <gpxdata:hr>155</gpxdata:hr>
     <gpxdata:distance>2530.00</gpxdata:distance>
     <gpxdata:cadence>95</gpxdata:cadence>
     <gpxdata:speed>4.036</gpxdata:speed>
    </extensions>
   </trkpt>
   <trkpt lat="25.2050918" lon="121.6894467">
    <ele>15</ele>
    <time>2026-03-14T23:00:32Z</time>
    <extensions>
     <gpxdata:hr>155</gpxdata:hr>
     <gpxdata:distance>2534.00</gpxdata:distance>
     <gpxdata:cadence>95</gpxdata:cadence>
     <gpxdata:speed>4.031</gpxdata:speed>
    </extensions>
   </trkpt>
   <trkpt lat="25.2050810" lon="121.6894094">
    <ele>15</ele>
    <time>2026-03-14T23:00:33Z</time>
    <extensions>
     <gpxdata:hr>155</gpxdata:hr>
     <gpxdata:distance>2538.00</gpxdata:distance>
     <gpxdata:cadence>95</gpxdata:cadence>
     <gpxdata:speed>4.025</gpxdata:speed>
    </extensions>
   </trkpt>
   <trkpt lat="25.2050741" lon="121.6893720">
    <ele>15</ele>
    <time>2026-03-14T23:00:34Z</time>
    <extensions>
     <gpxdata:hr>155</gpxdata:hr>
     <gpxdata:distance>2541.50</gpxdata:distance>
     <gpxdata:cadence>95</gpxdata:cadence>
     <gpxdata:speed>4.022</gpxdata:speed>
    </extensions>
   </trkpt>
   <trkpt lat="25.2050673" lon="121.6893346">
    <ele>15</ele>
    <time>2026-03-14T23:00:35Z</time>
    <extensions>
     <gpxdata:hr>155</gpxdata:hr>
     <gpxdata:distance>2545.00</gpxdata:distance>
     <gpxdata:cadence>95</gpxdata:cadence>
     <gpxdata:speed>4.022</gpxdata:speed>
    </extensions>
   </trkpt>
   <trkpt lat="25.2050640" lon="121.6892962">
    <ele>15</ele>
    <time>2026-03-14T23:00:36Z</time>
    <extensions>
     <gpxdata:hr>155</gpxdata:hr>
     <gpxdata:distance>2549.50</gpxdata:distance>
     <gpxdata:cadence>95</gpxdata:cadence>
     <gpxdata:speed>4.022</gpxdata:speed>
    </extensions>
   </trkpt>
   <trkpt lat="25.2050608" lon="121.6892579">
    <ele>15</ele>
    <time>2026-03-14T23:00:37Z</time>
    <extensions>
     <gpxdata:hr>155</gpxdata:hr>
     <gpxdata:distance>2554.00</gpxdata:distance>
     <gpxdata:cadence>95</gpxdata:cadence>
     <gpxdata:speed>4.025</gpxdata:speed>
    </extensions>
   </trkpt>
   <trkpt lat="25.2050601" lon="121.6892179">
    <ele>15</ele>
    <time>2026-03-14T23:00:38Z</time>
    <extensions>
     <gpxdata:hr>155</gpxdata:hr>
     <gpxdata:distance>2558.00</gpxdata:distance>
     <gpxdata:cadence>95</gpxdata:cadence>
     <gpxdata:speed>4.028</gpxdata:speed>
    </extensions>
   </trkpt>
   <trkpt lat="25.2050595" lon="121.6891780">
    <ele>15</ele>
    <time>2026-03-14T23:00:39Z</time>
    <extensions>
     <gpxdata:hr>155</gpxdata:hr>
     <gpxdata:distance>2562.00</gpxdata:distance>
     <gpxdata:cadence>95</gpxdata:cadence>
     <gpxdata:speed>4.033</gpxdata:speed>
    </extensions>
   </trkpt>
   <trkpt lat="25.2050613" lon="121.6891375">
    <ele>15</ele>
    <time>2026-03-14T23:00:40Z</time>
    <extensions>
     <gpxdata:hr>155</gpxdata:hr>
     <gpxdata:distance>2566.00</gpxdata:distance>
     <gpxdata:cadence>95</gpxdata:cadence>
     <gpxdata:speed>4.036</gpxdata:speed>
    </extensions>
   </trkpt>
   <trkpt lat="25.2050632" lon="121.6890970">
    <ele>15</ele>
    <time>2026-03-14T23:00:41Z</time>
    <extensions>
     <gpxdata:hr>155</gpxdata:hr>
     <gpxdata:distance>2570.00</gpxdata:distance>
     <gpxdata:cadence>96</gpxdata:cadence>
     <gpxdata:speed>4.039</gpxdata:speed>
    </extensions>
   </trkpt>
   <trkpt lat="25.2050652" lon="121.6890563">
    <ele>15</ele>
    <time>2026-03-14T23:00:42Z</time>
    <extensions>
     <gpxdata:hr>156</gpxdata:hr>
     <gpxdata:distance>2574.00</gpxdata:distance>
     <gpxdata:cadence>95</gpxdata:cadence>
     <gpxdata:speed>4.042</gpxdata:speed>
    </extensions>
   </trkpt>
   <trkpt lat="25.2050673" lon="121.6890156">
    <ele>15</ele>
    <time>2026-03-14T23:00:43Z</time>
    <extensions>
     <gpxdata:hr>156</gpxdata:hr>
     <gpxdata:distance>2578.00</gpxdata:distance>
     <gpxdata:cadence>95</gpxdata:cadence>
     <gpxdata:speed>4.044</gpxdata:speed>
    </extensions>
   </trkpt>
   <trkpt lat="25.2050683" lon="121.6889741">
    <ele>15</ele>
    <time>2026-03-14T23:00:44Z</time>
    <extensions>
     <gpxdata:hr>156</gpxdata:hr>
     <gpxdata:distance>2582.50</gpxdata:distance>
     <gpxdata:cadence>95</gpxdata:cadence>
     <gpxdata:speed>4.044</gpxdata:speed>
    </extensions>
   </trkpt>
   <trkpt lat="25.2050694" lon="121.6889327">
    <ele>15</ele>
    <time>2026-03-14T23:00:45Z</time>
    <extensions>
     <gpxdata:hr>156</gpxdata:hr>
     <gpxdata:distance>2587.00</gpxdata:distance>
     <gpxdata:cadence>95</gpxdata:cadence>
     <gpxdata:speed>4.047</gpxdata:speed>
    </extensions>
   </trkpt>
   <trkpt lat="25.2050708" lon="121.6888911">
    <ele>15</ele>
    <time>2026-03-14T23:00:46Z</time>
    <extensions>
     <gpxdata:hr>156</gpxdata:hr>
     <gpxdata:distance>2591.00</gpxdata:distance>
     <gpxdata:cadence>95</gpxdata:cadence>
     <gpxdata:speed>4.047</gpxdata:speed>
    </extensions>
   </trkpt>
   <trkpt lat="25.2050722" lon="121.6888496">
    <ele>15</ele>
    <time>2026-03-14T23:00:47Z</time>
    <extensions>
     <gpxdata:hr>156</gpxdata:hr>
     <gpxdata:distance>2595.00</gpxdata:distance>
     <gpxdata:cadence>95</gpxdata:cadence>
     <gpxdata:speed>4.050</gpxdata:speed>
    </extensions>
   </trkpt>
   <trkpt lat="25.2050728" lon="121.6888076">
    <ele>15</ele>
    <time>2026-03-14T23:00:48Z</time>
    <extensions>
     <gpxdata:hr>156</gpxdata:hr>
     <gpxdata:distance>2599.50</gpxdata:distance>
     <gpxdata:cadence>95</gpxdata:cadence>
     <gpxdata:speed>4.050</gpxdata:speed>
    </extensions>
   </trkpt>
   <trkpt lat="25.2050734" lon="121.6887656">
    <ele>15</ele>
    <time>2026-03-14T23:00:49Z</time>
    <extensions>
     <gpxdata:hr>156</gpxdata:hr>
     <gpxdata:distance>2604.00</gpxdata:distance>
     <gpxdata:cadence>95</gpxdata:cadence>
     <gpxdata:speed>4.053</gpxdata:speed>
    </extensions>
   </trkpt>
   <trkpt lat="25.2050738" lon="121.6887231">
    <ele>15</ele>
    <time>2026-03-14T23:00:50Z</time>
    <extensions>
     <gpxdata:hr>156</gpxdata:hr>
     <gpxdata:distance>2608.00</gpxdata:distance>
     <gpxdata:cadence>95</gpxdata:cadence>
     <gpxdata:speed>4.053</gpxdata:speed>
    </extensions>
   </trkpt>
   <trkpt lat="25.2050743" lon="121.6886807">
    <ele>14</ele>
    <time>2026-03-14T23:00:51Z</time>
    <extensions>
     <gpxdata:hr>156</gpxdata:hr>
     <gpxdata:distance>2612.00</gpxdata:distance>
     <gpxdata:cadence>95</gpxdata:cadence>
     <gpxdata:speed>4.056</gpxdata:speed>
    </extensions>
   </trkpt>
   <trkpt lat="25.2050760" lon="121.6886388">
    <ele>14</ele>
    <time>2026-03-14T23:00:52Z</time>
    <extensions>
     <gpxdata:hr>156</gpxdata:hr>
     <gpxdata:distance>2616.00</gpxdata:distance>
     <gpxdata:cadence>95</gpxdata:cadence>
     <gpxdata:speed>4.056</gpxdata:speed>
    </extensions>
   </trkpt>
   <trkpt lat="25.2050777" lon="121.6885969">
    <ele>14</ele>
    <time>2026-03-14T23:00:53Z</time>
    <extensions>
     <gpxdata:hr>156</gpxdata:hr>
     <gpxdata:distance>2620.00</gpxdata:distance>
     <gpxdata:cadence>95</gpxdata:cadence>
     <gpxdata:speed>4.058</gpxdata:speed>
    </extensions>
   </trkpt>
   <trkpt lat="25.2050755" lon="121.6885562">
    <ele>14</ele>
    <time>2026-03-14T23:00:54Z</time>
    <extensions>
     <gpxdata:hr>156</gpxdata:hr>
     <gpxdata:distance>2624.50</gpxdata:distance>
     <gpxdata:cadence>95</gpxdata:cadence>
     <gpxdata:speed>4.058</gpxdata:speed>
    </extensions>
   </trkpt>
   <trkpt lat="25.2050733" lon="121.6885156">
    <ele>14</ele>
    <time>2026-03-14T23:00:55Z</time>
    <extensions>
     <gpxdata:hr>155</gpxdata:hr>
     <gpxdata:distance>2629.00</gpxdata:distance>
     <gpxdata:cadence>95</gpxdata:cadence>
     <gpxdata:speed>4.061</gpxdata:speed>
    </extensions>
   </trkpt>
   <trkpt lat="25.2050660" lon="121.6884760">
    <ele>14</ele>
    <time>2026-03-14T23:00:56Z</time>
    <extensions>
     <gpxdata:hr>155</gpxdata:hr>
     <gpxdata:distance>2633.00</gpxdata:distance>
     <gpxdata:cadence>95</gpxdata:cadence>
     <gpxdata:speed>4.061</gpxdata:speed>
    </extensions>
   </trkpt>
   <trkpt lat="25.2050588" lon="121.6884364">
    <ele>14</ele>
    <time>2026-03-14T23:00:57Z</time>
    <extensions>
     <gpxdata:hr>155</gpxdata:hr>
     <gpxdata:distance>2637.00</gpxdata:distance>
     <gpxdata:cadence>95</gpxdata:cadence>
     <gpxdata:speed>4.064</gpxdata:speed>
    </extensions>
   </trkpt>
   <trkpt lat="25.2050472" lon="121.6883978">
    <ele>14</ele>
    <time>2026-03-14T23:00:58Z</time>
    <extensions>
     <gpxdata:hr>155</gpxdata:hr>
     <gpxdata:distance>2641.00</gpxdata:distance>
     <gpxdata:cadence>95</gpxdata:cadence>
     <gpxdata:speed>4.064</gpxdata:speed>
    </extensions>
   </trkpt>
   <trkpt lat="25.2050356" lon="121.6883593">
    <ele>14</ele>
    <time>2026-03-14T23:00:59Z</time>
    <extensions>
     <gpxdata:hr>155</gpxdata:hr>
     <gpxdata:distance>2645.00</gpxdata:distance>
     <gpxdata:cadence>95</gpxdata:cadence>
     <gpxdata:speed>4.067</gpxdata:speed>
    </extensions>
   </trkpt>
   <trkpt lat="25.2050207" lon="121.6883219">
    <ele>14</ele>
    <time>2026-03-14T23:01:00Z</time>
    <extensions>
     <gpxdata:hr>155</gpxdata:hr>
     <gpxdata:distance>2649.00</gpxdata:distance>
     <gpxdata:cadence>95</gpxdata:cadence>
     <gpxdata:speed>4.067</gpxdata:speed>
    </extensions>
   </trkpt>
   <trkpt lat="25.2050059" lon="121.6882846">
    <ele>13</ele>
    <time>2026-03-14T23:01:01Z</time>
    <extensions>
     <gpxdata:hr>155</gpxdata:hr>
     <gpxdata:distance>2653.00</gpxdata:distance>
     <gpxdata:cadence>95</gpxdata:cadence>
     <gpxdata:speed>4.067</gpxdata:speed>
    </extensions>
   </trkpt>
   <trkpt lat="25.2049887" lon="121.6882485">
    <ele>13</ele>
    <time>2026-03-14T23:01:02Z</time>
    <extensions>
     <gpxdata:hr>155</gpxdata:hr>
     <gpxdata:distance>2657.00</gpxdata:distance>
     <gpxdata:cadence>95</gpxdata:cadence>
     <gpxdata:speed>4.067</gpxdata:speed>
    </extensions>
   </trkpt>
   <trkpt lat="25.2049715" lon="121.6882124">
    <ele>13</ele>
    <time>2026-03-14T23:01:03Z</time>
    <extensions>
     <gpxdata:hr>155</gpxdata:hr>
     <gpxdata:distance>2661.00</gpxdata:distance>
     <gpxdata:cadence>95</gpxdata:cadence>
     <gpxdata:speed>4.069</gpxdata:speed>
    </extensions>
   </trkpt>
   <trkpt lat="25.2049517" lon="121.6881785">
    <ele>13</ele>
    <time>2026-03-14T23:01:04Z</time>
    <extensions>
     <gpxdata:hr>155</gpxdata:hr>
     <gpxdata:distance>2665.00</gpxdata:distance>
     <gpxdata:cadence>95</gpxdata:cadence>
     <gpxdata:speed>4.069</gpxdata:speed>
    </extensions>
   </trkpt>
   <trkpt lat="25.2049320" lon="121.6881447">
    <ele>13</ele>
    <time>2026-03-14T23:01:05Z</time>
    <extensions>
     <gpxdata:hr>155</gpxdata:hr>
     <gpxdata:distance>2669.00</gpxdata:distance>
     <gpxdata:cadence>95</gpxdata:cadence>
     <gpxdata:speed>4.069</gpxdata:speed>
    </extensions>
   </trkpt>
   <trkpt lat="25.2049082" lon="121.6881149">
    <ele>13</ele>
    <time>2026-03-14T23:01:06Z</time>
    <extensions>
     <gpxdata:hr>155</gpxdata:hr>
     <gpxdata:distance>2673.00</gpxdata:distance>
     <gpxdata:cadence>95</gpxdata:cadence>
     <gpxdata:speed>4.069</gpxdata:speed>
    </extensions>
   </trkpt>
   <trkpt lat="25.2048845" lon="121.6880852">
    <ele>13</ele>
    <time>2026-03-14T23:01:07Z</time>
    <extensions>
     <gpxdata:hr>155</gpxdata:hr>
     <gpxdata:distance>2677.00</gpxdata:distance>
     <gpxdata:cadence>95</gpxdata:cadence>
     <gpxdata:speed>4.072</gpxdata:speed>
    </extensions>
   </trkpt>
   <trkpt lat="25.2048566" lon="121.6880599">
    <ele>13</ele>
    <time>2026-03-14T23:01:08Z</time>
    <extensions>
     <gpxdata:hr>155</gpxdata:hr>
     <gpxdata:distance>2681.50</gpxdata:distance>
     <gpxdata:cadence>95</gpxdata:cadence>
     <gpxdata:speed>4.072</gpxdata:speed>
    </extensions>
   </trkpt>
   <trkpt lat="25.2048288" lon="121.6880347">
    <ele>13</ele>
    <time>2026-03-14T23:01:09Z</time>
    <extensions>
     <gpxdata:hr>155</gpxdata:hr>
     <gpxdata:distance>2686.00</gpxdata:distance>
     <gpxdata:cadence>95</gpxdata:cadence>
     <gpxdata:speed>4.072</gpxdata:speed>
    </extensions>
   </trkpt>
   <trkpt lat="25.2047974" lon="121.6880140">
    <ele>13</ele>
    <time>2026-03-14T23:01:10Z</time>
    <extensions>
     <gpxdata:hr>155</gpxdata:hr>
     <gpxdata:distance>2690.00</gpxdata:distance>
     <gpxdata:cadence>95</gpxdata:cadence>
     <gpxdata:speed>4.069</gpxdata:speed>
    </extensions>
   </trkpt>
   <trkpt lat="25.2047661" lon="121.6879934">
    <ele>13</ele>
    <time>2026-03-14T23:01:11Z</time>
    <extensions>
     <gpxdata:hr>155</gpxdata:hr>
     <gpxdata:distance>2694.00</gpxdata:distance>
     <gpxdata:cadence>95</gpxdata:cadence>
     <gpxdata:speed>4.069</gpxdata:speed>
    </extensions>
   </trkpt>
   <trkpt lat="25.2047327" lon="121.6879768">
    <ele>13</ele>
    <time>2026-03-14T23:01:12Z</time>
    <extensions>
     <gpxdata:hr>155</gpxdata:hr>
     <gpxdata:distance>2698.00</gpxdata:distance>
     <gpxdata:cadence>95</gpxdata:cadence>
     <gpxdata:speed>4.067</gpxdata:speed>
    </extensions>
   </trkpt>
   <trkpt lat="25.2046994" lon="121.6879603">
    <ele>13</ele>
    <time>2026-03-14T23:01:13Z</time>
    <extensions>
     <gpxdata:hr>155</gpxdata:hr>
     <gpxdata:distance>2702.00</gpxdata:distance>
     <gpxdata:cadence>95</gpxdata:cadence>
     <gpxdata:speed>4.067</gpxdata:speed>
    </extensions>
   </trkpt>
   <trkpt lat="25.2046641" lon="121.6879481">
    <ele>13</ele>
    <time>2026-03-14T23:01:14Z</time>
    <extensions>
     <gpxdata:hr>154</gpxdata:hr>
     <gpxdata:distance>2706.00</gpxdata:distance>
     <gpxdata:cadence>95</gpxdata:cadence>
     <gpxdata:speed>4.067</gpxdata:speed>
    </extensions>
   </trkpt>
   <trkpt lat="25.2046288" lon="121.6879360">
    <ele>13</ele>
    <time>2026-03-14T23:01:15Z</time>
    <extensions>
     <gpxdata:hr>154</gpxdata:hr>
     <gpxdata:distance>2710.00</gpxdata:distance>
     <gpxdata:cadence>95</gpxdata:cadence>
     <gpxdata:speed>4.067</gpxdata:speed>
    </extensions>
   </trkpt>
   <trkpt lat="25.2045913" lon="121.6879275">
    <ele>13</ele>
    <time>2026-03-14T23:01:16Z</time>
    <extensions>
     <gpxdata:hr>154</gpxdata:hr>
     <gpxdata:distance>2714.50</gpxdata:distance>
     <gpxdata:cadence>95</gpxdata:cadence>
     <gpxdata:speed>4.067</gpxdata:speed>
    </extensions>
   </trkpt>
   <trkpt lat="25.2045539" lon="121.6879190">
    <ele>13</ele>
    <time>2026-03-14T23:01:17Z</time>
    <extensions>
     <gpxdata:hr>154</gpxdata:hr>
     <gpxdata:distance>2719.00</gpxdata:distance>
     <gpxdata:cadence>95</gpxdata:cadence>
     <gpxdata:speed>4.069</gpxdata:speed>
    </extensions>
   </trkpt>
   <trkpt lat="25.2045151" lon="121.6879142">
    <ele>13</ele>
    <time>2026-03-14T23:01:18Z</time>
    <extensions>
     <gpxdata:hr>154</gpxdata:hr>
     <gpxdata:distance>2723.50</gpxdata:distance>
     <gpxdata:cadence>95</gpxdata:cadence>
     <gpxdata:speed>4.072</gpxdata:speed>
    </extensions>
   </trkpt>
   <trkpt lat="25.2044763" lon="121.6879095">
    <ele>13</ele>
    <time>2026-03-14T23:01:19Z</time>
    <extensions>
     <gpxdata:hr>154</gpxdata:hr>
     <gpxdata:distance>2728.00</gpxdata:distance>
     <gpxdata:cadence>96</gpxdata:cadence>
     <gpxdata:speed>4.075</gpxdata:speed>
    </extensions>
   </trkpt>
   <trkpt lat="25.2044367" lon="121.6879076">
    <ele>13</ele>
    <time>2026-03-14T23:01:20Z</time>
    <extensions>
     <gpxdata:hr>154</gpxdata:hr>
     <gpxdata:distance>2732.50</gpxdata:distance>
     <gpxdata:cadence>96</gpxdata:cadence>
     <gpxdata:speed>4.083</gpxdata:speed>
    </extensions>
   </trkpt>
   <trkpt lat="25.2043972" lon="121.6879058">
    <ele>13</ele>
    <time>2026-03-14T23:01:21Z</time>
    <extensions>
     <gpxdata:hr>154</gpxdata:hr>
     <gpxdata:distance>2737.00</gpxdata:distance>
     <gpxdata:cadence>96</gpxdata:cadence>
     <gpxdata:speed>4.094</gpxdata:speed>
    </extensions>
   </trkpt>
   <trkpt lat="25.2043576" lon="121.6879048">
    <ele>13</ele>
    <time>2026-03-14T23:01:22Z</time>
    <extensions>
     <gpxdata:hr>154</gpxdata:hr>
     <gpxdata:distance>2741.00</gpxdata:distance>
     <gpxdata:cadence>96</gpxdata:cadence>
     <gpxdata:speed>4.103</gpxdata:speed>
    </extensions>
   </trkpt>
   <trkpt lat="25.2043181" lon="121.6879039">
    <ele>13</ele>
    <time>2026-03-14T23:01:23Z</time>
    <extensions>
     <gpxdata:hr>154</gpxdata:hr>
     <gpxdata:distance>2745.00</gpxdata:distance>
     <gpxdata:cadence>96</gpxdata:cadence>
     <gpxdata:speed>4.114</gpxdata:speed>
    </extensions>
   </trkpt>
   <trkpt lat="25.2042795" lon="121.6879017">
    <ele>13</ele>
    <time>2026-03-14T23:01:24Z</time>
    <extensions>
     <gpxdata:hr>154</gpxdata:hr>
     <gpxdata:distance>2749.50</gpxdata:distance>
     <gpxdata:cadence>96</gpxdata:cadence>
     <gpxdata:speed>4.122</gpxdata:speed>
    </extensions>
   </trkpt>
   <trkpt lat="25.2042410" lon="121.6878996">
    <ele>13</ele>
    <time>2026-03-14T23:01:25Z</time>
    <extensions>
     <gpxdata:hr>154</gpxdata:hr>
     <gpxdata:distance>2754.00</gpxdata:distance>
     <gpxdata:cadence>96</gpxdata:cadence>
     <gpxdata:speed>4.131</gpxdata:speed>
    </extensions>
   </trkpt>
   <trkpt lat="25.2042036" lon="121.6878943">
    <ele>12</ele>
    <time>2026-03-14T23:01:26Z</time>
    <extensions>
     <gpxdata:hr>154</gpxdata:hr>
     <gpxdata:distance>2758.00</gpxdata:distance>
     <gpxdata:cadence>95</gpxdata:cadence>
     <gpxdata:speed>4.133</gpxdata:speed>
    </extensions>
   </trkpt>
   <trkpt lat="25.2041663" lon="121.6878890">
    <ele>12</ele>
    <time>2026-03-14T23:01:27Z</time>
    <extensions>
     <gpxdata:hr>154</gpxdata:hr>
     <gpxdata:distance>2762.00</gpxdata:distance>
     <gpxdata:cadence>95</gpxdata:cadence>
     <gpxdata:speed>4.136</gpxdata:speed>
    </extensions>
   </trkpt>
   <trkpt lat="25.2041302" lon="121.6878801">
    <ele>12</ele>
    <time>2026-03-14T23:01:28Z</time>
    <extensions>
     <gpxdata:hr>154</gpxdata:hr>
     <gpxdata:distance>2766.00</gpxdata:distance>
     <gpxdata:cadence>95</gpxdata:cadence>
     <gpxdata:speed>4.136</gpxdata:speed>
    </extensions>
   </trkpt>
   <trkpt lat="25.2040941" lon="121.6878713">
    <ele>12</ele>
    <time>2026-03-14T23:01:29Z</time>
    <extensions>
     <gpxdata:hr>155</gpxdata:hr>
     <gpxdata:distance>2770.00</gpxdata:distance>
     <gpxdata:cadence>95</gpxdata:cadence>
     <gpxdata:speed>4.139</gpxdata:speed>
    </extensions>
   </trkpt>
   <trkpt lat="25.2040592" lon="121.6878581">
    <ele>12</ele>
    <time>2026-03-14T23:01:30Z</time>
    <extensions>
     <gpxdata:hr>155</gpxdata:hr>
     <gpxdata:distance>2774.00</gpxdata:distance>
     <gpxdata:cadence>95</gpxdata:cadence>
     <gpxdata:speed>4.139</gpxdata:speed>
    </extensions>
   </trkpt>
   <trkpt lat="25.2040243" lon="121.6878450">
    <ele>12</ele>
    <time>2026-03-14T23:01:31Z</time>
    <extensions>
     <gpxdata:hr>155</gpxdata:hr>
     <gpxdata:distance>2778.00</gpxdata:distance>
     <gpxdata:cadence>95</gpxdata:cadence>
     <gpxdata:speed>4.142</gpxdata:speed>
    </extensions>
   </trkpt>
   <trkpt lat="25.2039903" lon="121.6878266">
    <ele>12</ele>
    <time>2026-03-14T23:01:32Z</time>
    <extensions>
     <gpxdata:hr>155</gpxdata:hr>
     <gpxdata:distance>2782.50</gpxdata:distance>
     <gpxdata:cadence>95</gpxdata:cadence>
     <gpxdata:speed>4.139</gpxdata:speed>
    </extensions>
   </trkpt>
   <trkpt lat="25.2039564" lon="121.6878082">
    <ele>12</ele>
    <time>2026-03-14T23:01:33Z</time>
    <extensions>
     <gpxdata:hr>155</gpxdata:hr>
     <gpxdata:distance>2787.00</gpxdata:distance>
     <gpxdata:cadence>95</gpxdata:cadence>
     <gpxdata:speed>4.136</gpxdata:speed>
    </extensions>
   </trkpt>
   <trkpt lat="25.2039244" lon="121.6877839">
    <ele>12</ele>
    <time>2026-03-14T23:01:34Z</time>
    <extensions>
     <gpxdata:hr>155</gpxdata:hr>
     <gpxdata:distance>2791.50</gpxdata:distance>
     <gpxdata:cadence>95</gpxdata:cadence>
     <gpxdata:speed>4.133</gpxdata:speed>
    </extensions>
   </trkpt>
   <trkpt lat="25.2038925" lon="121.6877596">
    <ele>12</ele>
    <time>2026-03-14T23:01:35Z</time>
    <extensions>
     <gpxdata:hr>155</gpxdata:hr>
     <gpxdata:distance>2796.00</gpxdata:distance>
     <gpxdata:cadence>96</gpxdata:cadence>
     <gpxdata:speed>4.133</gpxdata:speed>
    </extensions>
   </trkpt>
   <trkpt lat="25.2038642" lon="121.6877298">
    <ele>12</ele>
    <time>2026-03-14T23:01:36Z</time>
    <extensions>
     <gpxdata:hr>155</gpxdata:hr>
     <gpxdata:distance>2800.50</gpxdata:distance>
     <gpxdata:cadence>96</gpxdata:cadence>
     <gpxdata:speed>4.133</gpxdata:speed>
    </extensions>
   </trkpt>
   <trkpt lat="25.2038360" lon="121.6877000">
    <ele>12</ele>
    <time>2026-03-14T23:01:37Z</time>
    <extensions>
     <gpxdata:hr>155</gpxdata:hr>
     <gpxdata:distance>2805.00</gpxdata:distance>
     <gpxdata:cadence>96</gpxdata:cadence>
     <gpxdata:speed>4.133</gpxdata:speed>
    </extensions>
   </trkpt>
   <trkpt lat="25.2038112" lon="121.6876679">
    <ele>12</ele>
    <time>2026-03-14T23:01:38Z</time>
    <extensions>
     <gpxdata:hr>156</gpxdata:hr>
     <gpxdata:distance>2809.00</gpxdata:distance>
     <gpxdata:cadence>95</gpxdata:cadence>
     <gpxdata:speed>4.131</gpxdata:speed>
    </extensions>
   </trkpt>
   <trkpt lat="25.2037864" lon="121.6876358">
    <ele>12</ele>
    <time>2026-03-14T23:01:39Z</time>
    <extensions>
     <gpxdata:hr>156</gpxdata:hr>
     <gpxdata:distance>2813.00</gpxdata:distance>
     <gpxdata:cadence>95</gpxdata:cadence>
     <gpxdata:speed>4.131</gpxdata:speed>
    </extensions>
   </trkpt>
   <trkpt lat="25.2037647" lon="121.6876033">
    <ele>12</ele>
    <time>2026-03-14T23:01:40Z</time>
    <extensions>
     <gpxdata:hr>156</gpxdata:hr>
     <gpxdata:distance>2816.50</gpxdata:distance>
     <gpxdata:cadence>95</gpxdata:cadence>
     <gpxdata:speed>4.131</gpxdata:speed>
    </extensions>
   </trkpt>
   <trkpt lat="25.2037431" lon="121.6875709">
    <ele>12</ele>
    <time>2026-03-14T23:01:41Z</time>
    <extensions>
     <gpxdata:hr>156</gpxdata:hr>
     <gpxdata:distance>2820.00</gpxdata:distance>
     <gpxdata:cadence>95</gpxdata:cadence>
     <gpxdata:speed>4.131</gpxdata:speed>
    </extensions>
   </trkpt>
   <trkpt lat="25.2037245" lon="121.6875373">
    <ele>12</ele>
    <time>2026-03-14T23:01:42Z</time>
    <extensions>
     <gpxdata:hr>156</gpxdata:hr>
     <gpxdata:distance>2824.00</gpxdata:distance>
     <gpxdata:cadence>95</gpxdata:cadence>
     <gpxdata:speed>4.128</gpxdata:speed>
    </extensions>
   </trkpt>
   <trkpt lat="25.2037059" lon="121.6875038">
    <ele>12</ele>
    <time>2026-03-14T23:01:43Z</time>
    <extensions>
     <gpxdata:hr>156</gpxdata:hr>
     <gpxdata:distance>2828.00</gpxdata:distance>
     <gpxdata:cadence>96</gpxdata:cadence>
     <gpxdata:speed>4.128</gpxdata:speed>
    </extensions>
   </trkpt>
   <trkpt lat="25.2036904" lon="121.6874692">
    <ele>12</ele>
    <time>2026-03-14T23:01:44Z</time>
    <extensions>
     <gpxdata:hr>156</gpxdata:hr>
     <gpxdata:distance>2832.00</gpxdata:distance>
     <gpxdata:cadence>96</gpxdata:cadence>
     <gpxdata:speed>4.122</gpxdata:speed>
    </extensions>
   </trkpt>
   <trkpt lat="25.2036750" lon="121.6874347">
    <ele>12</ele>
    <time>2026-03-14T23:01:45Z</time>
    <extensions>
     <gpxdata:hr>156</gpxdata:hr>
     <gpxdata:distance>2836.00</gpxdata:distance>
     <gpxdata:cadence>96</gpxdata:cadence>
     <gpxdata:speed>4.119</gpxdata:speed>
    </extensions>
   </trkpt>
   <trkpt lat="25.2036621" lon="121.6874000">
    <ele>12</ele>
    <time>2026-03-14T23:01:46Z</time>
    <extensions>
     <gpxdata:hr>156</gpxdata:hr>
     <gpxdata:distance>2839.50</gpxdata:distance>
     <gpxdata:cadence>96</gpxdata:cadence>
     <gpxdata:speed>4.114</gpxdata:speed>
    </extensions>
   </trkpt>
   <trkpt lat="25.2036493" lon="121.6873654">
    <ele>12</ele>
    <time>2026-03-14T23:01:47Z</time>
    <extensions>
     <gpxdata:hr>155</gpxdata:hr>
     <gpxdata:distance>2843.00</gpxdata:distance>
     <gpxdata:cadence>95</gpxdata:cadence>
     <gpxdata:speed>4.111</gpxdata:speed>
    </extensions>
   </trkpt>
   <trkpt lat="25.2036361" lon="121.6873316">
    <ele>12</ele>
    <time>2026-03-14T23:01:48Z</time>
    <extensions>
     <gpxdata:hr>155</gpxdata:hr>
     <gpxdata:distance>2847.00</gpxdata:distance>
     <gpxdata:cadence>95</gpxdata:cadence>
     <gpxdata:speed>4.103</gpxdata:speed>
    </extensions>
   </trkpt>
   <trkpt lat="25.2036229" lon="121.6872979">
    <ele>12</ele>
    <time>2026-03-14T23:01:49Z</time>
    <extensions>
     <gpxdata:hr>155</gpxdata:hr>
     <gpxdata:distance>2851.00</gpxdata:distance>
     <gpxdata:cadence>95</gpxdata:cadence>
     <gpxdata:speed>4.097</gpxdata:speed>
    </extensions>
   </trkpt>
   <trkpt lat="25.2036078" lon="121.6872649">
    <ele>12</ele>
    <time>2026-03-14T23:01:50Z</time>
    <extensions>
     <gpxdata:hr>155</gpxdata:hr>
     <gpxdata:distance>2854.50</gpxdata:distance>
     <gpxdata:cadence>95</gpxdata:cadence>
     <gpxdata:speed>4.089</gpxdata:speed>
    </extensions>
   </trkpt>
   <trkpt lat="25.2035928" lon="121.6872319">
    <ele>12</ele>
    <time>2026-03-14T23:01:51Z</time>
    <extensions>
     <gpxdata:hr>155</gpxdata:hr>
     <gpxdata:distance>2858.00</gpxdata:distance>
     <gpxdata:cadence>95</gpxdata:cadence>
     <gpxdata:speed>4.083</gpxdata:speed>
    </extensions>
   </trkpt>
   <trkpt lat="25.2035758" lon="121.6871995">
    <ele>12</ele>
    <time>2026-03-14T23:01:52Z</time>
    <extensions>
     <gpxdata:hr>154</gpxdata:hr>
     <gpxdata:distance>2862.00</gpxdata:distance>
     <gpxdata:cadence>95</gpxdata:cadence>
     <gpxdata:speed>4.078</gpxdata:speed>
    </extensions>
   </trkpt>
   <trkpt lat="25.2035588" lon="121.6871672">
    <ele>12</ele>
    <time>2026-03-14T23:01:53Z</time>
    <extensions>
     <gpxdata:hr>154</gpxdata:hr>
     <gpxdata:distance>2866.00</gpxdata:distance>
     <gpxdata:cadence>95</gpxdata:cadence>
     <gpxdata:speed>4.072</gpxdata:speed>
    </extensions>
   </trkpt>
   <trkpt lat="25.2035388" lon="121.6871358">
    <ele>12</ele>
    <time>2026-03-14T23:01:54Z</time>
    <extensions>
     <gpxdata:hr>154</gpxdata:hr>
     <gpxdata:distance>2870.00</gpxdata:distance>
     <gpxdata:cadence>95</gpxdata:cadence>
     <gpxdata:speed>4.067</gpxdata:speed>
    </extensions>
   </trkpt>
   <trkpt lat="25.2035189" lon="121.6871044">
    <ele>12</ele>
    <time>2026-03-14T23:01:55Z</time>
    <extensions>
     <gpxdata:hr>154</gpxdata:hr>
     <gpxdata:distance>2874.00</gpxdata:distance>
     <gpxdata:cadence>95</gpxdata:cadence>
     <gpxdata:speed>4.061</gpxdata:speed>
    </extensions>
   </trkpt>
   <trkpt lat="25.2034969" lon="121.6870739">
    <ele>12</ele>
    <time>2026-03-14T23:01:56Z</time>
    <extensions>
     <gpxdata:hr>154</gpxdata:hr>
     <gpxdata:distance>2878.00</gpxdata:distance>
     <gpxdata:cadence>95</gpxdata:cadence>
     <gpxdata:speed>4.058</gpxdata:speed>
    </extensions>
   </trkpt>
   <trkpt lat="25.2034749" lon="121.6870434">
    <ele>12</ele>
    <time>2026-03-14T23:01:57Z</time>
    <extensions>
     <gpxdata:hr>154</gpxdata:hr>
     <gpxdata:distance>2882.00</gpxdata:distance>
     <gpxdata:cadence>95</gpxdata:cadence>
     <gpxdata:speed>4.058</gpxdata:speed>
    </extensions>
   </trkpt>
   <trkpt lat="25.2034518" lon="121.6870130">
    <ele>12</ele>
    <time>2026-03-14T23:01:58Z</time>
    <extensions>
     <gpxdata:hr>154</gpxdata:hr>
     <gpxdata:distance>2886.00</gpxdata:distance>
     <gpxdata:cadence>95</gpxdata:cadence>
     <gpxdata:speed>4.053</gpxdata:speed>
    </extensions>
   </trkpt>
   <trkpt lat="25.2034288" lon="121.6869827">
    <ele>12</ele>
    <time>2026-03-14T23:01:59Z</time>
    <extensions>
     <gpxdata:hr>153</gpxdata:hr>
     <gpxdata:distance>2890.00</gpxdata:distance>
     <gpxdata:cadence>96</gpxdata:cadence>
     <gpxdata:speed>4.047</gpxdata:speed>
    </extensions>
   </trkpt>
   <trkpt lat="25.2034052" lon="121.6869515">
    <ele>12</ele>
    <time>2026-03-14T23:02:00Z</time>
    <extensions>
     <gpxdata:hr>153</gpxdata:hr>
     <gpxdata:distance>2894.00</gpxdata:distance>
     <gpxdata:cadence>95</gpxdata:cadence>
     <gpxdata:speed>4.042</gpxdata:speed>
    </extensions>
   </trkpt>
   <trkpt lat="25.2033816" lon="121.6869204">
    <ele>12</ele>
    <time>2026-03-14T23:02:01Z</time>
    <extensions>
     <gpxdata:hr>153</gpxdata:hr>
     <gpxdata:distance>2898.00</gpxdata:distance>
     <gpxdata:cadence>95</gpxdata:cadence>
     <gpxdata:speed>4.039</gpxdata:speed>
    </extensions>
   </trkpt>
   <trkpt lat="25.2033595" lon="121.6868894">
    <ele>12</ele>
    <time>2026-03-14T23:02:02Z</time>
    <extensions>
     <gpxdata:hr>153</gpxdata:hr>
     <gpxdata:distance>2901.50</gpxdata:distance>
     <gpxdata:cadence>95</gpxdata:cadence>
     <gpxdata:speed>4.039</gpxdata:speed>
    </extensions>
   </trkpt>
   <trkpt lat="25.2033375" lon="121.6868584">
    <ele>12</ele>
    <time>2026-03-14T23:02:03Z</time>
    <extensions>
     <gpxdata:hr>153</gpxdata:hr>
     <gpxdata:distance>2905.00</gpxdata:distance>
     <gpxdata:cadence>95</gpxdata:cadence>
     <gpxdata:speed>4.042</gpxdata:speed>
    </extensions>
   </trkpt>
   <trkpt lat="25.2033164" lon="121.6868284">
    <ele>12</ele>
    <time>2026-03-14T23:02:04Z</time>
    <extensions>
     <gpxdata:hr>153</gpxdata:hr>
     <gpxdata:distance>2909.00</gpxdata:distance>
     <gpxdata:cadence>95</gpxdata:cadence>
     <gpxdata:speed>4.042</gpxdata:speed>
    </extensions>
   </trkpt>
   <trkpt lat="25.2032954" lon="121.6867985">
    <ele>12</ele>
    <time>2026-03-14T23:02:05Z</time>
    <extensions>
     <gpxdata:hr>153</gpxdata:hr>
     <gpxdata:distance>2913.00</gpxdata:distance>
     <gpxdata:cadence>95</gpxdata:cadence>
     <gpxdata:speed>4.042</gpxdata:speed>
    </extensions>
   </trkpt>
   <trkpt lat="25.2032751" lon="121.6867700">
    <ele>12</ele>
    <time>2026-03-14T23:02:06Z</time>
    <extensions>
     <gpxdata:hr>153</gpxdata:hr>
     <gpxdata:distance>2916.50</gpxdata:distance>
     <gpxdata:cadence>95</gpxdata:cadence>
     <gpxdata:speed>4.039</gpxdata:speed>
    </extensions>
   </trkpt>
   <trkpt lat="25.2032549" lon="121.6867415">
    <ele>12</ele>
    <time>2026-03-14T23:02:07Z</time>
    <extensions>
     <gpxdata:hr>153</gpxdata:hr>
     <gpxdata:distance>2920.00</gpxdata:distance>
     <gpxdata:cadence>95</gpxdata:cadence>
     <gpxdata:speed>4.039</gpxdata:speed>
    </extensions>
   </trkpt>
   <trkpt lat="25.2032347" lon="121.6867135">
    <ele>12</ele>
    <time>2026-03-14T23:02:08Z</time>
    <extensions>
     <gpxdata:hr>153</gpxdata:hr>
     <gpxdata:distance>2923.50</gpxdata:distance>
     <gpxdata:cadence>95</gpxdata:cadence>
     <gpxdata:speed>4.028</gpxdata:speed>
    </extensions>
   </trkpt>
   <trkpt lat="25.2032146" lon="121.6866855">
    <ele>12</ele>
    <time>2026-03-14T23:02:09Z</time>
    <extensions>
     <gpxdata:hr>154</gpxdata:hr>
     <gpxdata:distance>2927.00</gpxdata:distance>
     <gpxdata:cadence>95</gpxdata:cadence>
     <gpxdata:speed>4.017</gpxdata:speed>
    </extensions>
   </trkpt>
   <trkpt lat="25.2031944" lon="121.6866573">
    <ele>12</ele>
    <time>2026-03-14T23:02:10Z</time>
    <extensions>
     <gpxdata:hr>154</gpxdata:hr>
     <gpxdata:distance>2930.50</gpxdata:distance>
     <gpxdata:cadence>95</gpxdata:cadence>
     <gpxdata:speed>4.011</gpxdata:speed>
    </extensions>
   </trkpt>
   <trkpt lat="25.2031743" lon="121.6866292">
    <ele>12</ele>
    <time>2026-03-14T23:02:11Z</time>
    <extensions>
     <gpxdata:hr>154</gpxdata:hr>
     <gpxdata:distance>2934.00</gpxdata:distance>
     <gpxdata:cadence>96</gpxdata:cadence>
     <gpxdata:speed>4.006</gpxdata:speed>
    </extensions>
   </trkpt>
   <trkpt lat="25.2031550" lon="121.6866007">
    <ele>12</ele>
    <time>2026-03-14T23:02:12Z</time>
    <extensions>
     <gpxdata:hr>153</gpxdata:hr>
     <gpxdata:distance>2938.00</gpxdata:distance>
     <gpxdata:cadence>96</gpxdata:cadence>
     <gpxdata:speed>3.997</gpxdata:speed>
    </extensions>
   </trkpt>
   <trkpt lat="25.2031358" lon="121.6865722">
    <ele>12</ele>
    <time>2026-03-14T23:02:13Z</time>
    <extensions>
     <gpxdata:hr>153</gpxdata:hr>
     <gpxdata:distance>2942.00</gpxdata:distance>
     <gpxdata:cadence>96</gpxdata:cadence>
     <gpxdata:speed>3.992</gpxdata:speed>
    </extensions>
   </trkpt>
   <trkpt lat="25.2031189" lon="121.6865414">
    <ele>12</ele>
    <time>2026-03-14T23:02:14Z</time>
    <extensions>
     <gpxdata:hr>153</gpxdata:hr>
     <gpxdata:distance>2945.50</gpxdata:distance>
     <gpxdata:cadence>96</gpxdata:cadence>
     <gpxdata:speed>3.986</gpxdata:speed>
    </extensions>
   </trkpt>
   <trkpt lat="25.2031020" lon="121.6865106">
    <ele>12</ele>
    <time>2026-03-14T23:02:15Z</time>
    <extensions>
     <gpxdata:hr>152</gpxdata:hr>
     <gpxdata:distance>2949.00</gpxdata:distance>
     <gpxdata:cadence>96</gpxdata:cadence>
     <gpxdata:speed>3.981</gpxdata:speed>
    </extensions>
   </trkpt>
   <trkpt lat="25.2030880" lon="121.6864774">
    <ele>12</ele>
    <time>2026-03-14T23:02:16Z</time>
    <extensions>
     <gpxdata:hr>152</gpxdata:hr>
     <gpxdata:distance>2952.50</gpxdata:distance>
     <gpxdata:cadence>96</gpxdata:cadence>
     <gpxdata:speed>3.975</gpxdata:speed>
    </extensions>
   </trkpt>
   <trkpt lat="25.2030741" lon="121.6864442">
    <ele>12</ele>
    <time>2026-03-14T23:02:17Z</time>
    <extensions>
     <gpxdata:hr>152</gpxdata:hr>
     <gpxdata:distance>2956.00</gpxdata:distance>
     <gpxdata:cadence>96</gpxdata:cadence>
     <gpxdata:speed>3.969</gpxdata:speed>
    </extensions>
   </trkpt>
   <trkpt lat="25.2030652" lon="121.6864093">
    <ele>12</ele>
    <time>2026-03-14T23:02:18Z</time>
    <extensions>
     <gpxdata:hr>152</gpxdata:hr>
     <gpxdata:distance>2960.00</gpxdata:distance>
     <gpxdata:cadence>95</gpxdata:cadence>
     <gpxdata:speed>3.964</gpxdata:speed>
    </extensions>
   </trkpt>
   <trkpt lat="25.2030564" lon="121.6863744">
    <ele>12</ele>
    <time>2026-03-14T23:02:19Z</time>
    <extensions>
     <gpxdata:hr>152</gpxdata:hr>
     <gpxdata:distance>2964.00</gpxdata:distance>
     <gpxdata:cadence>95</gpxdata:cadence>
     <gpxdata:speed>3.961</gpxdata:speed>
    </extensions>
   </trkpt>
   <trkpt lat="25.2030525" lon="121.6863389">
    <ele>12</ele>
    <time>2026-03-14T23:02:20Z</time>
    <extensions>
     <gpxdata:hr>152</gpxdata:hr>
     <gpxdata:distance>2967.50</gpxdata:distance>
     <gpxdata:cadence>95</gpxdata:cadence>
     <gpxdata:speed>3.953</gpxdata:speed>
    </extensions>
   </trkpt>
   <trkpt lat="25.2030487" lon="121.6863035">
    <ele>12</ele>
    <time>2026-03-14T23:02:21Z</time>
    <extensions>
     <gpxdata:hr>152</gpxdata:hr>
     <gpxdata:distance>2971.00</gpxdata:distance>
     <gpxdata:cadence>95</gpxdata:cadence>
     <gpxdata:speed>3.947</gpxdata:speed>
    </extensions>
   </trkpt>
   <trkpt lat="25.2030479" lon="121.6862689">
    <ele>12</ele>
    <time>2026-03-14T23:02:22Z</time>
    <extensions>
     <gpxdata:hr>151</gpxdata:hr>
     <gpxdata:distance>2974.00</gpxdata:distance>
     <gpxdata:cadence>95</gpxdata:cadence>
     <gpxdata:speed>3.939</gpxdata:speed>
    </extensions>
   </trkpt>
   <trkpt lat="25.2030471" lon="121.6862344">
    <ele>12</ele>
    <time>2026-03-14T23:02:23Z</time>
    <extensions>
     <gpxdata:hr>151</gpxdata:hr>
     <gpxdata:distance>2977.00</gpxdata:distance>
     <gpxdata:cadence>95</gpxdata:cadence>
     <gpxdata:speed>3.933</gpxdata:speed>
    </extensions>
   </trkpt>
   <trkpt lat="25.2030478" lon="121.6862003">
    <ele>12</ele>
    <time>2026-03-14T23:02:24Z</time>
    <extensions>
     <gpxdata:hr>151</gpxdata:hr>
     <gpxdata:distance>2980.50</gpxdata:distance>
     <gpxdata:cadence>95</gpxdata:cadence>
     <gpxdata:speed>3.925</gpxdata:speed>
    </extensions>
   </trkpt>
   <trkpt lat="25.2030485" lon="121.6861663">
    <ele>13</ele>
    <time>2026-03-14T23:02:25Z</time>
    <extensions>
     <gpxdata:hr>151</gpxdata:hr>
     <gpxdata:distance>2984.00</gpxdata:distance>
     <gpxdata:cadence>95</gpxdata:cadence>
     <gpxdata:speed>3.917</gpxdata:speed>
    </extensions>
   </trkpt>
   <trkpt lat="25.2030504" lon="121.6861327">
    <ele>13</ele>
    <time>2026-03-14T23:02:26Z</time>
    <extensions>
     <gpxdata:hr>151</gpxdata:hr>
     <gpxdata:distance>2987.50</gpxdata:distance>
     <gpxdata:cadence>95</gpxdata:cadence>
     <gpxdata:speed>3.908</gpxdata:speed>
    </extensions>
   </trkpt>
   <trkpt lat="25.2030523" lon="121.6860991">
    <ele>13</ele>
    <time>2026-03-14T23:02:27Z</time>
    <extensions>
     <gpxdata:hr>151</gpxdata:hr>
     <gpxdata:distance>2991.00</gpxdata:distance>
     <gpxdata:cadence>95</gpxdata:cadence>
     <gpxdata:speed>3.900</gpxdata:speed>
    </extensions>
   </trkpt>
   <trkpt lat="25.2030550" lon="121.6860655">
    <ele>13</ele>
    <time>2026-03-14T23:02:28Z</time>
    <extensions>
     <gpxdata:hr>151</gpxdata:hr>
     <gpxdata:distance>2994.50</gpxdata:distance>
     <gpxdata:cadence>95</gpxdata:cadence>
     <gpxdata:speed>3.889</gpxdata:speed>
    </extensions>
   </trkpt>
   <trkpt lat="25.2030578" lon="121.6860319">
    <ele>13</ele>
    <time>2026-03-14T23:02:29Z</time>
    <extensions>
     <gpxdata:hr>151</gpxdata:hr>
     <gpxdata:distance>2998.00</gpxdata:distance>
     <gpxdata:cadence>96</gpxdata:cadence>
     <gpxdata:speed>3.881</gpxdata:speed>
    </extensions>
   </trkpt>
   <trkpt lat="25.2030610" lon="121.6859975">
    <ele>14</ele>
    <time>2026-03-14T23:02:30Z</time>
    <extensions>
     <gpxdata:hr>151</gpxdata:hr>
     <gpxdata:distance>3001.50</gpxdata:distance>
     <gpxdata:cadence>96</gpxdata:cadence>
     <gpxdata:speed>3.872</gpxdata:speed>
    </extensions>
   </trkpt>
   <trkpt lat="25.2030643" lon="121.6859631">
    <ele>14</ele>
    <time>2026-03-14T23:02:31Z</time>
    <extensions>
     <gpxdata:hr>151</gpxdata:hr>
     <gpxdata:distance>3005.00</gpxdata:distance>
     <gpxdata:cadence>96</gpxdata:cadence>
     <gpxdata:speed>3.864</gpxdata:speed>
    </extensions>
   </trkpt>
   <trkpt lat="25.2030678" lon="121.6859278">
    <ele>14</ele>
    <time>2026-03-14T23:02:32Z</time>
    <extensions>
     <gpxdata:hr>151</gpxdata:hr>
     <gpxdata:distance>3008.50</gpxdata:distance>
     <gpxdata:cadence>96</gpxdata:cadence>
     <gpxdata:speed>3.858</gpxdata:speed>
    </extensions>
   </trkpt>
   <trkpt lat="25.2030713" lon="121.6858925">
    <ele>14</ele>
    <time>2026-03-14T23:02:33Z</time>
    <extensions>
     <gpxdata:hr>151</gpxdata:hr>
     <gpxdata:distance>3012.00</gpxdata:distance>
     <gpxdata:cadence>96</gpxdata:cadence>
     <gpxdata:speed>3.853</gpxdata:speed>
    </extensions>
   </trkpt>
   <trkpt lat="25.2030751" lon="121.6858572">
    <ele>14</ele>
    <time>2026-03-14T23:02:34Z</time>
    <extensions>
     <gpxdata:hr>151</gpxdata:hr>
     <gpxdata:distance>3015.50</gpxdata:distance>
     <gpxdata:cadence>96</gpxdata:cadence>
     <gpxdata:speed>3.847</gpxdata:speed>
    </extensions>
   </trkpt>
   <trkpt lat="25.2030790" lon="121.6858219">
    <ele>15</ele>
    <time>2026-03-14T23:02:35Z</time>
    <extensions>
     <gpxdata:hr>151</gpxdata:hr>
     <gpxdata:distance>3019.00</gpxdata:distance>
     <gpxdata:cadence>96</gpxdata:cadence>
     <gpxdata:speed>3.844</gpxdata:speed>
    </extensions>
   </trkpt>
   <trkpt lat="25.2030830" lon="121.6857872">
    <ele>15</ele>
    <time>2026-03-14T23:02:36Z</time>
    <extensions>
     <gpxdata:hr>151</gpxdata:hr>
     <gpxdata:distance>3022.50</gpxdata:distance>
     <gpxdata:cadence>96</gpxdata:cadence>
     <gpxdata:speed>3.839</gpxdata:speed>
    </extensions>
   </trkpt>
   <trkpt lat="25.2030871" lon="121.6857525">
    <ele>15</ele>
    <time>2026-03-14T23:02:37Z</time>
    <extensions>
     <gpxdata:hr>151</gpxdata:hr>
     <gpxdata:distance>3026.00</gpxdata:distance>
     <gpxdata:cadence>96</gpxdata:cadence>
     <gpxdata:speed>3.833</gpxdata:speed>
    </extensions>
   </trkpt>
   <trkpt lat="25.2030914" lon="121.6857185">
    <ele>15</ele>
    <time>2026-03-14T23:02:38Z</time>
    <extensions>
     <gpxdata:hr>151</gpxdata:hr>
     <gpxdata:distance>3029.50</gpxdata:distance>
     <gpxdata:cadence>95</gpxdata:cadence>
     <gpxdata:speed>3.811</gpxdata:speed>
    </extensions>
   </trkpt>
   <trkpt lat="25.2030957" lon="121.6856846">
    <ele>15</ele>
    <time>2026-03-14T23:02:39Z</time>
    <extensions>
     <gpxdata:hr>151</gpxdata:hr>
     <gpxdata:distance>3033.00</gpxdata:distance>
     <gpxdata:cadence>95</gpxdata:cadence>
     <gpxdata:speed>3.792</gpxdata:speed>
    </extensions>
   </trkpt>
   <trkpt lat="25.2031002" lon="121.6856516">
    <ele>16</ele>
    <time>2026-03-14T23:02:40Z</time>
    <extensions>
     <gpxdata:hr>151</gpxdata:hr>
     <gpxdata:distance>3036.00</gpxdata:distance>
     <gpxdata:cadence>94</gpxdata:cadence>
     <gpxdata:speed>3.772</gpxdata:speed>
    </extensions>
   </trkpt>
   <trkpt lat="25.2031047" lon="121.6856187">
    <ele>16</ele>
    <time>2026-03-14T23:02:41Z</time>
    <extensions>
     <gpxdata:hr>151</gpxdata:hr>
     <gpxdata:distance>3039.00</gpxdata:distance>
     <gpxdata:cadence>94</gpxdata:cadence>
     <gpxdata:speed>3.753</gpxdata:speed>
    </extensions>
   </trkpt>
   <trkpt lat="25.2031091" lon="121.6855862">
    <ele>16</ele>
    <time>2026-03-14T23:02:42Z</time>
    <extensions>
     <gpxdata:hr>151</gpxdata:hr>
     <gpxdata:distance>3042.50</gpxdata:distance>
     <gpxdata:cadence>94</gpxdata:cadence>
     <gpxdata:speed>3.747</gpxdata:speed>
    </extensions>
   </trkpt>
   <trkpt lat="25.2031136" lon="121.6855538">
    <ele>16</ele>
    <time>2026-03-14T23:02:43Z</time>
    <extensions>
     <gpxdata:hr>151</gpxdata:hr>
     <gpxdata:distance>3046.00</gpxdata:distance>
     <gpxdata:cadence>94</gpxdata:cadence>
     <gpxdata:speed>3.742</gpxdata:speed>
    </extensions>
   </trkpt>
   <trkpt lat="25.2031192" lon="121.6855212">
    <ele>16</ele>
    <time>2026-03-14T23:02:44Z</time>
    <extensions>
     <gpxdata:hr>151</gpxdata:hr>
     <gpxdata:distance>3049.50</gpxdata:distance>
     <gpxdata:cadence>94</gpxdata:cadence>
     <gpxdata:speed>3.728</gpxdata:speed>
    </extensions>
   </trkpt>
   <trkpt lat="25.2031248" lon="121.6854887">
    <ele>17</ele>
    <time>2026-03-14T23:02:45Z</time>
    <extensions>
     <gpxdata:hr>151</gpxdata:hr>
     <gpxdata:distance>3053.00</gpxdata:distance>
     <gpxdata:cadence>94</gpxdata:cadence>
     <gpxdata:speed>3.717</gpxdata:speed>
    </extensions>
   </trkpt>
   <trkpt lat="25.2031324" lon="121.6854566">
    <ele>17</ele>
    <time>2026-03-14T23:02:46Z</time>
    <extensions>
     <gpxdata:hr>151</gpxdata:hr>
     <gpxdata:distance>3056.50</gpxdata:distance>
     <gpxdata:cadence>94</gpxdata:cadence>
     <gpxdata:speed>3.708</gpxdata:speed>
    </extensions>
   </trkpt>
   <trkpt lat="25.2031401" lon="121.6854245">
    <ele>17</ele>
    <time>2026-03-14T23:02:47Z</time>
    <extensions>
     <gpxdata:hr>151</gpxdata:hr>
     <gpxdata:distance>3060.00</gpxdata:distance>
     <gpxdata:cadence>94</gpxdata:cadence>
     <gpxdata:speed>3.703</gpxdata:speed>
    </extensions>
   </trkpt>
   <trkpt lat="25.2031511" lon="121.6853939">
    <ele>17</ele>
    <time>2026-03-14T23:02:48Z</time>
    <extensions>
     <gpxdata:hr>151</gpxdata:hr>
     <gpxdata:distance>3063.00</gpxdata:distance>
     <gpxdata:cadence>94</gpxdata:cadence>
     <gpxdata:speed>3.694</gpxdata:speed>
    </extensions>
   </trkpt>
   <trkpt lat="25.2031621" lon="121.6853633">
    <ele>17</ele>
    <time>2026-03-14T23:02:49Z</time>
    <extensions>
     <gpxdata:hr>151</gpxdata:hr>
     <gpxdata:distance>3066.00</gpxdata:distance>
     <gpxdata:cadence>95</gpxdata:cadence>
     <gpxdata:speed>3.689</gpxdata:speed>
    </extensions>
   </trkpt>
   <trkpt lat="25.2031786" lon="121.6853349">
    <ele>18</ele>
    <time>2026-03-14T23:02:50Z</time>
    <extensions>
     <gpxdata:hr>151</gpxdata:hr>
     <gpxdata:distance>3070.00</gpxdata:distance>
     <gpxdata:cadence>95</gpxdata:cadence>
     <gpxdata:speed>3.683</gpxdata:speed>
    </extensions>
   </trkpt>
   <trkpt lat="25.2031951" lon="121.6853066">
    <ele>18</ele>
    <time>2026-03-14T23:02:51Z</time>
    <extensions>
     <gpxdata:hr>151</gpxdata:hr>
     <gpxdata:distance>3074.00</gpxdata:distance>
     <gpxdata:cadence>95</gpxdata:cadence>
     <gpxdata:speed>3.681</gpxdata:speed>
    </extensions>
   </trkpt>
   <trkpt lat="25.2032170" lon="121.6852820">
    <ele>18</ele>
    <time>2026-03-14T23:02:52Z</time>
    <extensions>
     <gpxdata:hr>151</gpxdata:hr>
     <gpxdata:distance>3077.50</gpxdata:distance>
     <gpxdata:cadence>95</gpxdata:cadence>
     <gpxdata:speed>3.678</gpxdata:speed>
    </extensions>
   </trkpt>
   <trkpt lat="25.2032389" lon="121.6852574">
    <ele>18</ele>
    <time>2026-03-14T23:02:53Z</time>
    <extensions>
     <gpxdata:hr>151</gpxdata:hr>
     <gpxdata:distance>3081.00</gpxdata:distance>
     <gpxdata:cadence>96</gpxdata:cadence>
     <gpxdata:speed>3.675</gpxdata:speed>
    </extensions>
   </trkpt>
   <trkpt lat="25.2032660" lon="121.6852394">
    <ele>18</ele>
    <time>2026-03-14T23:02:54Z</time>
    <extensions>
     <gpxdata:hr>151</gpxdata:hr>
     <gpxdata:distance>3084.50</gpxdata:distance>
     <gpxdata:cadence>95</gpxdata:cadence>
     <gpxdata:speed>3.672</gpxdata:speed>
    </extensions>
   </trkpt>
   <trkpt lat="25.2032931" lon="121.6852214">
    <ele>19</ele>
    <time>2026-03-14T23:02:55Z</time>
    <extensions>
     <gpxdata:hr>151</gpxdata:hr>
     <gpxdata:distance>3088.00</gpxdata:distance>
     <gpxdata:cadence>95</gpxdata:cadence>
     <gpxdata:speed>3.672</gpxdata:speed>
    </extensions>
   </trkpt>
   <trkpt lat="25.2033243" lon="121.6852116">
    <ele>19</ele>
    <time>2026-03-14T23:02:56Z</time>
    <extensions>
     <gpxdata:hr>151</gpxdata:hr>
     <gpxdata:distance>3091.50</gpxdata:distance>
     <gpxdata:cadence>95</gpxdata:cadence>
     <gpxdata:speed>3.669</gpxdata:speed>
    </extensions>
   </trkpt>
   <trkpt lat="25.2033556" lon="121.6852018">
    <ele>19</ele>
    <time>2026-03-14T23:02:57Z</time>
    <extensions>
     <gpxdata:hr>151</gpxdata:hr>
     <gpxdata:distance>3095.00</gpxdata:distance>
     <gpxdata:cadence>94</gpxdata:cadence>
     <gpxdata:speed>3.669</gpxdata:speed>
    </extensions>
   </trkpt>
   <trkpt lat="25.2033884" lon="121.6851979">
    <ele>19</ele>
    <time>2026-03-14T23:02:58Z</time>
    <extensions>
     <gpxdata:hr>151</gpxdata:hr>
     <gpxdata:distance>3098.50</gpxdata:distance>
     <gpxdata:cadence>94</gpxdata:cadence>
     <gpxdata:speed>3.661</gpxdata:speed>
    </extensions>
   </trkpt>
   <trkpt lat="25.2034212" lon="121.6851941">
    <ele>19</ele>
    <time>2026-03-14T23:02:59Z</time>
    <extensions>
     <gpxdata:hr>151</gpxdata:hr>
     <gpxdata:distance>3102.00</gpxdata:distance>
     <gpxdata:cadence>93</gpxdata:cadence>
     <gpxdata:speed>3.653</gpxdata:speed>
    </extensions>
   </trkpt>
   <trkpt lat="25.2034540" lon="121.6851932">
    <ele>19</ele>
    <time>2026-03-14T23:03:00Z</time>
    <extensions>
     <gpxdata:hr>151</gpxdata:hr>
     <gpxdata:distance>3106.00</gpxdata:distance>
     <gpxdata:cadence>93</gpxdata:cadence>
     <gpxdata:speed>3.642</gpxdata:speed>
    </extensions>
   </trkpt>
   <trkpt lat="25.2034869" lon="121.6851924">
    <ele>19</ele>
    <time>2026-03-14T23:03:01Z</time>
    <extensions>
     <gpxdata:hr>151</gpxdata:hr>
     <gpxdata:distance>3110.00</gpxdata:distance>
     <gpxdata:cadence>92</gpxdata:cadence>
     <gpxdata:speed>3.633</gpxdata:speed>
    </extensions>
   </trkpt>
   <trkpt lat="25.2035209" lon="121.6851931">
    <ele>19</ele>
    <time>2026-03-14T23:03:02Z</time>
    <extensions>
     <gpxdata:hr>151</gpxdata:hr>
     <gpxdata:distance>3114.00</gpxdata:distance>
     <gpxdata:cadence>92</gpxdata:cadence>
     <gpxdata:speed>3.633</gpxdata:speed>
    </extensions>
   </trkpt>
   <trkpt lat="25.2035549" lon="121.6851938">
    <ele>19</ele>
    <time>2026-03-14T23:03:03Z</time>
    <extensions>
     <gpxdata:hr>150</gpxdata:hr>
     <gpxdata:distance>3118.00</gpxdata:distance>
     <gpxdata:cadence>92</gpxdata:cadence>
     <gpxdata:speed>3.633</gpxdata:speed>
    </extensions>
   </trkpt>
   <trkpt lat="25.2035909" lon="121.6851949">
    <ele>19</ele>
    <time>2026-03-14T23:03:04Z</time>
    <extensions>
     <gpxdata:hr>151</gpxdata:hr>
     <gpxdata:distance>3122.00</gpxdata:distance>
     <gpxdata:cadence>92</gpxdata:cadence>
     <gpxdata:speed>3.653</gpxdata:speed>
    </extensions>
   </trkpt>
   <trkpt lat="25.2036270" lon="121.6851960">
    <ele>20</ele>
    <time>2026-03-14T23:03:05Z</time>
    <extensions>
     <gpxdata:hr>151</gpxdata:hr>
     <gpxdata:distance>3126.00</gpxdata:distance>
     <gpxdata:cadence>93</gpxdata:cadence>
     <gpxdata:speed>3.675</gpxdata:speed>
    </extensions>
   </trkpt>
   <trkpt lat="25.2036645" lon="121.6851947">
    <ele>20</ele>
    <time>2026-03-14T23:03:06Z</time>
    <extensions>
     <gpxdata:hr>151</gpxdata:hr>
     <gpxdata:distance>3130.50</gpxdata:distance>
     <gpxdata:cadence>94</gpxdata:cadence>
     <gpxdata:speed>3.706</gpxdata:speed>
    </extensions>
   </trkpt>
   <trkpt lat="25.2037020" lon="121.6851935">
    <ele>20</ele>
    <time>2026-03-14T23:03:07Z</time>
    <extensions>
     <gpxdata:hr>151</gpxdata:hr>
     <gpxdata:distance>3135.00</gpxdata:distance>
     <gpxdata:cadence>95</gpxdata:cadence>
     <gpxdata:speed>3.736</gpxdata:speed>
    </extensions>
   </trkpt>
   <trkpt lat="25.2037398" lon="121.6851890">
    <ele>20</ele>
    <time>2026-03-14T23:03:08Z</time>
    <extensions>
     <gpxdata:hr>151</gpxdata:hr>
     <gpxdata:distance>3139.00</gpxdata:distance>
     <gpxdata:cadence>96</gpxdata:cadence>
     <gpxdata:speed>3.800</gpxdata:speed>
    </extensions>
   </trkpt>
   <trkpt lat="25.2037776" lon="121.6851845">
    <ele>20</ele>
    <time>2026-03-14T23:03:09Z</time>
    <extensions>
     <gpxdata:hr>151</gpxdata:hr>
     <gpxdata:distance>3143.00</gpxdata:distance>
     <gpxdata:cadence>97</gpxdata:cadence>
     <gpxdata:speed>3.864</gpxdata:speed>
    </extensions>
   </trkpt>
   <trkpt lat="25.2038156" lon="121.6851785">
    <ele>21</ele>
    <time>2026-03-14T23:03:10Z</time>
    <extensions>
     <gpxdata:hr>151</gpxdata:hr>
     <gpxdata:distance>3147.50</gpxdata:distance>
     <gpxdata:cadence>96</gpxdata:cadence>
     <gpxdata:speed>3.903</gpxdata:speed>
    </extensions>
   </trkpt>
   <trkpt lat="25.2038537" lon="121.6851725">
    <ele>21</ele>
    <time>2026-03-14T23:03:11Z</time>
    <extensions>
     <gpxdata:hr>151</gpxdata:hr>
     <gpxdata:distance>3152.00</gpxdata:distance>
     <gpxdata:cadence>96</gpxdata:cadence>
     <gpxdata:speed>3.944</gpxdata:speed>
    </extensions>
   </trkpt>
   <trkpt lat="25.2038920" lon="121.6851667">
    <ele>21</ele>
    <time>2026-03-14T23:03:12Z</time>
    <extensions>
     <gpxdata:hr>151</gpxdata:hr>
     <gpxdata:distance>3156.00</gpxdata:distance>
     <gpxdata:cadence>95</gpxdata:cadence>
     <gpxdata:speed>3.978</gpxdata:speed>
    </extensions>
   </trkpt>
   <trkpt lat="25.2039303" lon="121.6851609">
    <ele>21</ele>
    <time>2026-03-14T23:03:13Z</time>
    <extensions>
     <gpxdata:hr>151</gpxdata:hr>
     <gpxdata:distance>3160.00</gpxdata:distance>
     <gpxdata:cadence>95</gpxdata:cadence>
     <gpxdata:speed>4.011</gpxdata:speed>
    </extensions>
   </trkpt>
   <trkpt lat="25.2039687" lon="121.6851563">
    <ele>21</ele>
    <time>2026-03-14T23:03:14Z</time>
    <extensions>
     <gpxdata:hr>151</gpxdata:hr>
     <gpxdata:distance>3164.50</gpxdata:distance>
     <gpxdata:cadence>95</gpxdata:cadence>
     <gpxdata:speed>4.033</gpxdata:speed>
    </extensions>
   </trkpt>
   <trkpt lat="25.2040071" lon="121.6851518">
    <ele>21</ele>
    <time>2026-03-14T23:03:15Z</time>
    <extensions>
     <gpxdata:hr>151</gpxdata:hr>
     <gpxdata:distance>3169.00</gpxdata:distance>
     <gpxdata:cadence>95</gpxdata:cadence>
     <gpxdata:speed>4.056</gpxdata:speed>
    </extensions>
   </trkpt>
   <trkpt lat="25.2040453" lon="121.6851488">
    <ele>21</ele>
    <time>2026-03-14T23:03:16Z</time>
    <extensions>
     <gpxdata:hr>151</gpxdata:hr>
     <gpxdata:distance>3173.00</gpxdata:distance>
     <gpxdata:cadence>95</gpxdata:cadence>
     <gpxdata:speed>4.067</gpxdata:speed>
    </extensions>
   </trkpt>
   <trkpt lat="25.2040835" lon="121.6851458">
    <ele>21</ele>
    <time>2026-03-14T23:03:17Z</time>
    <extensions>
     <gpxdata:hr>151</gpxdata:hr>
     <gpxdata:distance>3177.00</gpxdata:distance>
     <gpxdata:cadence>96</gpxdata:cadence>
     <gpxdata:speed>4.081</gpxdata:speed>
    </extensions>
   </trkpt>
   <trkpt lat="25.2041215" lon="121.6851447">
    <ele>21</ele>
    <time>2026-03-14T23:03:18Z</time>
    <extensions>
     <gpxdata:hr>151</gpxdata:hr>
     <gpxdata:distance>3181.50</gpxdata:distance>
     <gpxdata:cadence>95</gpxdata:cadence>
     <gpxdata:speed>4.089</gpxdata:speed>
    </extensions>
   </trkpt>
   <trkpt lat="25.2041595" lon="121.6851436">
    <ele>21</ele>
    <time>2026-03-14T23:03:19Z</time>
    <extensions>
     <gpxdata:hr>151</gpxdata:hr>
     <gpxdata:distance>3186.00</gpxdata:distance>
     <gpxdata:cadence>95</gpxdata:cadence>
     <gpxdata:speed>4.097</gpxdata:speed>
    </extensions>
   </trkpt>
   <trkpt lat="25.2041974" lon="121.6851461">
    <ele>21</ele>
    <time>2026-03-14T23:03:20Z</time>
    <extensions>
     <gpxdata:hr>151</gpxdata:hr>
     <gpxdata:distance>3190.00</gpxdata:distance>
     <gpxdata:cadence>95</gpxdata:cadence>
     <gpxdata:speed>4.103</gpxdata:speed>
    </extensions>
   </trkpt>
   <trkpt lat="25.2042353" lon="121.6851487">
    <ele>21</ele>
    <time>2026-03-14T23:03:21Z</time>
    <extensions>
     <gpxdata:hr>151</gpxdata:hr>
     <gpxdata:distance>3194.00</gpxdata:distance>
     <gpxdata:cadence>95</gpxdata:cadence>
     <gpxdata:speed>4.108</gpxdata:speed>
    </extensions>
   </trkpt>
   <trkpt lat="25.2042725" lon="121.6851558">
    <ele>21</ele>
    <time>2026-03-14T23:03:22Z</time>
    <extensions>
     <gpxdata:hr>151</gpxdata:hr>
     <gpxdata:distance>3198.50</gpxdata:distance>
     <gpxdata:cadence>95</gpxdata:cadence>
     <gpxdata:speed>4.114</gpxdata:speed>
    </extensions>
   </trkpt>
   <trkpt lat="25.2043097" lon="121.6851630">
    <ele>21</ele>
    <time>2026-03-14T23:03:23Z</time>
    <extensions>
     <gpxdata:hr>151</gpxdata:hr>
     <gpxdata:distance>3203.00</gpxdata:distance>
     <gpxdata:cadence>95</gpxdata:cadence>
     <gpxdata:speed>4.119</gpxdata:speed>
    </extensions>
   </trkpt>
   <trkpt lat="25.2043456" lon="121.6851734">
    <ele>21</ele>
    <time>2026-03-14T23:03:24Z</time>
    <extensions>
     <gpxdata:hr>151</gpxdata:hr>
     <gpxdata:distance>3207.00</gpxdata:distance>
     <gpxdata:cadence>95</gpxdata:cadence>
     <gpxdata:speed>4.122</gpxdata:speed>
    </extensions>
   </trkpt>
   <trkpt lat="25.2043816" lon="121.6851839">
    <ele>21</ele>
    <time>2026-03-14T23:03:25Z</time>
    <extensions>
     <gpxdata:hr>151</gpxdata:hr>
     <gpxdata:distance>3211.00</gpxdata:distance>
     <gpxdata:cadence>95</gpxdata:cadence>
     <gpxdata:speed>4.125</gpxdata:speed>
    </extensions>
   </trkpt>
   <trkpt lat="25.2044165" lon="121.6851961">
    <ele>21</ele>
    <time>2026-03-14T23:03:26Z</time>
    <extensions>
     <gpxdata:hr>151</gpxdata:hr>
     <gpxdata:distance>3215.00</gpxdata:distance>
     <gpxdata:cadence>95</gpxdata:cadence>
     <gpxdata:speed>4.136</gpxdata:speed>
    </extensions>
   </trkpt>
   <trkpt lat="25.2044514" lon="121.6852083">
    <ele>21</ele>
    <time>2026-03-14T23:03:27Z</time>
    <extensions>
     <gpxdata:hr>151</gpxdata:hr>
     <gpxdata:distance>3219.00</gpxdata:distance>
     <gpxdata:cadence>95</gpxdata:cadence>
     <gpxdata:speed>4.150</gpxdata:speed>
    </extensions>
   </trkpt>
   <trkpt lat="25.2044855" lon="121.6852223">
    <ele>21</ele>
    <time>2026-03-14T23:03:28Z</time>
    <extensions>
     <gpxdata:hr>151</gpxdata:hr>
     <gpxdata:distance>3223.00</gpxdata:distance>
     <gpxdata:cadence>95</gpxdata:cadence>
     <gpxdata:speed>4.158</gpxdata:speed>
    </extensions>
   </trkpt>
   <trkpt lat="25.2045196" lon="121.6852363">
    <ele>21</ele>
    <time>2026-03-14T23:03:29Z</time>
    <extensions>
     <gpxdata:hr>151</gpxdata:hr>
     <gpxdata:distance>3227.00</gpxdata:distance>
     <gpxdata:cadence>95</gpxdata:cadence>
     <gpxdata:speed>4.169</gpxdata:speed>
    </extensions>
   </trkpt>
   <trkpt lat="25.2045530" lon="121.6852523">
    <ele>21</ele>
    <time>2026-03-14T23:03:30Z</time>
    <extensions>
     <gpxdata:hr>151</gpxdata:hr>
     <gpxdata:distance>3231.00</gpxdata:distance>
     <gpxdata:cadence>95</gpxdata:cadence>
     <gpxdata:speed>4.169</gpxdata:speed>
    </extensions>
   </trkpt>
   <trkpt lat="25.2045864" lon="121.6852683">
    <ele>21</ele>
    <time>2026-03-14T23:03:31Z</time>
    <extensions>
     <gpxdata:hr>151</gpxdata:hr>
     <gpxdata:distance>3235.00</gpxdata:distance>
     <gpxdata:cadence>95</gpxdata:cadence>
     <gpxdata:speed>4.172</gpxdata:speed>
    </extensions>
   </trkpt>
   <trkpt lat="25.2046191" lon="121.6852859">
    <ele>21</ele>
    <time>2026-03-14T23:03:32Z</time>
    <extensions>
     <gpxdata:hr>151</gpxdata:hr>
     <gpxdata:distance>3239.00</gpxdata:distance>
     <gpxdata:cadence>95</gpxdata:cadence>
     <gpxdata:speed>4.169</gpxdata:speed>
    </extensions>
   </trkpt>
   <trkpt lat="25.2046518" lon="121.6853036">
    <ele>21</ele>
    <time>2026-03-14T23:03:33Z</time>
    <extensions>
     <gpxdata:hr>151</gpxdata:hr>
     <gpxdata:distance>3243.00</gpxdata:distance>
     <gpxdata:cadence>95</gpxdata:cadence>
     <gpxdata:speed>4.167</gpxdata:speed>
    </extensions>
   </trkpt>
   <trkpt lat="25.2046839" lon="121.6853231">
    <ele>21</ele>
    <time>2026-03-14T23:03:34Z</time>
    <extensions>
     <gpxdata:hr>151</gpxdata:hr>
     <gpxdata:distance>3247.00</gpxdata:distance>
     <gpxdata:cadence>95</gpxdata:cadence>
     <gpxdata:speed>4.164</gpxdata:speed>
    </extensions>
   </trkpt>
   <trkpt lat="25.2047161" lon="121.6853427">
    <ele>21</ele>
    <time>2026-03-14T23:03:35Z</time>
    <extensions>
     <gpxdata:hr>151</gpxdata:hr>
     <gpxdata:distance>3251.00</gpxdata:distance>
     <gpxdata:cadence>95</gpxdata:cadence>
     <gpxdata:speed>4.161</gpxdata:speed>
    </extensions>
   </trkpt>
   <trkpt lat="25.2047480" lon="121.6853636">
    <ele>21</ele>
    <time>2026-03-14T23:03:36Z</time>
    <extensions>
     <gpxdata:hr>151</gpxdata:hr>
     <gpxdata:distance>3255.50</gpxdata:distance>
     <gpxdata:cadence>95</gpxdata:cadence>
     <gpxdata:speed>4.161</gpxdata:speed>
    </extensions>
   </trkpt>
   <trkpt lat="25.2047800" lon="121.6853845">
    <ele>21</ele>
    <time>2026-03-14T23:03:37Z</time>
    <extensions>
     <gpxdata:hr>151</gpxdata:hr>
     <gpxdata:distance>3260.00</gpxdata:distance>
     <gpxdata:cadence>95</gpxdata:cadence>
     <gpxdata:speed>4.161</gpxdata:speed>
    </extensions>
   </trkpt>
   <trkpt lat="25.2048111" lon="121.6854070">
    <ele>21</ele>
    <time>2026-03-14T23:03:38Z</time>
    <extensions>
     <gpxdata:hr>151</gpxdata:hr>
     <gpxdata:distance>3264.00</gpxdata:distance>
     <gpxdata:cadence>95</gpxdata:cadence>
     <gpxdata:speed>4.158</gpxdata:speed>
    </extensions>
   </trkpt>
   <trkpt lat="25.2048422" lon="121.6854295">
    <ele>21</ele>
    <time>2026-03-14T23:03:39Z</time>
    <extensions>
     <gpxdata:hr>151</gpxdata:hr>
     <gpxdata:distance>3268.00</gpxdata:distance>
     <gpxdata:cadence>95</gpxdata:cadence>
     <gpxdata:speed>4.158</gpxdata:speed>
    </extensions>
   </trkpt>
   <trkpt lat="25.2048722" lon="121.6854532">
    <ele>21</ele>
    <time>2026-03-14T23:03:40Z</time>
    <extensions>
     <gpxdata:hr>151</gpxdata:hr>
     <gpxdata:distance>3272.00</gpxdata:distance>
     <gpxdata:cadence>95</gpxdata:cadence>
     <gpxdata:speed>4.156</gpxdata:speed>
    </extensions>
   </trkpt>
   <trkpt lat="25.2049023" lon="121.6854770">
    <ele>21</ele>
    <time>2026-03-14T23:03:41Z</time>
    <extensions>
     <gpxdata:hr>151</gpxdata:hr>
     <gpxdata:distance>3276.00</gpxdata:distance>
     <gpxdata:cadence>95</gpxdata:cadence>
     <gpxdata:speed>4.156</gpxdata:speed>
    </extensions>
   </trkpt>
   <trkpt lat="25.2049315" lon="121.6855017">
    <ele>21</ele>
    <time>2026-03-14T23:03:42Z</time>
    <extensions>
     <gpxdata:hr>151</gpxdata:hr>
     <gpxdata:distance>3280.00</gpxdata:distance>
     <gpxdata:cadence>95</gpxdata:cadence>
     <gpxdata:speed>4.153</gpxdata:speed>
    </extensions>
   </trkpt>
   <trkpt lat="25.2049607" lon="121.6855264">
    <ele>21</ele>
    <time>2026-03-14T23:03:43Z</time>
    <extensions>
     <gpxdata:hr>151</gpxdata:hr>
     <gpxdata:distance>3284.00</gpxdata:distance>
     <gpxdata:cadence>95</gpxdata:cadence>
     <gpxdata:speed>4.153</gpxdata:speed>
    </extensions>
   </trkpt>
   <trkpt lat="25.2049891" lon="121.6855513">
    <ele>21</ele>
    <time>2026-03-14T23:03:44Z</time>
    <extensions>
     <gpxdata:hr>151</gpxdata:hr>
     <gpxdata:distance>3288.00</gpxdata:distance>
     <gpxdata:cadence>95</gpxdata:cadence>
     <gpxdata:speed>4.150</gpxdata:speed>
    </extensions>
   </trkpt>
   <trkpt lat="25.2050175" lon="121.6855762">
    <ele>21</ele>
    <time>2026-03-14T23:03:45Z</time>
    <extensions>
     <gpxdata:hr>151</gpxdata:hr>
     <gpxdata:distance>3292.00</gpxdata:distance>
     <gpxdata:cadence>95</gpxdata:cadence>
     <gpxdata:speed>4.147</gpxdata:speed>
    </extensions>
   </trkpt>
   <trkpt lat="25.2050457" lon="121.6856009">
    <ele>21</ele>
    <time>2026-03-14T23:03:46Z</time>
    <extensions>
     <gpxdata:hr>151</gpxdata:hr>
     <gpxdata:distance>3296.00</gpxdata:distance>
     <gpxdata:cadence>95</gpxdata:cadence>
     <gpxdata:speed>4.144</gpxdata:speed>
    </extensions>
   </trkpt>
   <trkpt lat="25.2050740" lon="121.6856257">
    <ele>21</ele>
    <time>2026-03-14T23:03:47Z</time>
    <extensions>
     <gpxdata:hr>151</gpxdata:hr>
     <gpxdata:distance>3300.00</gpxdata:distance>
     <gpxdata:cadence>95</gpxdata:cadence>
     <gpxdata:speed>4.142</gpxdata:speed>
    </extensions>
   </trkpt>
   <trkpt lat="25.2051022" lon="121.6856502">
    <ele>21</ele>
    <time>2026-03-14T23:03:48Z</time>
    <extensions>
     <gpxdata:hr>151</gpxdata:hr>
     <gpxdata:distance>3304.00</gpxdata:distance>
     <gpxdata:cadence>94</gpxdata:cadence>
     <gpxdata:speed>4.128</gpxdata:speed>
    </extensions>
   </trkpt>
   <trkpt lat="25.2051305" lon="121.6856748">
    <ele>21</ele>
    <time>2026-03-14T23:03:49Z</time>
    <extensions>
     <gpxdata:hr>151</gpxdata:hr>
     <gpxdata:distance>3308.00</gpxdata:distance>
     <gpxdata:cadence>94</gpxdata:cadence>
     <gpxdata:speed>4.117</gpxdata:speed>
    </extensions>
   </trkpt>
   <trkpt lat="25.2051588" lon="121.6856989">
    <ele>21</ele>
    <time>2026-03-14T23:03:50Z</time>
    <extensions>
     <gpxdata:hr>151</gpxdata:hr>
     <gpxdata:distance>3312.00</gpxdata:distance>
     <gpxdata:cadence>94</gpxdata:cadence>
     <gpxdata:speed>4.111</gpxdata:speed>
    </extensions>
   </trkpt>
   <trkpt lat="25.2051871" lon="121.6857230">
    <ele>21</ele>
    <time>2026-03-14T23:03:51Z</time>
    <extensions>
     <gpxdata:hr>151</gpxdata:hr>
     <gpxdata:distance>3316.00</gpxdata:distance>
     <gpxdata:cadence>94</gpxdata:cadence>
     <gpxdata:speed>4.108</gpxdata:speed>
    </extensions>
   </trkpt>
   <trkpt lat="25.2052155" lon="121.6857461">
    <ele>21</ele>
    <time>2026-03-14T23:03:52Z</time>
    <extensions>
     <gpxdata:hr>151</gpxdata:hr>
     <gpxdata:distance>3320.00</gpxdata:distance>
     <gpxdata:cadence>94</gpxdata:cadence>
     <gpxdata:speed>4.103</gpxdata:speed>
    </extensions>
   </trkpt>
   <trkpt lat="25.2052440" lon="121.6857693">
    <ele>21</ele>
    <time>2026-03-14T23:03:53Z</time>
    <extensions>
     <gpxdata:hr>151</gpxdata:hr>
     <gpxdata:distance>3324.00</gpxdata:distance>
     <gpxdata:cadence>95</gpxdata:cadence>
     <gpxdata:speed>4.097</gpxdata:speed>
    </extensions>
   </trkpt>
   <trkpt lat="25.2052730" lon="121.6857913">
    <ele>21</ele>
    <time>2026-03-14T23:03:54Z</time>
    <extensions>
     <gpxdata:hr>151</gpxdata:hr>
     <gpxdata:distance>3328.00</gpxdata:distance>
     <gpxdata:cadence>94</gpxdata:cadence>
     <gpxdata:speed>4.092</gpxdata:speed>
    </extensions>
   </trkpt>
   <trkpt lat="25.2053021" lon="121.6858133">
    <ele>21</ele>
    <time>2026-03-14T23:03:55Z</time>
    <extensions>
     <gpxdata:hr>151</gpxdata:hr>
     <gpxdata:distance>3332.00</gpxdata:distance>
     <gpxdata:cadence>94</gpxdata:cadence>
     <gpxdata:speed>4.089</gpxdata:speed>
    </extensions>
   </trkpt>
   <trkpt lat="25.2053319" lon="121.6858340">
    <ele>21</ele>
    <time>2026-03-14T23:03:56Z</time>
    <extensions>
     <gpxdata:hr>151</gpxdata:hr>
     <gpxdata:distance>3335.50</gpxdata:distance>
     <gpxdata:cadence>94</gpxdata:cadence>
     <gpxdata:speed>4.083</gpxdata:speed>
    </extensions>
   </trkpt>
   <trkpt lat="25.2053617" lon="121.6858548">
    <ele>21</ele>
    <time>2026-03-14T23:03:57Z</time>
    <extensions>
     <gpxdata:hr>151</gpxdata:hr>
     <gpxdata:distance>3339.00</gpxdata:distance>
     <gpxdata:cadence>95</gpxdata:cadence>
     <gpxdata:speed>4.081</gpxdata:speed>
    </extensions>
   </trkpt>
   <trkpt lat="25.2053926" lon="121.6858734">
    <ele>21</ele>
    <time>2026-03-14T23:03:58Z</time>
    <extensions>
     <gpxdata:hr>151</gpxdata:hr>
     <gpxdata:distance>3343.00</gpxdata:distance>
     <gpxdata:cadence>94</gpxdata:cadence>
     <gpxdata:speed>4.075</gpxdata:speed>
    </extensions>
   </trkpt>
   <trkpt lat="25.2054235" lon="121.6858921">
    <ele>21</ele>
    <time>2026-03-14T23:03:59Z</time>
    <extensions>
     <gpxdata:hr>151</gpxdata:hr>
     <gpxdata:distance>3347.00</gpxdata:distance>
     <gpxdata:cadence>94</gpxdata:cadence>
     <gpxdata:speed>4.072</gpxdata:speed>
    </extensions>
   </trkpt>
   <trkpt lat="25.2054554" lon="121.6859073">
    <ele>21</ele>
    <time>2026-03-14T23:04:00Z</time>
    <extensions>
     <gpxdata:hr>151</gpxdata:hr>
     <gpxdata:distance>3351.00</gpxdata:distance>
     <gpxdata:cadence>94</gpxdata:cadence>
     <gpxdata:speed>4.069</gpxdata:speed>
    </extensions>
   </trkpt>
   <trkpt lat="25.2054874" lon="121.6859226">
    <ele>21</ele>
    <time>2026-03-14T23:04:01Z</time>
    <extensions>
     <gpxdata:hr>151</gpxdata:hr>
     <gpxdata:distance>3355.00</gpxdata:distance>
     <gpxdata:cadence>94</gpxdata:cadence>
     <gpxdata:speed>4.067</gpxdata:speed>
    </extensions>
   </trkpt>
   <trkpt lat="25.2055206" lon="121.6859334">
    <ele>21</ele>
    <time>2026-03-14T23:04:02Z</time>
    <extensions>
     <gpxdata:hr>151</gpxdata:hr>
     <gpxdata:distance>3359.00</gpxdata:distance>
     <gpxdata:cadence>94</gpxdata:cadence>
     <gpxdata:speed>4.058</gpxdata:speed>
    </extensions>
   </trkpt>
   <trkpt lat="25.2055538" lon="121.6859442">
    <ele>21</ele>
    <time>2026-03-14T23:04:03Z</time>
    <extensions>
     <gpxdata:hr>151</gpxdata:hr>
     <gpxdata:distance>3363.00</gpxdata:distance>
     <gpxdata:cadence>94</gpxdata:cadence>
     <gpxdata:speed>4.050</gpxdata:speed>
    </extensions>
   </trkpt>
   <trkpt lat="25.2055878" lon="121.6859515">
    <ele>21</ele>
    <time>2026-03-14T23:04:04Z</time>
    <extensions>
     <gpxdata:hr>151</gpxdata:hr>
     <gpxdata:distance>3366.50</gpxdata:distance>
     <gpxdata:cadence>94</gpxdata:cadence>
     <gpxdata:speed>4.033</gpxdata:speed>
    </extensions>
   </trkpt>
   <trkpt lat="25.2056219" lon="121.6859589">
    <ele>21</ele>
    <time>2026-03-14T23:04:05Z</time>
    <extensions>
     <gpxdata:hr>151</gpxdata:hr>
     <gpxdata:distance>3370.00</gpxdata:distance>
     <gpxdata:cadence>95</gpxdata:cadence>
     <gpxdata:speed>4.017</gpxdata:speed>
    </extensions>
   </trkpt>
   <trkpt lat="25.2056564" lon="121.6859628">
    <ele>21</ele>
    <time>2026-03-14T23:04:06Z</time>
    <extensions>
     <gpxdata:hr>151</gpxdata:hr>
     <gpxdata:distance>3374.00</gpxdata:distance>
     <gpxdata:cadence>94</gpxdata:cadence>
     <gpxdata:speed>4.003</gpxdata:speed>
    </extensions>
   </trkpt>
   <trkpt lat="25.2056910" lon="121.6859667">
    <ele>21</ele>
    <time>2026-03-14T23:04:07Z</time>
    <extensions>
     <gpxdata:hr>151</gpxdata:hr>
     <gpxdata:distance>3378.00</gpxdata:distance>
     <gpxdata:cadence>94</gpxdata:cadence>
     <gpxdata:speed>3.989</gpxdata:speed>
    </extensions>
   </trkpt>
   <trkpt lat="25.2057260" lon="121.6859667">
    <ele>21</ele>
    <time>2026-03-14T23:04:08Z</time>
    <extensions>
     <gpxdata:hr>151</gpxdata:hr>
     <gpxdata:distance>3382.00</gpxdata:distance>
     <gpxdata:cadence>94</gpxdata:cadence>
     <gpxdata:speed>3.986</gpxdata:speed>
    </extensions>
   </trkpt>
   <trkpt lat="25.2057611" lon="121.6859668">
    <ele>21</ele>
    <time>2026-03-14T23:04:09Z</time>
    <extensions>
     <gpxdata:hr>151</gpxdata:hr>
     <gpxdata:distance>3386.00</gpxdata:distance>
     <gpxdata:cadence>94</gpxdata:cadence>
     <gpxdata:speed>3.983</gpxdata:speed>
    </extensions>
   </trkpt>
   <trkpt lat="25.2057964" lon="121.6859634">
    <ele>21</ele>
    <time>2026-03-14T23:04:10Z</time>
    <extensions>
     <gpxdata:hr>151</gpxdata:hr>
     <gpxdata:distance>3390.00</gpxdata:distance>
     <gpxdata:cadence>94</gpxdata:cadence>
     <gpxdata:speed>3.983</gpxdata:speed>
    </extensions>
   </trkpt>
   <trkpt lat="25.2058318" lon="121.6859600">
    <ele>20</ele>
    <time>2026-03-14T23:04:11Z</time>
    <extensions>
     <gpxdata:hr>151</gpxdata:hr>
     <gpxdata:distance>3394.00</gpxdata:distance>
     <gpxdata:cadence>94</gpxdata:cadence>
     <gpxdata:speed>3.983</gpxdata:speed>
    </extensions>
   </trkpt>
   <trkpt lat="25.2058672" lon="121.6859527">
    <ele>20</ele>
    <time>2026-03-14T23:04:12Z</time>
    <extensions>
     <gpxdata:hr>151</gpxdata:hr>
     <gpxdata:distance>3398.00</gpxdata:distance>
     <gpxdata:cadence>94</gpxdata:cadence>
     <gpxdata:speed>3.983</gpxdata:speed>
    </extensions>
   </trkpt>
   <trkpt lat="25.2059026" lon="121.6859455">
    <ele>20</ele>
    <time>2026-03-14T23:04:13Z</time>
    <extensions>
     <gpxdata:hr>151</gpxdata:hr>
     <gpxdata:distance>3402.00</gpxdata:distance>
     <gpxdata:cadence>94</gpxdata:cadence>
     <gpxdata:speed>3.983</gpxdata:speed>
    </extensions>
   </trkpt>
   <trkpt lat="25.2059376" lon="121.6859352">
    <ele>20</ele>
    <time>2026-03-14T23:04:14Z</time>
    <extensions>
     <gpxdata:hr>151</gpxdata:hr>
     <gpxdata:distance>3406.00</gpxdata:distance>
     <gpxdata:cadence>94</gpxdata:cadence>
     <gpxdata:speed>3.986</gpxdata:speed>
    </extensions>
   </trkpt>
   <trkpt lat="25.2059726" lon="121.6859250">
    <ele>20</ele>
    <time>2026-03-14T23:04:15Z</time>
    <extensions>
     <gpxdata:hr>151</gpxdata:hr>
     <gpxdata:distance>3410.00</gpxdata:distance>
     <gpxdata:cadence>95</gpxdata:cadence>
     <gpxdata:speed>3.992</gpxdata:speed>
    </extensions>
   </trkpt>
   <trkpt lat="25.2060068" lon="121.6859119">
    <ele>20</ele>
    <time>2026-03-14T23:04:16Z</time>
    <extensions>
     <gpxdata:hr>151</gpxdata:hr>
     <gpxdata:distance>3414.00</gpxdata:distance>
     <gpxdata:cadence>95</gpxdata:cadence>
     <gpxdata:speed>3.994</gpxdata:speed>
    </extensions>
   </trkpt>
   <trkpt lat="25.2060411" lon="121.6858988">
    <ele>20</ele>
    <time>2026-03-14T23:04:17Z</time>
    <extensions>
     <gpxdata:hr>151</gpxdata:hr>
     <gpxdata:distance>3418.00</gpxdata:distance>
     <gpxdata:cadence>95</gpxdata:cadence>
     <gpxdata:speed>3.997</gpxdata:speed>
    </extensions>
   </trkpt>
   <trkpt lat="25.2060738" lon="121.6858827">
    <ele>20</ele>
    <time>2026-03-14T23:04:18Z</time>
    <extensions>
     <gpxdata:hr>151</gpxdata:hr>
     <gpxdata:distance>3422.00</gpxdata:distance>
     <gpxdata:cadence>95</gpxdata:cadence>
     <gpxdata:speed>3.997</gpxdata:speed>
    </extensions>
   </trkpt>
   <trkpt lat="25.2061066" lon="121.6858667">
    <ele>20</ele>
    <time>2026-03-14T23:04:19Z</time>
    <extensions>
     <gpxdata:hr>151</gpxdata:hr>
     <gpxdata:distance>3426.00</gpxdata:distance>
     <gpxdata:cadence>95</gpxdata:cadence>
     <gpxdata:speed>4.000</gpxdata:speed>
    </extensions>
   </trkpt>
   <trkpt lat="25.2061376" lon="121.6858472">
    <ele>20</ele>
    <time>2026-03-14T23:04:20Z</time>
    <extensions>
     <gpxdata:hr>151</gpxdata:hr>
     <gpxdata:distance>3430.00</gpxdata:distance>
     <gpxdata:cadence>95</gpxdata:cadence>
     <gpxdata:speed>4.000</gpxdata:speed>
    </extensions>
   </trkpt>
   <trkpt lat="25.2061687" lon="121.6858277">
    <ele>20</ele>
    <time>2026-03-14T23:04:21Z</time>
    <extensions>
     <gpxdata:hr>151</gpxdata:hr>
     <gpxdata:distance>3434.00</gpxdata:distance>
     <gpxdata:cadence>95</gpxdata:cadence>
     <gpxdata:speed>4.003</gpxdata:speed>
    </extensions>
   </trkpt>
   <trkpt lat="25.2061978" lon="121.6858045">
    <ele>20</ele>
    <time>2026-03-14T23:04:22Z</time>
    <extensions>
     <gpxdata:hr>151</gpxdata:hr>
     <gpxdata:distance>3438.00</gpxdata:distance>
     <gpxdata:cadence>95</gpxdata:cadence>
     <gpxdata:speed>4.003</gpxdata:speed>
    </extensions>
   </trkpt>
   <trkpt lat="25.2062269" lon="121.6857814">
    <ele>20</ele>
    <time>2026-03-14T23:04:23Z</time>
    <extensions>
     <gpxdata:hr>151</gpxdata:hr>
     <gpxdata:distance>3442.00</gpxdata:distance>
     <gpxdata:cadence>95</gpxdata:cadence>
     <gpxdata:speed>4.006</gpxdata:speed>
    </extensions>
   </trkpt>
   <trkpt lat="25.2062539" lon="121.6857549">
    <ele>20</ele>
    <time>2026-03-14T23:04:24Z</time>
    <extensions>
     <gpxdata:hr>151</gpxdata:hr>
     <gpxdata:distance>3446.00</gpxdata:distance>
     <gpxdata:cadence>95</gpxdata:cadence>
     <gpxdata:speed>4.011</gpxdata:speed>
    </extensions>
   </trkpt>
   <trkpt lat="25.2062810" lon="121.6857284">
    <ele>20</ele>
    <time>2026-03-14T23:04:25Z</time>
    <extensions>
     <gpxdata:hr>151</gpxdata:hr>
     <gpxdata:distance>3450.00</gpxdata:distance>
     <gpxdata:cadence>95</gpxdata:cadence>
     <gpxdata:speed>4.017</gpxdata:speed>
    </extensions>
   </trkpt>
   <trkpt lat="25.2063069" lon="121.6857001">
    <ele>20</ele>
    <time>2026-03-14T23:04:26Z</time>
    <extensions>
     <gpxdata:hr>151</gpxdata:hr>
     <gpxdata:distance>3454.50</gpxdata:distance>
     <gpxdata:cadence>95</gpxdata:cadence>
     <gpxdata:speed>4.019</gpxdata:speed>
    </extensions>
   </trkpt>
   <trkpt lat="25.2063328" lon="121.6856719">
    <ele>20</ele>
    <time>2026-03-14T23:04:27Z</time>
    <extensions>
     <gpxdata:hr>151</gpxdata:hr>
     <gpxdata:distance>3459.00</gpxdata:distance>
     <gpxdata:cadence>95</gpxdata:cadence>
     <gpxdata:speed>4.022</gpxdata:speed>
    </extensions>
   </trkpt>
   <trkpt lat="25.2063544" lon="121.6856476">
    <ele>20</ele>
    <time>2026-03-14T23:04:28Z</time>
    <extensions>
     <gpxdata:hr>151</gpxdata:hr>
     <gpxdata:distance>3460.50</gpxdata:distance>
     <gpxdata:cadence>94</gpxdata:cadence>
     <gpxdata:speed>4.019</gpxdata:speed>
    </extensions>
   </trkpt>
   <trkpt lat="25.2063760" lon="121.6856234">
    <ele>20</ele>
    <time>2026-03-14T23:04:29Z</time>
    <extensions>
     <gpxdata:hr>151</gpxdata:hr>
     <gpxdata:distance>3462.00</gpxdata:distance>
     <gpxdata:cadence>94</gpxdata:cadence>
     <gpxdata:speed>4.019</gpxdata:speed>
    </extensions>
   </trkpt>
   <trkpt lat="25.2063884" lon="121.6856084">
    <ele>20</ele>
    <time>2026-03-14T23:04:30Z</time>
    <extensions>
     <gpxdata:hr>151</gpxdata:hr>
     <gpxdata:distance>3462.50</gpxdata:distance>
     <gpxdata:cadence>94</gpxdata:cadence>
     <gpxdata:speed>3.997</gpxdata:speed>
    </extensions>
   </trkpt>
   <trkpt lat="25.2064009" lon="121.6855934">
    <ele>20</ele>
    <time>2026-03-14T23:04:31Z</time>
    <extensions>
     <gpxdata:hr>151</gpxdata:hr>
     <gpxdata:distance>3463.00</gpxdata:distance>
     <gpxdata:cadence>93</gpxdata:cadence>
     <gpxdata:speed>3.978</gpxdata:speed>
    </extensions>
   </trkpt>
   <trkpt lat="25.2064055" lon="121.6855851">
    <ele>20</ele>
    <time>2026-03-14T23:04:32Z</time>
    <extensions>
     <gpxdata:hr>151</gpxdata:hr>
     <gpxdata:distance>3464.00</gpxdata:distance>
     <gpxdata:cadence>93</gpxdata:cadence>
     <gpxdata:speed>3.947</gpxdata:speed>
    </extensions>
   </trkpt>
   <trkpt lat="25.2064102" lon="121.6855768">
    <ele>20</ele>
    <time>2026-03-14T23:04:33Z</time>
    <extensions>
     <gpxdata:hr>151</gpxdata:hr>
     <gpxdata:distance>3465.00</gpxdata:distance>
     <gpxdata:cadence>93</gpxdata:cadence>
     <gpxdata:speed>3.919</gpxdata:speed>
    </extensions>
   </trkpt>
   <trkpt lat="25.2064131" lon="121.6855595">
    <ele>20</ele>
    <time>2026-03-14T23:04:40Z</time>
    <extensions>
     <gpxdata:hr>151</gpxdata:hr>
     <gpxdata:distance>3465.00</gpxdata:distance>
     <gpxdata:cadence>94</gpxdata:cadence>
     <gpxdata:speed>3.969</gpxdata:speed>
    </extensions>
   </trkpt>
   <trkpt lat="25.2064126" lon="121.6855294">
    <ele>20</ele>
    <time>2026-03-14T23:04:41Z</time>
    <extensions>
     <gpxdata:hr>151</gpxdata:hr>
     <gpxdata:distance>3465.00</gpxdata:distance>
     <gpxdata:cadence>94</gpxdata:cadence>
     <gpxdata:speed>3.989</gpxdata:speed>
    </extensions>
   </trkpt>
   <trkpt lat="25.2064121" lon="121.6854994">
    <ele>20</ele>
    <time>2026-03-14T23:04:42Z</time>
    <extensions>
     <gpxdata:hr>151</gpxdata:hr>
     <gpxdata:distance>3477.00</gpxdata:distance>
     <gpxdata:cadence>94</gpxdata:cadence>
     <gpxdata:speed>3.969</gpxdata:speed>
    </extensions>
   </trkpt>
   <trkpt lat="25.2064212" lon="121.6854517">
    <ele>20</ele>
    <time>2026-03-14T23:04:43Z</time>
    <extensions>
     <gpxdata:hr>151</gpxdata:hr>
     <gpxdata:distance>3489.00</gpxdata:distance>
     <gpxdata:cadence>94</gpxdata:cadence>
     <gpxdata:speed>3.950</gpxdata:speed>
    </extensions>
   </trkpt>
   <trkpt lat="25.2064304" lon="121.6854040">
    <ele>20</ele>
    <time>2026-03-14T23:04:44Z</time>
    <extensions>
     <gpxdata:hr>151</gpxdata:hr>
     <gpxdata:distance>3496.00</gpxdata:distance>
     <gpxdata:cadence>94</gpxdata:cadence>
     <gpxdata:speed>3.944</gpxdata:speed>
    </extensions>
   </trkpt>
   <trkpt lat="25.2064588" lon="121.6853341">
    <ele>20</ele>
    <time>2026-03-14T23:04:45Z</time>
    <extensions>
     <gpxdata:hr>151</gpxdata:hr>
     <gpxdata:distance>3503.00</gpxdata:distance>
     <gpxdata:cadence>94</gpxdata:cadence>
     <gpxdata:speed>3.939</gpxdata:speed>
    </extensions>
   </trkpt>
   <trkpt lat="25.2064872" lon="121.6852643">
    <ele>20</ele>
    <time>2026-03-14T23:04:46Z</time>
    <extensions>
     <gpxdata:hr>151</gpxdata:hr>
     <gpxdata:distance>3503.00</gpxdata:distance>
     <gpxdata:cadence>94</gpxdata:cadence>
     <gpxdata:speed>3.936</gpxdata:speed>
    </extensions>
   </trkpt>
   <trkpt lat="25.2065181" lon="121.6851716">
    <ele>20</ele>
    <time>2026-03-14T23:04:47Z</time>
    <extensions>
     <gpxdata:hr>151</gpxdata:hr>
     <gpxdata:distance>3503.00</gpxdata:distance>
     <gpxdata:cadence>94</gpxdata:cadence>
     <gpxdata:speed>3.936</gpxdata:speed>
    </extensions>
   </trkpt>
   <trkpt lat="25.2065490" lon="121.6850790">
    <ele>20</ele>
    <time>2026-03-14T23:04:48Z</time>
    <extensions>
     <gpxdata:hr>151</gpxdata:hr>
     <gpxdata:distance>3521.00</gpxdata:distance>
     <gpxdata:cadence>94</gpxdata:cadence>
     <gpxdata:speed>3.978</gpxdata:speed>
    </extensions>
   </trkpt>
   <trkpt lat="25.2065666" lon="121.6850036">
    <ele>20</ele>
    <time>2026-03-14T23:04:49Z</time>
    <extensions>
     <gpxdata:hr>151</gpxdata:hr>
     <gpxdata:distance>3539.00</gpxdata:distance>
     <gpxdata:cadence>95</gpxdata:cadence>
     <gpxdata:speed>4.019</gpxdata:speed>
    </extensions>
   </trkpt>
   <trkpt lat="25.2065843" lon="121.6849283">
    <ele>20</ele>
    <time>2026-03-14T23:04:50Z</time>
    <extensions>
     <gpxdata:hr>151</gpxdata:hr>
     <gpxdata:distance>3542.50</gpxdata:distance>
     <gpxdata:cadence>95</gpxdata:cadence>
     <gpxdata:speed>4.078</gpxdata:speed>
    </extensions>
   </trkpt>
   <trkpt lat="25.2065833" lon="121.6848768">
    <ele>20</ele>
    <time>2026-03-14T23:04:51Z</time>
    <extensions>
     <gpxdata:hr>151</gpxdata:hr>
     <gpxdata:distance>3546.00</gpxdata:distance>
     <gpxdata:cadence>95</gpxdata:cadence>
     <gpxdata:speed>4.139</gpxdata:speed>
    </extensions>
   </trkpt>
   <trkpt lat="25.2065824" lon="121.6848253">
    <ele>20</ele>
    <time>2026-03-14T23:04:52Z</time>
    <extensions>
     <gpxdata:hr>151</gpxdata:hr>
     <gpxdata:distance>3550.00</gpxdata:distance>
     <gpxdata:cadence>95</gpxdata:cadence>
     <gpxdata:speed>4.242</gpxdata:speed>
    </extensions>
   </trkpt>
   <trkpt lat="25.2065670" lon="121.6847890">
    <ele>20</ele>
    <time>2026-03-14T23:04:53Z</time>
    <extensions>
     <gpxdata:hr>151</gpxdata:hr>
     <gpxdata:distance>3554.00</gpxdata:distance>
     <gpxdata:cadence>96</gpxdata:cadence>
     <gpxdata:speed>4.344</gpxdata:speed>
    </extensions>
   </trkpt>
   <trkpt lat="25.2065516" lon="121.6847527">
    <ele>20</ele>
    <time>2026-03-14T23:04:54Z</time>
    <extensions>
     <gpxdata:hr>151</gpxdata:hr>
     <gpxdata:distance>3558.50</gpxdata:distance>
     <gpxdata:cadence>95</gpxdata:cadence>
     <gpxdata:speed>4.311</gpxdata:speed>
    </extensions>
   </trkpt>
   <trkpt lat="25.2065287" lon="121.6847229">
    <ele>20</ele>
    <time>2026-03-14T23:04:55Z</time>
    <extensions>
     <gpxdata:hr>151</gpxdata:hr>
     <gpxdata:distance>3563.00</gpxdata:distance>
     <gpxdata:cadence>95</gpxdata:cadence>
     <gpxdata:speed>4.281</gpxdata:speed>
    </extensions>
   </trkpt>
   <trkpt lat="25.2065058" lon="121.6846931">
    <ele>20</ele>
    <time>2026-03-14T23:04:56Z</time>
    <extensions>
     <gpxdata:hr>151</gpxdata:hr>
     <gpxdata:distance>3567.00</gpxdata:distance>
     <gpxdata:cadence>95</gpxdata:cadence>
     <gpxdata:speed>4.208</gpxdata:speed>
    </extensions>
   </trkpt>
   <trkpt lat="25.2064804" lon="121.6846650">
    <ele>20</ele>
    <time>2026-03-14T23:04:57Z</time>
    <extensions>
     <gpxdata:hr>151</gpxdata:hr>
     <gpxdata:distance>3571.00</gpxdata:distance>
     <gpxdata:cadence>94</gpxdata:cadence>
     <gpxdata:speed>4.139</gpxdata:speed>
    </extensions>
   </trkpt>
   <trkpt lat="25.2064550" lon="121.6846369">
    <ele>20</ele>
    <time>2026-03-14T23:04:58Z</time>
    <extensions>
     <gpxdata:hr>151</gpxdata:hr>
     <gpxdata:distance>3575.00</gpxdata:distance>
     <gpxdata:cadence>94</gpxdata:cadence>
     <gpxdata:speed>4.125</gpxdata:speed>
    </extensions>
   </trkpt>
   <trkpt lat="25.2064294" lon="121.6846085">
    <ele>20</ele>
    <time>2026-03-14T23:04:59Z</time>
    <extensions>
     <gpxdata:hr>151</gpxdata:hr>
     <gpxdata:distance>3579.00</gpxdata:distance>
     <gpxdata:cadence>94</gpxdata:cadence>
     <gpxdata:speed>4.114</gpxdata:speed>
    </extensions>
   </trkpt>
   <trkpt lat="25.2064038" lon="121.6845801">
    <ele>20</ele>
    <time>2026-03-14T23:05:00Z</time>
    <extensions>
     <gpxdata:hr>151</gpxdata:hr>
     <gpxdata:distance>3583.00</gpxdata:distance>
     <gpxdata:cadence>93</gpxdata:cadence>
     <gpxdata:speed>4.111</gpxdata:speed>
    </extensions>
   </trkpt>
   <trkpt lat="25.2063782" lon="121.6845518">
    <ele>20</ele>
    <time>2026-03-14T23:05:01Z</time>
    <extensions>
     <gpxdata:hr>151</gpxdata:hr>
     <gpxdata:distance>3587.00</gpxdata:distance>
     <gpxdata:cadence>93</gpxdata:cadence>
     <gpxdata:speed>4.108</gpxdata:speed>
    </extensions>
   </trkpt>
   <trkpt lat="25.2063526" lon="121.6845236">
    <ele>20</ele>
    <time>2026-03-14T23:05:02Z</time>
    <extensions>
     <gpxdata:hr>151</gpxdata:hr>
     <gpxdata:distance>3591.00</gpxdata:distance>
     <gpxdata:cadence>94</gpxdata:cadence>
     <gpxdata:speed>4.108</gpxdata:speed>
    </extensions>
   </trkpt>
   <trkpt lat="25.2063276" lon="121.6844945">
    <ele>20</ele>
    <time>2026-03-14T23:05:03Z</time>
    <extensions>
     <gpxdata:hr>151</gpxdata:hr>
     <gpxdata:distance>3595.00</gpxdata:distance>
     <gpxdata:cadence>95</gpxdata:cadence>
     <gpxdata:speed>4.108</gpxdata:speed>
    </extensions>
   </trkpt>
   <trkpt lat="25.2063027" lon="121.6844655">
    <ele>20</ele>
    <time>2026-03-14T23:05:04Z</time>
    <extensions>
     <gpxdata:hr>151</gpxdata:hr>
     <gpxdata:distance>3599.00</gpxdata:distance>
     <gpxdata:cadence>95</gpxdata:cadence>
     <gpxdata:speed>4.108</gpxdata:speed>
    </extensions>
   </trkpt>
   <trkpt lat="25.2062790" lon="121.6844351">
    <ele>20</ele>
    <time>2026-03-14T23:05:05Z</time>
    <extensions>
     <gpxdata:hr>151</gpxdata:hr>
     <gpxdata:distance>3603.00</gpxdata:distance>
     <gpxdata:cadence>95</gpxdata:cadence>
     <gpxdata:speed>4.108</gpxdata:speed>
    </extensions>
   </trkpt>
   <trkpt lat="25.2062554" lon="121.6844048">
    <ele>20</ele>
    <time>2026-03-14T23:05:06Z</time>
    <extensions>
     <gpxdata:hr>151</gpxdata:hr>
     <gpxdata:distance>3607.00</gpxdata:distance>
     <gpxdata:cadence>95</gpxdata:cadence>
     <gpxdata:speed>4.108</gpxdata:speed>
    </extensions>
   </trkpt>
   <trkpt lat="25.2062321" lon="121.6843744">
    <ele>20</ele>
    <time>2026-03-14T23:05:07Z</time>
    <extensions>
     <gpxdata:hr>151</gpxdata:hr>
     <gpxdata:distance>3611.00</gpxdata:distance>
     <gpxdata:cadence>95</gpxdata:cadence>
     <gpxdata:speed>4.108</gpxdata:speed>
    </extensions>
   </trkpt>
   <trkpt lat="25.2062089" lon="121.6843440">
    <ele>20</ele>
    <time>2026-03-14T23:05:08Z</time>
    <extensions>
     <gpxdata:hr>151</gpxdata:hr>
     <gpxdata:distance>3615.00</gpxdata:distance>
     <gpxdata:cadence>95</gpxdata:cadence>
     <gpxdata:speed>4.108</gpxdata:speed>
    </extensions>
   </trkpt>
   <trkpt lat="25.2061864" lon="121.6843130">
    <ele>20</ele>
    <time>2026-03-14T23:05:09Z</time>
    <extensions>
     <gpxdata:hr>151</gpxdata:hr>
     <gpxdata:distance>3619.00</gpxdata:distance>
     <gpxdata:cadence>95</gpxdata:cadence>
     <gpxdata:speed>4.108</gpxdata:speed>
    </extensions>
   </trkpt>
   <trkpt lat="25.2061639" lon="121.6842821">
    <ele>20</ele>
    <time>2026-03-14T23:05:10Z</time>
    <extensions>
     <gpxdata:hr>151</gpxdata:hr>
     <gpxdata:distance>3622.50</gpxdata:distance>
     <gpxdata:cadence>95</gpxdata:cadence>
     <gpxdata:speed>4.106</gpxdata:speed>
    </extensions>
   </trkpt>
   <trkpt lat="25.2061424" lon="121.6842510">
    <ele>20</ele>
    <time>2026-03-14T23:05:11Z</time>
    <extensions>
     <gpxdata:hr>151</gpxdata:hr>
     <gpxdata:distance>3626.00</gpxdata:distance>
     <gpxdata:cadence>95</gpxdata:cadence>
     <gpxdata:speed>4.106</gpxdata:speed>
    </extensions>
   </trkpt>
   <trkpt lat="25.2061209" lon="121.6842200">
    <ele>20</ele>
    <time>2026-03-14T23:05:12Z</time>
    <extensions>
     <gpxdata:hr>151</gpxdata:hr>
     <gpxdata:distance>3630.00</gpxdata:distance>
     <gpxdata:cadence>95</gpxdata:cadence>
     <gpxdata:speed>4.103</gpxdata:speed>
    </extensions>
   </trkpt>
   <trkpt lat="25.2060998" lon="121.6841886">
    <ele>20</ele>
    <time>2026-03-14T23:05:13Z</time>
    <extensions>
     <gpxdata:hr>151</gpxdata:hr>
     <gpxdata:distance>3634.00</gpxdata:distance>
     <gpxdata:cadence>96</gpxdata:cadence>
     <gpxdata:speed>4.103</gpxdata:speed>
    </extensions>
   </trkpt>
   <trkpt lat="25.2060788" lon="121.6841572">
    <ele>20</ele>
    <time>2026-03-14T23:05:14Z</time>
    <extensions>
     <gpxdata:hr>151</gpxdata:hr>
     <gpxdata:distance>3638.00</gpxdata:distance>
     <gpxdata:cadence>96</gpxdata:cadence>
     <gpxdata:speed>4.100</gpxdata:speed>
    </extensions>
   </trkpt>
   <trkpt lat="25.2060578" lon="121.6841257">
    <ele>20</ele>
    <time>2026-03-14T23:05:15Z</time>
    <extensions>
     <gpxdata:hr>151</gpxdata:hr>
     <gpxdata:distance>3642.00</gpxdata:distance>
     <gpxdata:cadence>96</gpxdata:cadence>
     <gpxdata:speed>4.100</gpxdata:speed>
    </extensions>
   </trkpt>
   <trkpt lat="25.2060368" lon="121.6840943">
    <ele>20</ele>
    <time>2026-03-14T23:05:16Z</time>
    <extensions>
     <gpxdata:hr>151</gpxdata:hr>
     <gpxdata:distance>3646.00</gpxdata:distance>
     <gpxdata:cadence>95</gpxdata:cadence>
     <gpxdata:speed>4.097</gpxdata:speed>
    </extensions>
   </trkpt>
   <trkpt lat="25.2060157" lon="121.6840620">
    <ele>20</ele>
    <time>2026-03-14T23:05:17Z</time>
    <extensions>
     <gpxdata:hr>151</gpxdata:hr>
     <gpxdata:distance>3650.00</gpxdata:distance>
     <gpxdata:cadence>95</gpxdata:cadence>
     <gpxdata:speed>4.094</gpxdata:speed>
    </extensions>
   </trkpt>
   <trkpt lat="25.2059946" lon="121.6840298">
    <ele>20</ele>
    <time>2026-03-14T23:05:18Z</time>
    <extensions>
     <gpxdata:hr>151</gpxdata:hr>
     <gpxdata:distance>3654.50</gpxdata:distance>
     <gpxdata:cadence>95</gpxdata:cadence>
     <gpxdata:speed>4.089</gpxdata:speed>
    </extensions>
   </trkpt>
   <trkpt lat="25.2059738" lon="121.6839966">
    <ele>20</ele>
    <time>2026-03-14T23:05:19Z</time>
    <extensions>
     <gpxdata:hr>151</gpxdata:hr>
     <gpxdata:distance>3659.00</gpxdata:distance>
     <gpxdata:cadence>94</gpxdata:cadence>
     <gpxdata:speed>4.083</gpxdata:speed>
    </extensions>
   </trkpt>
   <trkpt lat="25.2059530" lon="121.6839634">
    <ele>20</ele>
    <time>2026-03-14T23:05:20Z</time>
    <extensions>
     <gpxdata:hr>151</gpxdata:hr>
     <gpxdata:distance>3663.00</gpxdata:distance>
     <gpxdata:cadence>94</gpxdata:cadence>
     <gpxdata:speed>4.081</gpxdata:speed>
    </extensions>
   </trkpt>
   <trkpt lat="25.2059329" lon="121.6839296">
    <ele>20</ele>
    <time>2026-03-14T23:05:21Z</time>
    <extensions>
     <gpxdata:hr>151</gpxdata:hr>
     <gpxdata:distance>3667.00</gpxdata:distance>
     <gpxdata:cadence>94</gpxdata:cadence>
     <gpxdata:speed>4.078</gpxdata:speed>
    </extensions>
   </trkpt>
   <trkpt lat="25.2059128" lon="121.6838958">
    <ele>20</ele>
    <time>2026-03-14T23:05:22Z</time>
    <extensions>
     <gpxdata:hr>151</gpxdata:hr>
     <gpxdata:distance>3671.00</gpxdata:distance>
     <gpxdata:cadence>94</gpxdata:cadence>
     <gpxdata:speed>4.078</gpxdata:speed>
    </extensions>
   </trkpt>
   <trkpt lat="25.2058929" lon="121.6838620">
    <ele>20</ele>
    <time>2026-03-14T23:05:23Z</time>
    <extensions>
     <gpxdata:hr>151</gpxdata:hr>
     <gpxdata:distance>3675.00</gpxdata:distance>
     <gpxdata:cadence>94</gpxdata:cadence>
     <gpxdata:speed>4.078</gpxdata:speed>
    </extensions>
   </trkpt>
   <trkpt lat="25.2058730" lon="121.6838283">
    <ele>20</ele>
    <time>2026-03-14T23:05:24Z</time>
    <extensions>
     <gpxdata:hr>151</gpxdata:hr>
     <gpxdata:distance>3679.00</gpxdata:distance>
     <gpxdata:cadence>94</gpxdata:cadence>
     <gpxdata:speed>4.078</gpxdata:speed>
    </extensions>
   </trkpt>
   <trkpt lat="25.2058527" lon="121.6837955">
    <ele>20</ele>
    <time>2026-03-14T23:05:25Z</time>
    <extensions>
     <gpxdata:hr>151</gpxdata:hr>
     <gpxdata:distance>3683.00</gpxdata:distance>
     <gpxdata:cadence>94</gpxdata:cadence>
     <gpxdata:speed>4.078</gpxdata:speed>
    </extensions>
   </trkpt>
   <trkpt lat="25.2058325" lon="121.6837628">
    <ele>19</ele>
    <time>2026-03-14T23:05:26Z</time>
    <extensions>
     <gpxdata:hr>151</gpxdata:hr>
     <gpxdata:distance>3686.50</gpxdata:distance>
     <gpxdata:cadence>93</gpxdata:cadence>
     <gpxdata:speed>4.075</gpxdata:speed>
    </extensions>
   </trkpt>
   <trkpt lat="25.2058114" lon="121.6837315">
    <ele>19</ele>
    <time>2026-03-14T23:05:27Z</time>
    <extensions>
     <gpxdata:hr>151</gpxdata:hr>
     <gpxdata:distance>3690.00</gpxdata:distance>
     <gpxdata:cadence>93</gpxdata:cadence>
     <gpxdata:speed>4.075</gpxdata:speed>
    </extensions>
   </trkpt>
   <trkpt lat="25.2057903" lon="121.6837003">
    <ele>19</ele>
    <time>2026-03-14T23:05:28Z</time>
    <extensions>
     <gpxdata:hr>151</gpxdata:hr>
     <gpxdata:distance>3694.00</gpxdata:distance>
     <gpxdata:cadence>93</gpxdata:cadence>
     <gpxdata:speed>4.075</gpxdata:speed>
    </extensions>
   </trkpt>
   <trkpt lat="25.2057685" lon="121.6836695">
    <ele>19</ele>
    <time>2026-03-14T23:05:29Z</time>
    <extensions>
     <gpxdata:hr>151</gpxdata:hr>
     <gpxdata:distance>3698.00</gpxdata:distance>
     <gpxdata:cadence>93</gpxdata:cadence>
     <gpxdata:speed>4.075</gpxdata:speed>
    </extensions>
   </trkpt>
   <trkpt lat="25.2057467" lon="121.6836388">
    <ele>19</ele>
    <time>2026-03-14T23:05:30Z</time>
    <extensions>
     <gpxdata:hr>151</gpxdata:hr>
     <gpxdata:distance>3702.00</gpxdata:distance>
     <gpxdata:cadence>93</gpxdata:cadence>
     <gpxdata:speed>4.072</gpxdata:speed>
    </extensions>
   </trkpt>
   <trkpt lat="25.2057250" lon="121.6836079">
    <ele>19</ele>
    <time>2026-03-14T23:05:31Z</time>
    <extensions>
     <gpxdata:hr>151</gpxdata:hr>
     <gpxdata:distance>3706.00</gpxdata:distance>
     <gpxdata:cadence>94</gpxdata:cadence>
     <gpxdata:speed>4.072</gpxdata:speed>
    </extensions>
   </trkpt>
   <trkpt lat="25.2057034" lon="121.6835770">
    <ele>19</ele>
    <time>2026-03-14T23:05:32Z</time>
    <extensions>
     <gpxdata:hr>151</gpxdata:hr>
     <gpxdata:distance>3710.00</gpxdata:distance>
     <gpxdata:cadence>94</gpxdata:cadence>
     <gpxdata:speed>4.069</gpxdata:speed>
    </extensions>
   </trkpt>
   <trkpt lat="25.2056812" lon="121.6835466">
    <ele>19</ele>
    <time>2026-03-14T23:05:33Z</time>
    <extensions>
     <gpxdata:hr>151</gpxdata:hr>
     <gpxdata:distance>3714.00</gpxdata:distance>
     <gpxdata:cadence>94</gpxdata:cadence>
     <gpxdata:speed>4.069</gpxdata:speed>
    </extensions>
   </trkpt>
   <trkpt lat="25.2056590" lon="121.6835162">
    <ele>19</ele>
    <time>2026-03-14T23:05:34Z</time>
    <extensions>
     <gpxdata:hr>151</gpxdata:hr>
     <gpxdata:distance>3718.00</gpxdata:distance>
     <gpxdata:cadence>94</gpxdata:cadence>
     <gpxdata:speed>4.069</gpxdata:speed>
    </extensions>
   </trkpt>
   <trkpt lat="25.2056354" lon="121.6834872">
    <ele>19</ele>
    <time>2026-03-14T23:05:35Z</time>
    <extensions>
     <gpxdata:hr>151</gpxdata:hr>
     <gpxdata:distance>3722.00</gpxdata:distance>
     <gpxdata:cadence>94</gpxdata:cadence>
     <gpxdata:speed>4.069</gpxdata:speed>
    </extensions>
   </trkpt>
   <trkpt lat="25.2056118" lon="121.6834582">
    <ele>19</ele>
    <time>2026-03-14T23:05:36Z</time>
    <extensions>
     <gpxdata:hr>151</gpxdata:hr>
     <gpxdata:distance>3726.00</gpxdata:distance>
     <gpxdata:cadence>94</gpxdata:cadence>
     <gpxdata:speed>4.067</gpxdata:speed>
    </extensions>
   </trkpt>
   <trkpt lat="25.2055871" lon="121.6834308">
    <ele>19</ele>
    <time>2026-03-14T23:05:37Z</time>
    <extensions>
     <gpxdata:hr>151</gpxdata:hr>
     <gpxdata:distance>3730.00</gpxdata:distance>
     <gpxdata:cadence>94</gpxdata:cadence>
     <gpxdata:speed>4.067</gpxdata:speed>
    </extensions>
   </trkpt>
   <trkpt lat="25.2055624" lon="121.6834035">
    <ele>19</ele>
    <time>2026-03-14T23:05:38Z</time>
    <extensions>
     <gpxdata:hr>151</gpxdata:hr>
     <gpxdata:distance>3733.50</gpxdata:distance>
     <gpxdata:cadence>94</gpxdata:cadence>
     <gpxdata:speed>4.067</gpxdata:speed>
    </extensions>
   </trkpt>
   <trkpt lat="25.2055364" lon="121.6833778">
    <ele>19</ele>
    <time>2026-03-14T23:05:39Z</time>
    <extensions>
     <gpxdata:hr>151</gpxdata:hr>
     <gpxdata:distance>3737.00</gpxdata:distance>
     <gpxdata:cadence>94</gpxdata:cadence>
     <gpxdata:speed>4.067</gpxdata:speed>
    </extensions>
   </trkpt>
   <trkpt lat="25.2055105" lon="121.6833522">
    <ele>19</ele>
    <time>2026-03-14T23:05:40Z</time>
    <extensions>
     <gpxdata:hr>151</gpxdata:hr>
     <gpxdata:distance>3741.00</gpxdata:distance>
     <gpxdata:cadence>94</gpxdata:cadence>
     <gpxdata:speed>4.064</gpxdata:speed>
    </extensions>
   </trkpt>
   <trkpt lat="25.2054828" lon="121.6833277">
    <ele>19</ele>
    <time>2026-03-14T23:05:41Z</time>
    <extensions>
     <gpxdata:hr>151</gpxdata:hr>
     <gpxdata:distance>3745.00</gpxdata:distance>
     <gpxdata:cadence>95</gpxdata:cadence>
     <gpxdata:speed>4.064</gpxdata:speed>
    </extensions>
   </trkpt>
   <trkpt lat="25.2054551" lon="121.6833033">
    <ele>19</ele>
    <time>2026-03-14T23:05:42Z</time>
    <extensions>
     <gpxdata:hr>151</gpxdata:hr>
     <gpxdata:distance>3749.50</gpxdata:distance>
     <gpxdata:cadence>95</gpxdata:cadence>
     <gpxdata:speed>4.061</gpxdata:speed>
    </extensions>
   </trkpt>
   <trkpt lat="25.2054257" lon="121.6832799">
    <ele>19</ele>
    <time>2026-03-14T23:05:43Z</time>
    <extensions>
     <gpxdata:hr>151</gpxdata:hr>
     <gpxdata:distance>3754.00</gpxdata:distance>
     <gpxdata:cadence>95</gpxdata:cadence>
     <gpxdata:speed>4.061</gpxdata:speed>
    </extensions>
   </trkpt>
   <trkpt lat="25.2053963" lon="121.6832565">
    <ele>19</ele>
    <time>2026-03-14T23:05:44Z</time>
    <extensions>
     <gpxdata:hr>151</gpxdata:hr>
     <gpxdata:distance>3758.00</gpxdata:distance>
     <gpxdata:cadence>95</gpxdata:cadence>
     <gpxdata:speed>4.061</gpxdata:speed>
    </extensions>
   </trkpt>
   <trkpt lat="25.2053658" lon="121.6832342">
    <ele>19</ele>
    <time>2026-03-14T23:05:45Z</time>
    <extensions>
     <gpxdata:hr>151</gpxdata:hr>
     <gpxdata:distance>3762.00</gpxdata:distance>
     <gpxdata:cadence>95</gpxdata:cadence>
     <gpxdata:speed>4.061</gpxdata:speed>
    </extensions>
   </trkpt>
   <trkpt lat="25.2053354" lon="121.6832119">
    <ele>19</ele>
    <time>2026-03-14T23:05:46Z</time>
    <extensions>
     <gpxdata:hr>151</gpxdata:hr>
     <gpxdata:distance>3766.00</gpxdata:distance>
     <gpxdata:cadence>95</gpxdata:cadence>
     <gpxdata:speed>4.058</gpxdata:speed>
    </extensions>
   </trkpt>
   <trkpt lat="25.2053047" lon="121.6831906">
    <ele>19</ele>
    <time>2026-03-14T23:05:47Z</time>
    <extensions>
     <gpxdata:hr>151</gpxdata:hr>
     <gpxdata:distance>3770.00</gpxdata:distance>
     <gpxdata:cadence>95</gpxdata:cadence>
     <gpxdata:speed>4.058</gpxdata:speed>
    </extensions>
   </trkpt>
   <trkpt lat="25.2052741" lon="121.6831693">
    <ele>19</ele>
    <time>2026-03-14T23:05:48Z</time>
    <extensions>
     <gpxdata:hr>151</gpxdata:hr>
     <gpxdata:distance>3774.00</gpxdata:distance>
     <gpxdata:cadence>95</gpxdata:cadence>
     <gpxdata:speed>4.058</gpxdata:speed>
    </extensions>
   </trkpt>
   <trkpt lat="25.2052435" lon="121.6831491">
    <ele>19</ele>
    <time>2026-03-14T23:05:49Z</time>
    <extensions>
     <gpxdata:hr>151</gpxdata:hr>
     <gpxdata:distance>3778.00</gpxdata:distance>
     <gpxdata:cadence>95</gpxdata:cadence>
     <gpxdata:speed>4.058</gpxdata:speed>
    </extensions>
   </trkpt>
   <trkpt lat="25.2052129" lon="121.6831290">
    <ele>19</ele>
    <time>2026-03-14T23:05:50Z</time>
    <extensions>
     <gpxdata:hr>151</gpxdata:hr>
     <gpxdata:distance>3782.00</gpxdata:distance>
     <gpxdata:cadence>95</gpxdata:cadence>
     <gpxdata:speed>4.058</gpxdata:speed>
    </extensions>
   </trkpt>
   <trkpt lat="25.2051818" lon="121.6831097">
    <ele>19</ele>
    <time>2026-03-14T23:05:51Z</time>
    <extensions>
     <gpxdata:hr>151</gpxdata:hr>
     <gpxdata:distance>3786.00</gpxdata:distance>
     <gpxdata:cadence>95</gpxdata:cadence>
     <gpxdata:speed>4.058</gpxdata:speed>
    </extensions>
   </trkpt>
   <trkpt lat="25.2051508" lon="121.6830904">
    <ele>19</ele>
    <time>2026-03-14T23:05:52Z</time>
    <extensions>
     <gpxdata:hr>151</gpxdata:hr>
     <gpxdata:distance>3790.00</gpxdata:distance>
     <gpxdata:cadence>94</gpxdata:cadence>
     <gpxdata:speed>4.056</gpxdata:speed>
    </extensions>
   </trkpt>
   <trkpt lat="25.2051198" lon="121.6830705">
    <ele>19</ele>
    <time>2026-03-14T23:05:53Z</time>
    <extensions>
     <gpxdata:hr>151</gpxdata:hr>
     <gpxdata:distance>3794.00</gpxdata:distance>
     <gpxdata:cadence>94</gpxdata:cadence>
     <gpxdata:speed>4.056</gpxdata:speed>
    </extensions>
   </trkpt>
   <trkpt lat="25.2050889" lon="121.6830507">
    <ele>19</ele>
    <time>2026-03-14T23:05:54Z</time>
    <extensions>
     <gpxdata:hr>151</gpxdata:hr>
     <gpxdata:distance>3798.00</gpxdata:distance>
     <gpxdata:cadence>94</gpxdata:cadence>
     <gpxdata:speed>4.056</gpxdata:speed>
    </extensions>
   </trkpt>
   <trkpt lat="25.2050583" lon="121.6830290">
    <ele>19</ele>
    <time>2026-03-14T23:05:55Z</time>
    <extensions>
     <gpxdata:hr>151</gpxdata:hr>
     <gpxdata:distance>3802.00</gpxdata:distance>
     <gpxdata:cadence>94</gpxdata:cadence>
     <gpxdata:speed>4.056</gpxdata:speed>
    </extensions>
   </trkpt>
   <trkpt lat="25.2050278" lon="121.6830073">
    <ele>19</ele>
    <time>2026-03-14T23:05:56Z</time>
    <extensions>
     <gpxdata:hr>151</gpxdata:hr>
     <gpxdata:distance>3806.00</gpxdata:distance>
     <gpxdata:cadence>95</gpxdata:cadence>
     <gpxdata:speed>4.053</gpxdata:speed>
    </extensions>
   </trkpt>
   <trkpt lat="25.2049978" lon="121.6829840">
    <ele>19</ele>
    <time>2026-03-14T23:05:57Z</time>
    <extensions>
     <gpxdata:hr>151</gpxdata:hr>
     <gpxdata:distance>3810.00</gpxdata:distance>
     <gpxdata:cadence>95</gpxdata:cadence>
     <gpxdata:speed>4.053</gpxdata:speed>
    </extensions>
   </trkpt>
   <trkpt lat="25.2049678" lon="121.6829607">
    <ele>19</ele>
    <time>2026-03-14T23:05:58Z</time>
    <extensions>
     <gpxdata:hr>151</gpxdata:hr>
     <gpxdata:distance>3814.00</gpxdata:distance>
     <gpxdata:cadence>95</gpxdata:cadence>
     <gpxdata:speed>4.053</gpxdata:speed>
    </extensions>
   </trkpt>
   <trkpt lat="25.2049377" lon="121.6829366">
    <ele>19</ele>
    <time>2026-03-14T23:05:59Z</time>
    <extensions>
     <gpxdata:hr>152</gpxdata:hr>
     <gpxdata:distance>3818.00</gpxdata:distance>
     <gpxdata:cadence>96</gpxdata:cadence>
     <gpxdata:speed>4.053</gpxdata:speed>
    </extensions>
   </trkpt>
   <trkpt lat="25.2049076" lon="121.6829125">
    <ele>19</ele>
    <time>2026-03-14T23:06:00Z</time>
    <extensions>
     <gpxdata:hr>152</gpxdata:hr>
     <gpxdata:distance>3822.50</gpxdata:distance>
     <gpxdata:cadence>96</gpxdata:cadence>
     <gpxdata:speed>4.056</gpxdata:speed>
    </extensions>
   </trkpt>
   <trkpt lat="25.2048772" lon="121.6828882">
    <ele>19</ele>
    <time>2026-03-14T23:06:01Z</time>
    <extensions>
     <gpxdata:hr>152</gpxdata:hr>
     <gpxdata:distance>3827.00</gpxdata:distance>
     <gpxdata:cadence>96</gpxdata:cadence>
     <gpxdata:speed>4.061</gpxdata:speed>
    </extensions>
   </trkpt>
   <trkpt lat="25.2048468" lon="121.6828639">
    <ele>19</ele>
    <time>2026-03-14T23:06:02Z</time>
    <extensions>
     <gpxdata:hr>152</gpxdata:hr>
     <gpxdata:distance>3831.00</gpxdata:distance>
     <gpxdata:cadence>96</gpxdata:cadence>
     <gpxdata:speed>4.067</gpxdata:speed>
    </extensions>
   </trkpt>
   <trkpt lat="25.2048164" lon="121.6828399">
    <ele>19</ele>
    <time>2026-03-14T23:06:03Z</time>
    <extensions>
     <gpxdata:hr>152</gpxdata:hr>
     <gpxdata:distance>3835.00</gpxdata:distance>
     <gpxdata:cadence>97</gpxdata:cadence>
     <gpxdata:speed>4.075</gpxdata:speed>
    </extensions>
   </trkpt>
   <trkpt lat="25.2047861" lon="121.6828159">
    <ele>19</ele>
    <time>2026-03-14T23:06:04Z</time>
    <extensions>
     <gpxdata:hr>152</gpxdata:hr>
     <gpxdata:distance>3839.00</gpxdata:distance>
     <gpxdata:cadence>97</gpxdata:cadence>
     <gpxdata:speed>4.078</gpxdata:speed>
    </extensions>
   </trkpt>
   <trkpt lat="25.2047559" lon="121.6827925">
    <ele>19</ele>
    <time>2026-03-14T23:06:05Z</time>
    <extensions>
     <gpxdata:hr>152</gpxdata:hr>
     <gpxdata:distance>3843.00</gpxdata:distance>
     <gpxdata:cadence>97</gpxdata:cadence>
     <gpxdata:speed>4.083</gpxdata:speed>
    </extensions>
   </trkpt>
   <trkpt lat="25.2047257" lon="121.6827692">
    <ele>18</ele>
    <time>2026-03-14T23:06:06Z</time>
    <extensions>
     <gpxdata:hr>153</gpxdata:hr>
     <gpxdata:distance>3847.00</gpxdata:distance>
     <gpxdata:cadence>97</gpxdata:cadence>
     <gpxdata:speed>4.083</gpxdata:speed>
    </extensions>
   </trkpt>
   <trkpt lat="25.2046958" lon="121.6827458">
    <ele>18</ele>
    <time>2026-03-14T23:06:07Z</time>
    <extensions>
     <gpxdata:hr>152</gpxdata:hr>
     <gpxdata:distance>3851.00</gpxdata:distance>
     <gpxdata:cadence>97</gpxdata:cadence>
     <gpxdata:speed>4.086</gpxdata:speed>
    </extensions>
   </trkpt>
   <trkpt lat="25.2046660" lon="121.6827225">
    <ele>18</ele>
    <time>2026-03-14T23:06:08Z</time>
    <extensions>
     <gpxdata:hr>152</gpxdata:hr>
     <gpxdata:distance>3855.00</gpxdata:distance>
     <gpxdata:cadence>97</gpxdata:cadence>
     <gpxdata:speed>4.086</gpxdata:speed>
    </extensions>
   </trkpt>
   <trkpt lat="25.2046363" lon="121.6826989">
    <ele>18</ele>
    <time>2026-03-14T23:06:09Z</time>
    <extensions>
     <gpxdata:hr>152</gpxdata:hr>
     <gpxdata:distance>3859.00</gpxdata:distance>
     <gpxdata:cadence>97</gpxdata:cadence>
     <gpxdata:speed>4.086</gpxdata:speed>
    </extensions>
   </trkpt>
   <trkpt lat="25.2046066" lon="121.6826753">
    <ele>18</ele>
    <time>2026-03-14T23:06:10Z</time>
    <extensions>
     <gpxdata:hr>152</gpxdata:hr>
     <gpxdata:distance>3863.00</gpxdata:distance>
     <gpxdata:cadence>97</gpxdata:cadence>
     <gpxdata:speed>4.086</gpxdata:speed>
    </extensions>
   </trkpt>
   <trkpt lat="25.2045773" lon="121.6826510">
    <ele>18</ele>
    <time>2026-03-14T23:06:11Z</time>
    <extensions>
     <gpxdata:hr>153</gpxdata:hr>
     <gpxdata:distance>3867.00</gpxdata:distance>
     <gpxdata:cadence>97</gpxdata:cadence>
     <gpxdata:speed>4.089</gpxdata:speed>
    </extensions>
   </trkpt>
   <trkpt lat="25.2045480" lon="121.6826267">
    <ele>18</ele>
    <time>2026-03-14T23:06:12Z</time>
    <extensions>
     <gpxdata:hr>153</gpxdata:hr>
     <gpxdata:distance>3871.50</gpxdata:distance>
     <gpxdata:cadence>97</gpxdata:cadence>
     <gpxdata:speed>4.089</gpxdata:speed>
    </extensions>
   </trkpt>
   <trkpt lat="25.2045191" lon="121.6826016">
    <ele>18</ele>
    <time>2026-03-14T23:06:13Z</time>
    <extensions>
     <gpxdata:hr>153</gpxdata:hr>
     <gpxdata:distance>3876.00</gpxdata:distance>
     <gpxdata:cadence>97</gpxdata:cadence>
     <gpxdata:speed>4.089</gpxdata:speed>
    </extensions>
   </trkpt>
   <trkpt lat="25.2044902" lon="121.6825766">
    <ele>18</ele>
    <time>2026-03-14T23:06:14Z</time>
    <extensions>
     <gpxdata:hr>153</gpxdata:hr>
     <gpxdata:distance>3880.00</gpxdata:distance>
     <gpxdata:cadence>96</gpxdata:cadence>
     <gpxdata:speed>4.086</gpxdata:speed>
    </extensions>
   </trkpt>
   <trkpt lat="25.2044620" lon="121.6825511">
    <ele>18</ele>
    <time>2026-03-14T23:06:15Z</time>
    <extensions>
     <gpxdata:hr>153</gpxdata:hr>
     <gpxdata:distance>3884.00</gpxdata:distance>
     <gpxdata:cadence>96</gpxdata:cadence>
     <gpxdata:speed>4.083</gpxdata:speed>
    </extensions>
   </trkpt>
   <trkpt lat="25.2044339" lon="121.6825257">
    <ele>18</ele>
    <time>2026-03-14T23:06:16Z</time>
    <extensions>
     <gpxdata:hr>153</gpxdata:hr>
     <gpxdata:distance>3888.00</gpxdata:distance>
     <gpxdata:cadence>96</gpxdata:cadence>
     <gpxdata:speed>4.081</gpxdata:speed>
    </extensions>
   </trkpt>
   <trkpt lat="25.2044062" lon="121.6825003">
    <ele>18</ele>
    <time>2026-03-14T23:06:17Z</time>
    <extensions>
     <gpxdata:hr>153</gpxdata:hr>
     <gpxdata:distance>3892.00</gpxdata:distance>
     <gpxdata:cadence>96</gpxdata:cadence>
     <gpxdata:speed>4.081</gpxdata:speed>
    </extensions>
   </trkpt>
   <trkpt lat="25.2043786" lon="121.6824749">
    <ele>18</ele>
    <time>2026-03-14T23:06:18Z</time>
    <extensions>
     <gpxdata:hr>153</gpxdata:hr>
     <gpxdata:distance>3896.00</gpxdata:distance>
     <gpxdata:cadence>96</gpxdata:cadence>
     <gpxdata:speed>4.075</gpxdata:speed>
    </extensions>
   </trkpt>
   <trkpt lat="25.2043512" lon="121.6824487">
    <ele>18</ele>
    <time>2026-03-14T23:06:19Z</time>
    <extensions>
     <gpxdata:hr>153</gpxdata:hr>
     <gpxdata:distance>3900.00</gpxdata:distance>
     <gpxdata:cadence>96</gpxdata:cadence>
     <gpxdata:speed>4.072</gpxdata:speed>
    </extensions>
   </trkpt>
   <trkpt lat="25.2043239" lon="121.6824225">
    <ele>18</ele>
    <time>2026-03-14T23:06:20Z</time>
    <extensions>
     <gpxdata:hr>153</gpxdata:hr>
     <gpxdata:distance>3904.00</gpxdata:distance>
     <gpxdata:cadence>96</gpxdata:cadence>
     <gpxdata:speed>4.069</gpxdata:speed>
    </extensions>
   </trkpt>
   <trkpt lat="25.2042969" lon="121.6823957">
    <ele>18</ele>
    <time>2026-03-14T23:06:21Z</time>
    <extensions>
     <gpxdata:hr>153</gpxdata:hr>
     <gpxdata:distance>3908.00</gpxdata:distance>
     <gpxdata:cadence>96</gpxdata:cadence>
     <gpxdata:speed>4.069</gpxdata:speed>
    </extensions>
   </trkpt>
   <trkpt lat="25.2042699" lon="121.6823690">
    <ele>18</ele>
    <time>2026-03-14T23:06:22Z</time>
    <extensions>
     <gpxdata:hr>153</gpxdata:hr>
     <gpxdata:distance>3912.00</gpxdata:distance>
     <gpxdata:cadence>95</gpxdata:cadence>
     <gpxdata:speed>4.067</gpxdata:speed>
    </extensions>
   </trkpt>
   <trkpt lat="25.2042429" lon="121.6823421">
    <ele>18</ele>
    <time>2026-03-14T23:06:23Z</time>
    <extensions>
     <gpxdata:hr>152</gpxdata:hr>
     <gpxdata:distance>3916.00</gpxdata:distance>
     <gpxdata:cadence>95</gpxdata:cadence>
     <gpxdata:speed>4.067</gpxdata:speed>
    </extensions>
   </trkpt>
   <trkpt lat="25.2042159" lon="121.6823153">
    <ele>18</ele>
    <time>2026-03-14T23:06:24Z</time>
    <extensions>
     <gpxdata:hr>152</gpxdata:hr>
     <gpxdata:distance>3920.00</gpxdata:distance>
     <gpxdata:cadence>95</gpxdata:cadence>
     <gpxdata:speed>4.064</gpxdata:speed>
    </extensions>
   </trkpt>
   <trkpt lat="25.2041884" lon="121.6822884">
    <ele>18</ele>
    <time>2026-03-14T23:06:25Z</time>
    <extensions>
     <gpxdata:hr>152</gpxdata:hr>
     <gpxdata:distance>3924.00</gpxdata:distance>
     <gpxdata:cadence>95</gpxdata:cadence>
     <gpxdata:speed>4.064</gpxdata:speed>
    </extensions>
   </trkpt>
   <trkpt lat="25.2041609" lon="121.6822616">
    <ele>18</ele>
    <time>2026-03-14T23:06:26Z</time>
    <extensions>
     <gpxdata:hr>153</gpxdata:hr>
     <gpxdata:distance>3928.00</gpxdata:distance>
     <gpxdata:cadence>95</gpxdata:cadence>
     <gpxdata:speed>4.064</gpxdata:speed>
    </extensions>
   </trkpt>
   <trkpt lat="25.2041330" lon="121.6822348">
    <ele>18</ele>
    <time>2026-03-14T23:06:27Z</time>
    <extensions>
     <gpxdata:hr>152</gpxdata:hr>
     <gpxdata:distance>3932.00</gpxdata:distance>
     <gpxdata:cadence>96</gpxdata:cadence>
     <gpxdata:speed>4.064</gpxdata:speed>
    </extensions>
   </trkpt>
   <trkpt lat="25.2041052" lon="121.6822081">
    <ele>18</ele>
    <time>2026-03-14T23:06:28Z</time>
    <extensions>
     <gpxdata:hr>153</gpxdata:hr>
     <gpxdata:distance>3936.50</gpxdata:distance>
     <gpxdata:cadence>96</gpxdata:cadence>
     <gpxdata:speed>4.064</gpxdata:speed>
    </extensions>
   </trkpt>
   <trkpt lat="25.2040770" lon="121.6821816">
    <ele>18</ele>
    <time>2026-03-14T23:06:29Z</time>
    <extensions>
     <gpxdata:hr>153</gpxdata:hr>
     <gpxdata:distance>3941.00</gpxdata:distance>
     <gpxdata:cadence>96</gpxdata:cadence>
     <gpxdata:speed>4.067</gpxdata:speed>
    </extensions>
   </trkpt>
   <trkpt lat="25.2040489" lon="121.6821551">
    <ele>18</ele>
    <time>2026-03-14T23:06:30Z</time>
    <extensions>
     <gpxdata:hr>152</gpxdata:hr>
     <gpxdata:distance>3945.00</gpxdata:distance>
     <gpxdata:cadence>96</gpxdata:cadence>
     <gpxdata:speed>4.067</gpxdata:speed>
    </extensions>
   </trkpt>
   <trkpt lat="25.2040210" lon="121.6821286">
    <ele>17</ele>
    <time>2026-03-14T23:06:31Z</time>
    <extensions>
     <gpxdata:hr>152</gpxdata:hr>
     <gpxdata:distance>3949.00</gpxdata:distance>
     <gpxdata:cadence>96</gpxdata:cadence>
     <gpxdata:speed>4.069</gpxdata:speed>
    </extensions>
   </trkpt>
   <trkpt lat="25.2039931" lon="121.6821022">
    <ele>17</ele>
    <time>2026-03-14T23:06:32Z</time>
    <extensions>
     <gpxdata:hr>152</gpxdata:hr>
     <gpxdata:distance>3953.00</gpxdata:distance>
     <gpxdata:cadence>95</gpxdata:cadence>
     <gpxdata:speed>4.069</gpxdata:speed>
    </extensions>
   </trkpt>
   <trkpt lat="25.2039662" lon="121.6820754">
    <ele>17</ele>
    <time>2026-03-14T23:06:33Z</time>
    <extensions>
     <gpxdata:hr>152</gpxdata:hr>
     <gpxdata:distance>3957.00</gpxdata:distance>
     <gpxdata:cadence>95</gpxdata:cadence>
     <gpxdata:speed>4.069</gpxdata:speed>
    </extensions>
   </trkpt>
   <trkpt lat="25.2039393" lon="121.6820487">
    <ele>17</ele>
    <time>2026-03-14T23:06:34Z</time>
    <extensions>
     <gpxdata:hr>152</gpxdata:hr>
     <gpxdata:distance>3961.00</gpxdata:distance>
     <gpxdata:cadence>95</gpxdata:cadence>
     <gpxdata:speed>4.067</gpxdata:speed>
    </extensions>
   </trkpt>
   <trkpt lat="25.2039135" lon="121.6820217">
    <ele>17</ele>
    <time>2026-03-14T23:06:35Z</time>
    <extensions>
     <gpxdata:hr>152</gpxdata:hr>
     <gpxdata:distance>3965.00</gpxdata:distance>
     <gpxdata:cadence>95</gpxdata:cadence>
     <gpxdata:speed>4.067</gpxdata:speed>
    </extensions>
   </trkpt>
   <trkpt lat="25.2038877" lon="121.6819947">
    <ele>17</ele>
    <time>2026-03-14T23:06:36Z</time>
    <extensions>
     <gpxdata:hr>152</gpxdata:hr>
     <gpxdata:distance>3968.50</gpxdata:distance>
     <gpxdata:cadence>94</gpxdata:cadence>
     <gpxdata:speed>4.061</gpxdata:speed>
    </extensions>
   </trkpt>
   <trkpt lat="25.2038625" lon="121.6819676">
    <ele>17</ele>
    <time>2026-03-14T23:06:37Z</time>
    <extensions>
     <gpxdata:hr>152</gpxdata:hr>
     <gpxdata:distance>3972.00</gpxdata:distance>
     <gpxdata:cadence>94</gpxdata:cadence>
     <gpxdata:speed>4.056</gpxdata:speed>
    </extensions>
   </trkpt>
   <trkpt lat="25.2038374" lon="121.6819405">
    <ele>17</ele>
    <time>2026-03-14T23:06:38Z</time>
    <extensions>
     <gpxdata:hr>152</gpxdata:hr>
     <gpxdata:distance>3976.00</gpxdata:distance>
     <gpxdata:cadence>94</gpxdata:cadence>
     <gpxdata:speed>4.050</gpxdata:speed>
    </extensions>
   </trkpt>
   <trkpt lat="25.2038125" lon="121.6819134">
    <ele>17</ele>
    <time>2026-03-14T23:06:39Z</time>
    <extensions>
     <gpxdata:hr>152</gpxdata:hr>
     <gpxdata:distance>3980.00</gpxdata:distance>
     <gpxdata:cadence>94</gpxdata:cadence>
     <gpxdata:speed>4.047</gpxdata:speed>
    </extensions>
   </trkpt>
   <trkpt lat="25.2037876" lon="121.6818863">
    <ele>17</ele>
    <time>2026-03-14T23:06:40Z</time>
    <extensions>
     <gpxdata:hr>152</gpxdata:hr>
     <gpxdata:distance>3984.00</gpxdata:distance>
     <gpxdata:cadence>94</gpxdata:cadence>
     <gpxdata:speed>4.044</gpxdata:speed>
    </extensions>
   </trkpt>
   <trkpt lat="25.2037623" lon="121.6818593">
    <ele>17</ele>
    <time>2026-03-14T23:06:41Z</time>
    <extensions>
     <gpxdata:hr>152</gpxdata:hr>
     <gpxdata:distance>3988.00</gpxdata:distance>
     <gpxdata:cadence>94</gpxdata:cadence>
     <gpxdata:speed>4.042</gpxdata:speed>
    </extensions>
   </trkpt>
   <trkpt lat="25.2037371" lon="121.6818324">
    <ele>17</ele>
    <time>2026-03-14T23:06:42Z</time>
    <extensions>
     <gpxdata:hr>152</gpxdata:hr>
     <gpxdata:distance>3992.00</gpxdata:distance>
     <gpxdata:cadence>94</gpxdata:cadence>
     <gpxdata:speed>4.039</gpxdata:speed>
    </extensions>
   </trkpt>
   <trkpt lat="25.2037112" lon="121.6818056">
    <ele>17</ele>
    <time>2026-03-14T23:06:43Z</time>
    <extensions>
     <gpxdata:hr>152</gpxdata:hr>
     <gpxdata:distance>3996.00</gpxdata:distance>
     <gpxdata:cadence>95</gpxdata:cadence>
     <gpxdata:speed>4.036</gpxdata:speed>
    </extensions>
   </trkpt>
   <trkpt lat="25.2036853" lon="121.6817789">
    <ele>17</ele>
    <time>2026-03-14T23:06:44Z</time>
    <extensions>
     <gpxdata:hr>151</gpxdata:hr>
     <gpxdata:distance>4000.00</gpxdata:distance>
     <gpxdata:cadence>95</gpxdata:cadence>
     <gpxdata:speed>4.033</gpxdata:speed>
    </extensions>
   </trkpt>
   <trkpt lat="25.2036587" lon="121.6817515">
    <ele>17</ele>
    <time>2026-03-14T23:06:45Z</time>
    <extensions>
     <gpxdata:hr>151</gpxdata:hr>
     <gpxdata:distance>4004.00</gpxdata:distance>
     <gpxdata:cadence>95</gpxdata:cadence>
     <gpxdata:speed>4.033</gpxdata:speed>
    </extensions>
   </trkpt>
   <trkpt lat="25.2036322" lon="121.6817241">
    <ele>17</ele>
    <time>2026-03-14T23:06:46Z</time>
    <extensions>
     <gpxdata:hr>151</gpxdata:hr>
     <gpxdata:distance>4008.50</gpxdata:distance>
     <gpxdata:cadence>95</gpxdata:cadence>
     <gpxdata:speed>4.031</gpxdata:speed>
    </extensions>
   </trkpt>
   <trkpt lat="25.2036049" lon="121.6816963">
    <ele>17</ele>
    <time>2026-03-14T23:06:47Z</time>
    <extensions>
     <gpxdata:hr>151</gpxdata:hr>
     <gpxdata:distance>4013.00</gpxdata:distance>
     <gpxdata:cadence>95</gpxdata:cadence>
     <gpxdata:speed>4.028</gpxdata:speed>
    </extensions>
   </trkpt>
   <trkpt lat="25.2035777" lon="121.6816686">
    <ele>17</ele>
    <time>2026-03-14T23:06:48Z</time>
    <extensions>
     <gpxdata:hr>151</gpxdata:hr>
     <gpxdata:distance>4017.00</gpxdata:distance>
     <gpxdata:cadence>95</gpxdata:cadence>
     <gpxdata:speed>4.028</gpxdata:speed>
    </extensions>
   </trkpt>
   <trkpt lat="25.2035505" lon="121.6816402">
    <ele>17</ele>
    <time>2026-03-14T23:06:49Z</time>
    <extensions>
     <gpxdata:hr>151</gpxdata:hr>
     <gpxdata:distance>4021.00</gpxdata:distance>
     <gpxdata:cadence>95</gpxdata:cadence>
     <gpxdata:speed>4.031</gpxdata:speed>
    </extensions>
   </trkpt>
   <trkpt lat="25.2035234" lon="121.6816118">
    <ele>17</ele>
    <time>2026-03-14T23:06:50Z</time>
    <extensions>
     <gpxdata:hr>151</gpxdata:hr>
     <gpxdata:distance>4025.00</gpxdata:distance>
     <gpxdata:cadence>95</gpxdata:cadence>
     <gpxdata:speed>4.031</gpxdata:speed>
    </extensions>
   </trkpt>
   <trkpt lat="25.2034965" lon="121.6815831">
    <ele>17</ele>
    <time>2026-03-14T23:06:51Z</time>
    <extensions>
     <gpxdata:hr>152</gpxdata:hr>
     <gpxdata:distance>4029.00</gpxdata:distance>
     <gpxdata:cadence>95</gpxdata:cadence>
     <gpxdata:speed>4.033</gpxdata:speed>
    </extensions>
   </trkpt>
   <trkpt lat="25.2034697" lon="121.6815545">
    <ele>17</ele>
    <time>2026-03-14T23:06:52Z</time>
    <extensions>
     <gpxdata:hr>152</gpxdata:hr>
     <gpxdata:distance>4033.00</gpxdata:distance>
     <gpxdata:cadence>95</gpxdata:cadence>
     <gpxdata:speed>4.036</gpxdata:speed>
    </extensions>
   </trkpt>
   <trkpt lat="25.2034427" lon="121.6815264">
    <ele>17</ele>
    <time>2026-03-14T23:06:53Z</time>
    <extensions>
     <gpxdata:hr>152</gpxdata:hr>
     <gpxdata:distance>4037.00</gpxdata:distance>
     <gpxdata:cadence>95</gpxdata:cadence>
     <gpxdata:speed>4.039</gpxdata:speed>
    </extensions>
   </trkpt>
   <trkpt lat="25.2034157" lon="121.6814984">
    <ele>17</ele>
    <time>2026-03-14T23:06:54Z</time>
    <extensions>
     <gpxdata:hr>152</gpxdata:hr>
     <gpxdata:distance>4041.00</gpxdata:distance>
     <gpxdata:cadence>95</gpxdata:cadence>
     <gpxdata:speed>4.047</gpxdata:speed>
    </extensions>
   </trkpt>
   <trkpt lat="25.2033887" lon="121.6814707">
    <ele>17</ele>
    <time>2026-03-14T23:06:55Z</time>
    <extensions>
     <gpxdata:hr>152</gpxdata:hr>
     <gpxdata:distance>4045.00</gpxdata:distance>
     <gpxdata:cadence>96</gpxdata:cadence>
     <gpxdata:speed>4.056</gpxdata:speed>
    </extensions>
   </trkpt>
   <trkpt lat="25.2033618" lon="121.6814431">
    <ele>17</ele>
    <time>2026-03-14T23:06:56Z</time>
    <extensions>
     <gpxdata:hr>152</gpxdata:hr>
     <gpxdata:distance>4049.50</gpxdata:distance>
     <gpxdata:cadence>96</gpxdata:cadence>
     <gpxdata:speed>4.058</gpxdata:speed>
    </extensions>
   </trkpt>
   <trkpt lat="25.2033349" lon="121.6814158">
    <ele>17</ele>
    <time>2026-03-14T23:06:57Z</time>
    <extensions>
     <gpxdata:hr>152</gpxdata:hr>
     <gpxdata:distance>4054.00</gpxdata:distance>
     <gpxdata:cadence>96</gpxdata:cadence>
     <gpxdata:speed>4.061</gpxdata:speed>
    </extensions>
   </trkpt>
   <trkpt lat="25.2033081" lon="121.6813885">
    <ele>17</ele>
    <time>2026-03-14T23:06:58Z</time>
    <extensions>
     <gpxdata:hr>152</gpxdata:hr>
     <gpxdata:distance>4057.50</gpxdata:distance>
     <gpxdata:cadence>96</gpxdata:cadence>
     <gpxdata:speed>4.058</gpxdata:speed>
    </extensions>
   </trkpt>
   <trkpt lat="25.2032818" lon="121.6813614">
    <ele>17</ele>
    <time>2026-03-14T23:06:59Z</time>
    <extensions>
     <gpxdata:hr>152</gpxdata:hr>
     <gpxdata:distance>4061.00</gpxdata:distance>
     <gpxdata:cadence>96</gpxdata:cadence>
     <gpxdata:speed>4.058</gpxdata:speed>
    </extensions>
   </trkpt>
   <trkpt lat="25.2032556" lon="121.6813343">
    <ele>17</ele>
    <time>2026-03-14T23:07:00Z</time>
    <extensions>
     <gpxdata:hr>152</gpxdata:hr>
     <gpxdata:distance>4065.00</gpxdata:distance>
     <gpxdata:cadence>96</gpxdata:cadence>
     <gpxdata:speed>4.056</gpxdata:speed>
    </extensions>
   </trkpt>
   <trkpt lat="25.2032297" lon="121.6813070">
    <ele>16</ele>
    <time>2026-03-14T23:07:01Z</time>
    <extensions>
     <gpxdata:hr>152</gpxdata:hr>
     <gpxdata:distance>4069.00</gpxdata:distance>
     <gpxdata:cadence>96</gpxdata:cadence>
     <gpxdata:speed>4.053</gpxdata:speed>
    </extensions>
   </trkpt>
   <trkpt lat="25.2032039" lon="121.6812797">
    <ele>16</ele>
    <time>2026-03-14T23:07:02Z</time>
    <extensions>
     <gpxdata:hr>151</gpxdata:hr>
     <gpxdata:distance>4073.00</gpxdata:distance>
     <gpxdata:cadence>95</gpxdata:cadence>
     <gpxdata:speed>4.047</gpxdata:speed>
    </extensions>
   </trkpt>
   <trkpt lat="25.2031789" lon="121.6812511">
    <ele>16</ele>
    <time>2026-03-14T23:07:03Z</time>
    <extensions>
     <gpxdata:hr>151</gpxdata:hr>
     <gpxdata:distance>4077.00</gpxdata:distance>
     <gpxdata:cadence>95</gpxdata:cadence>
     <gpxdata:speed>4.042</gpxdata:speed>
    </extensions>
   </trkpt>
   <trkpt lat="25.2031539" lon="121.6812226">
    <ele>16</ele>
    <time>2026-03-14T23:07:04Z</time>
    <extensions>
     <gpxdata:hr>151</gpxdata:hr>
     <gpxdata:distance>4081.00</gpxdata:distance>
     <gpxdata:cadence>94</gpxdata:cadence>
     <gpxdata:speed>4.039</gpxdata:speed>
    </extensions>
   </trkpt>
   <trkpt lat="25.2031298" lon="121.6811933">
    <ele>16</ele>
    <time>2026-03-14T23:07:05Z</time>
    <extensions>
     <gpxdata:hr>151</gpxdata:hr>
     <gpxdata:distance>4085.00</gpxdata:distance>
     <gpxdata:cadence>94</gpxdata:cadence>
     <gpxdata:speed>4.036</gpxdata:speed>
    </extensions>
   </trkpt>
   <trkpt lat="25.2031057" lon="121.6811640">
    <ele>16</ele>
    <time>2026-03-14T23:07:06Z</time>
    <extensions>
     <gpxdata:hr>151</gpxdata:hr>
     <gpxdata:distance>4089.00</gpxdata:distance>
     <gpxdata:cadence>94</gpxdata:cadence>
     <gpxdata:speed>4.033</gpxdata:speed>
    </extensions>
   </trkpt>
   <trkpt lat="25.2030821" lon="121.6811348">
    <ele>16</ele>
    <time>2026-03-14T23:07:07Z</time>
    <extensions>
     <gpxdata:hr>151</gpxdata:hr>
     <gpxdata:distance>4093.00</gpxdata:distance>
     <gpxdata:cadence>94</gpxdata:cadence>
     <gpxdata:speed>4.031</gpxdata:speed>
    </extensions>
   </trkpt>
   <trkpt lat="25.2030585" lon="121.6811057">
    <ele>16</ele>
    <time>2026-03-14T23:07:08Z</time>
    <extensions>
     <gpxdata:hr>151</gpxdata:hr>
     <gpxdata:distance>4097.00</gpxdata:distance>
     <gpxdata:cadence>94</gpxdata:cadence>
     <gpxdata:speed>4.028</gpxdata:speed>
    </extensions>
   </trkpt>
   <trkpt lat="25.2030355" lon="121.6810764">
    <ele>16</ele>
    <time>2026-03-14T23:07:09Z</time>
    <extensions>
     <gpxdata:hr>151</gpxdata:hr>
     <gpxdata:distance>4101.00</gpxdata:distance>
     <gpxdata:cadence>94</gpxdata:cadence>
     <gpxdata:speed>4.025</gpxdata:speed>
    </extensions>
   </trkpt>
   <trkpt lat="25.2030125" lon="121.6810471">
    <ele>16</ele>
    <time>2026-03-14T23:07:10Z</time>
    <extensions>
     <gpxdata:hr>151</gpxdata:hr>
     <gpxdata:distance>4105.00</gpxdata:distance>
     <gpxdata:cadence>94</gpxdata:cadence>
     <gpxdata:speed>4.022</gpxdata:speed>
    </extensions>
   </trkpt>
   <trkpt lat="25.2029898" lon="121.6810173">
    <ele>16</ele>
    <time>2026-03-14T23:07:11Z</time>
    <extensions>
     <gpxdata:hr>152</gpxdata:hr>
     <gpxdata:distance>4109.00</gpxdata:distance>
     <gpxdata:cadence>94</gpxdata:cadence>
     <gpxdata:speed>4.019</gpxdata:speed>
    </extensions>
   </trkpt>
   <trkpt lat="25.2029672" lon="121.6809876">
    <ele>16</ele>
    <time>2026-03-14T23:07:12Z</time>
    <extensions>
     <gpxdata:hr>152</gpxdata:hr>
     <gpxdata:distance>4113.00</gpxdata:distance>
     <gpxdata:cadence>94</gpxdata:cadence>
     <gpxdata:speed>4.017</gpxdata:speed>
    </extensions>
   </trkpt>
   <trkpt lat="25.2029450" lon="121.6809578">
    <ele>16</ele>
    <time>2026-03-14T23:07:13Z</time>
    <extensions>
     <gpxdata:hr>152</gpxdata:hr>
     <gpxdata:distance>4117.00</gpxdata:distance>
     <gpxdata:cadence>94</gpxdata:cadence>
     <gpxdata:speed>4.014</gpxdata:speed>
    </extensions>
   </trkpt>
   <trkpt lat="25.2029229" lon="121.6809280">
    <ele>16</ele>
    <time>2026-03-14T23:07:14Z</time>
    <extensions>
     <gpxdata:hr>151</gpxdata:hr>
     <gpxdata:distance>4120.50</gpxdata:distance>
     <gpxdata:cadence>94</gpxdata:cadence>
     <gpxdata:speed>4.011</gpxdata:speed>
    </extensions>
   </trkpt>
   <trkpt lat="25.2029010" lon="121.6808985">
    <ele>16</ele>
    <time>2026-03-14T23:07:15Z</time>
    <extensions>
     <gpxdata:hr>152</gpxdata:hr>
     <gpxdata:distance>4124.00</gpxdata:distance>
     <gpxdata:cadence>94</gpxdata:cadence>
     <gpxdata:speed>4.008</gpxdata:speed>
    </extensions>
   </trkpt>
   <trkpt lat="25.2028792" lon="121.6808690">
    <ele>16</ele>
    <time>2026-03-14T23:07:16Z</time>
    <extensions>
     <gpxdata:hr>152</gpxdata:hr>
     <gpxdata:distance>4128.00</gpxdata:distance>
     <gpxdata:cadence>94</gpxdata:cadence>
     <gpxdata:speed>4.003</gpxdata:speed>
    </extensions>
   </trkpt>
   <trkpt lat="25.2028575" lon="121.6808396">
    <ele>16</ele>
    <time>2026-03-14T23:07:17Z</time>
    <extensions>
     <gpxdata:hr>152</gpxdata:hr>
     <gpxdata:distance>4132.00</gpxdata:distance>
     <gpxdata:cadence>94</gpxdata:cadence>
     <gpxdata:speed>4.000</gpxdata:speed>
    </extensions>
   </trkpt>
   <trkpt lat="25.2028359" lon="121.6808103">
    <ele>16</ele>
    <time>2026-03-14T23:07:18Z</time>
    <extensions>
     <gpxdata:hr>152</gpxdata:hr>
     <gpxdata:distance>4136.00</gpxdata:distance>
     <gpxdata:cadence>94</gpxdata:cadence>
     <gpxdata:speed>3.997</gpxdata:speed>
    </extensions>
   </trkpt>
   <trkpt lat="25.2028146" lon="121.6807806">
    <ele>16</ele>
    <time>2026-03-14T23:07:19Z</time>
    <extensions>
     <gpxdata:hr>152</gpxdata:hr>
     <gpxdata:distance>4140.00</gpxdata:distance>
     <gpxdata:cadence>94</gpxdata:cadence>
     <gpxdata:speed>3.994</gpxdata:speed>
    </extensions>
   </trkpt>
   <trkpt lat="25.2027934" lon="121.6807509">
    <ele>16</ele>
    <time>2026-03-14T23:07:20Z</time>
    <extensions>
     <gpxdata:hr>152</gpxdata:hr>
     <gpxdata:distance>4143.50</gpxdata:distance>
     <gpxdata:cadence>94</gpxdata:cadence>
     <gpxdata:speed>3.989</gpxdata:speed>
    </extensions>
   </trkpt>
   <trkpt lat="25.2027725" lon="121.6807207">
    <ele>16</ele>
    <time>2026-03-14T23:07:21Z</time>
    <extensions>
     <gpxdata:hr>152</gpxdata:hr>
     <gpxdata:distance>4147.00</gpxdata:distance>
     <gpxdata:cadence>94</gpxdata:cadence>
     <gpxdata:speed>3.986</gpxdata:speed>
    </extensions>
   </trkpt>
   <trkpt lat="25.2027516" lon="121.6806906">
    <ele>16</ele>
    <time>2026-03-14T23:07:22Z</time>
    <extensions>
     <gpxdata:hr>152</gpxdata:hr>
     <gpxdata:distance>4151.00</gpxdata:distance>
     <gpxdata:cadence>94</gpxdata:cadence>
     <gpxdata:speed>3.981</gpxdata:speed>
    </extensions>
   </trkpt>
   <trkpt lat="25.2027305" lon="121.6806598">
    <ele>16</ele>
    <time>2026-03-14T23:07:23Z</time>
    <extensions>
     <gpxdata:hr>152</gpxdata:hr>
     <gpxdata:distance>4155.00</gpxdata:distance>
     <gpxdata:cadence>94</gpxdata:cadence>
     <gpxdata:speed>3.978</gpxdata:speed>
    </extensions>
   </trkpt>
   <trkpt lat="25.2027094" lon="121.6806290">
    <ele>16</ele>
    <time>2026-03-14T23:07:24Z</time>
    <extensions>
     <gpxdata:hr>152</gpxdata:hr>
     <gpxdata:distance>4159.00</gpxdata:distance>
     <gpxdata:cadence>94</gpxdata:cadence>
     <gpxdata:speed>3.975</gpxdata:speed>
    </extensions>
   </trkpt>
   <trkpt lat="25.2026878" lon="121.6805975">
    <ele>16</ele>
    <time>2026-03-14T23:07:25Z</time>
    <extensions>
     <gpxdata:hr>152</gpxdata:hr>
     <gpxdata:distance>4163.00</gpxdata:distance>
     <gpxdata:cadence>94</gpxdata:cadence>
     <gpxdata:speed>3.972</gpxdata:speed>
    </extensions>
   </trkpt>
   <trkpt lat="25.2026663" lon="121.6805660">
    <ele>16</ele>
    <time>2026-03-14T23:07:26Z</time>
    <extensions>
     <gpxdata:hr>152</gpxdata:hr>
     <gpxdata:distance>4167.00</gpxdata:distance>
     <gpxdata:cadence>94</gpxdata:cadence>
     <gpxdata:speed>3.972</gpxdata:speed>
    </extensions>
   </trkpt>
   <trkpt lat="25.2026442" lon="121.6805345">
    <ele>16</ele>
    <time>2026-03-14T23:07:27Z</time>
    <extensions>
     <gpxdata:hr>152</gpxdata:hr>
     <gpxdata:distance>4171.00</gpxdata:distance>
     <gpxdata:cadence>94</gpxdata:cadence>
     <gpxdata:speed>3.972</gpxdata:speed>
    </extensions>
   </trkpt>
   <trkpt lat="25.2026221" lon="121.6805031">
    <ele>16</ele>
    <time>2026-03-14T23:07:28Z</time>
    <extensions>
     <gpxdata:hr>152</gpxdata:hr>
     <gpxdata:distance>4175.00</gpxdata:distance>
     <gpxdata:cadence>94</gpxdata:cadence>
     <gpxdata:speed>3.967</gpxdata:speed>
    </extensions>
   </trkpt>
   <trkpt lat="25.2025991" lon="121.6804726">
    <ele>16</ele>
    <time>2026-03-14T23:07:29Z</time>
    <extensions>
     <gpxdata:hr>152</gpxdata:hr>
     <gpxdata:distance>4179.00</gpxdata:distance>
     <gpxdata:cadence>94</gpxdata:cadence>
     <gpxdata:speed>3.961</gpxdata:speed>
    </extensions>
   </trkpt>
   <trkpt lat="25.2025761" lon="121.6804421">
    <ele>16</ele>
    <time>2026-03-14T23:07:30Z</time>
    <extensions>
     <gpxdata:hr>151</gpxdata:hr>
     <gpxdata:distance>4183.00</gpxdata:distance>
     <gpxdata:cadence>94</gpxdata:cadence>
     <gpxdata:speed>3.958</gpxdata:speed>
    </extensions>
   </trkpt>
   <trkpt lat="25.2025527" lon="121.6804126">
    <ele>16</ele>
    <time>2026-03-14T23:07:31Z</time>
    <extensions>
     <gpxdata:hr>151</gpxdata:hr>
     <gpxdata:distance>4187.00</gpxdata:distance>
     <gpxdata:cadence>94</gpxdata:cadence>
     <gpxdata:speed>3.958</gpxdata:speed>
    </extensions>
   </trkpt>
   <trkpt lat="25.2025293" lon="121.6803831">
    <ele>16</ele>
    <time>2026-03-14T23:07:32Z</time>
    <extensions>
     <gpxdata:hr>151</gpxdata:hr>
     <gpxdata:distance>4191.00</gpxdata:distance>
     <gpxdata:cadence>94</gpxdata:cadence>
     <gpxdata:speed>3.958</gpxdata:speed>
    </extensions>
   </trkpt>
   <trkpt lat="25.2025056" lon="121.6803541">
    <ele>16</ele>
    <time>2026-03-14T23:07:33Z</time>
    <extensions>
     <gpxdata:hr>151</gpxdata:hr>
     <gpxdata:distance>4195.00</gpxdata:distance>
     <gpxdata:cadence>94</gpxdata:cadence>
     <gpxdata:speed>3.961</gpxdata:speed>
    </extensions>
   </trkpt>
   <trkpt lat="25.2024819" lon="121.6803252">
    <ele>16</ele>
    <time>2026-03-14T23:07:34Z</time>
    <extensions>
     <gpxdata:hr>151</gpxdata:hr>
     <gpxdata:distance>4199.00</gpxdata:distance>
     <gpxdata:cadence>94</gpxdata:cadence>
     <gpxdata:speed>3.961</gpxdata:speed>
    </extensions>
   </trkpt>
   <trkpt lat="25.2024579" lon="121.6802961">
    <ele>16</ele>
    <time>2026-03-14T23:07:35Z</time>
    <extensions>
     <gpxdata:hr>151</gpxdata:hr>
     <gpxdata:distance>4203.00</gpxdata:distance>
     <gpxdata:cadence>94</gpxdata:cadence>
     <gpxdata:speed>3.961</gpxdata:speed>
    </extensions>
   </trkpt>
   <trkpt lat="25.2024339" lon="121.6802670">
    <ele>16</ele>
    <time>2026-03-14T23:07:36Z</time>
    <extensions>
     <gpxdata:hr>151</gpxdata:hr>
     <gpxdata:distance>4207.00</gpxdata:distance>
     <gpxdata:cadence>94</gpxdata:cadence>
     <gpxdata:speed>3.961</gpxdata:speed>
    </extensions>
   </trkpt>
   <trkpt lat="25.2024097" lon="121.6802379">
    <ele>16</ele>
    <time>2026-03-14T23:07:37Z</time>
    <extensions>
     <gpxdata:hr>151</gpxdata:hr>
     <gpxdata:distance>4211.00</gpxdata:distance>
     <gpxdata:cadence>95</gpxdata:cadence>
     <gpxdata:speed>3.964</gpxdata:speed>
    </extensions>
   </trkpt>
   <trkpt lat="25.2023855" lon="121.6802088">
    <ele>16</ele>
    <time>2026-03-14T23:07:38Z</time>
    <extensions>
     <gpxdata:hr>152</gpxdata:hr>
     <gpxdata:distance>4215.00</gpxdata:distance>
     <gpxdata:cadence>95</gpxdata:cadence>
     <gpxdata:speed>3.964</gpxdata:speed>
    </extensions>
   </trkpt>
   <trkpt lat="25.2023612" lon="121.6801796">
    <ele>16</ele>
    <time>2026-03-14T23:07:39Z</time>
    <extensions>
     <gpxdata:hr>152</gpxdata:hr>
     <gpxdata:distance>4219.00</gpxdata:distance>
     <gpxdata:cadence>95</gpxdata:cadence>
     <gpxdata:speed>3.964</gpxdata:speed>
    </extensions>
   </trkpt>
   <trkpt lat="25.2023370" lon="121.6801505">
    <ele>16</ele>
    <time>2026-03-14T23:07:40Z</time>
    <extensions>
     <gpxdata:hr>152</gpxdata:hr>
     <gpxdata:distance>4223.00</gpxdata:distance>
     <gpxdata:cadence>95</gpxdata:cadence>
     <gpxdata:speed>3.964</gpxdata:speed>
    </extensions>
   </trkpt>
   <trkpt lat="25.2023130" lon="121.6801212">
    <ele>16</ele>
    <time>2026-03-14T23:07:41Z</time>
    <extensions>
     <gpxdata:hr>152</gpxdata:hr>
     <gpxdata:distance>4227.00</gpxdata:distance>
     <gpxdata:cadence>95</gpxdata:cadence>
     <gpxdata:speed>3.964</gpxdata:speed>
    </extensions>
   </trkpt>
   <trkpt lat="25.2022890" lon="121.6800920">
    <ele>16</ele>
    <time>2026-03-14T23:07:42Z</time>
    <extensions>
     <gpxdata:hr>152</gpxdata:hr>
     <gpxdata:distance>4231.00</gpxdata:distance>
     <gpxdata:cadence>95</gpxdata:cadence>
     <gpxdata:speed>3.964</gpxdata:speed>
    </extensions>
   </trkpt>
   <trkpt lat="25.2022650" lon="121.6800629">
    <ele>16</ele>
    <time>2026-03-14T23:07:43Z</time>
    <extensions>
     <gpxdata:hr>152</gpxdata:hr>
     <gpxdata:distance>4235.00</gpxdata:distance>
     <gpxdata:cadence>95</gpxdata:cadence>
     <gpxdata:speed>3.964</gpxdata:speed>
    </extensions>
   </trkpt>
   <trkpt lat="25.2022411" lon="121.6800338">
    <ele>16</ele>
    <time>2026-03-14T23:07:44Z</time>
    <extensions>
     <gpxdata:hr>152</gpxdata:hr>
     <gpxdata:distance>4239.00</gpxdata:distance>
     <gpxdata:cadence>94</gpxdata:cadence>
     <gpxdata:speed>3.964</gpxdata:speed>
    </extensions>
   </trkpt>
   <trkpt lat="25.2022172" lon="121.6800044">
    <ele>16</ele>
    <time>2026-03-14T23:07:45Z</time>
    <extensions>
     <gpxdata:hr>152</gpxdata:hr>
     <gpxdata:distance>4243.00</gpxdata:distance>
     <gpxdata:cadence>94</gpxdata:cadence>
     <gpxdata:speed>3.964</gpxdata:speed>
    </extensions>
   </trkpt>
   <trkpt lat="25.2021934" lon="121.6799750">
    <ele>16</ele>
    <time>2026-03-14T23:07:46Z</time>
    <extensions>
     <gpxdata:hr>152</gpxdata:hr>
     <gpxdata:distance>4246.50</gpxdata:distance>
     <gpxdata:cadence>94</gpxdata:cadence>
     <gpxdata:speed>3.964</gpxdata:speed>
    </extensions>
   </trkpt>
   <trkpt lat="25.2021703" lon="121.6799451">
    <ele>16</ele>
    <time>2026-03-14T23:07:47Z</time>
    <extensions>
     <gpxdata:hr>152</gpxdata:hr>
     <gpxdata:distance>4250.00</gpxdata:distance>
     <gpxdata:cadence>94</gpxdata:cadence>
     <gpxdata:speed>3.967</gpxdata:speed>
    </extensions>
   </trkpt>
   <trkpt lat="25.2021473" lon="121.6799153">
    <ele>16</ele>
    <time>2026-03-14T23:07:48Z</time>
    <extensions>
     <gpxdata:hr>152</gpxdata:hr>
     <gpxdata:distance>4254.00</gpxdata:distance>
     <gpxdata:cadence>94</gpxdata:cadence>
     <gpxdata:speed>3.967</gpxdata:speed>
    </extensions>
   </trkpt>
   <trkpt lat="25.2021255" lon="121.6798844">
    <ele>16</ele>
    <time>2026-03-14T23:07:49Z</time>
    <extensions>
     <gpxdata:hr>152</gpxdata:hr>
     <gpxdata:distance>4258.00</gpxdata:distance>
     <gpxdata:cadence>94</gpxdata:cadence>
     <gpxdata:speed>3.967</gpxdata:speed>
    </extensions>
   </trkpt>
   <trkpt lat="25.2021038" lon="121.6798536">
    <ele>16</ele>
    <time>2026-03-14T23:07:50Z</time>
    <extensions>
     <gpxdata:hr>152</gpxdata:hr>
     <gpxdata:distance>4262.00</gpxdata:distance>
     <gpxdata:cadence>94</gpxdata:cadence>
     <gpxdata:speed>3.967</gpxdata:speed>
    </extensions>
   </trkpt>
   <trkpt lat="25.2020821" lon="121.6798228">
    <ele>16</ele>
    <time>2026-03-14T23:07:51Z</time>
    <extensions>
     <gpxdata:hr>152</gpxdata:hr>
     <gpxdata:distance>4266.00</gpxdata:distance>
     <gpxdata:cadence>94</gpxdata:cadence>
     <gpxdata:speed>3.967</gpxdata:speed>
    </extensions>
   </trkpt>
   <trkpt lat="25.2020605" lon="121.6797921">
    <ele>16</ele>
    <time>2026-03-14T23:07:52Z</time>
    <extensions>
     <gpxdata:hr>152</gpxdata:hr>
     <gpxdata:distance>4270.00</gpxdata:distance>
     <gpxdata:cadence>94</gpxdata:cadence>
     <gpxdata:speed>3.964</gpxdata:speed>
    </extensions>
   </trkpt>
   <trkpt lat="25.2020386" lon="121.6797614">
    <ele>16</ele>
    <time>2026-03-14T23:07:53Z</time>
    <extensions>
     <gpxdata:hr>152</gpxdata:hr>
     <gpxdata:distance>4274.00</gpxdata:distance>
     <gpxdata:cadence>94</gpxdata:cadence>
     <gpxdata:speed>3.964</gpxdata:speed>
    </extensions>
   </trkpt>
   <trkpt lat="25.2020168" lon="121.6797307">
    <ele>16</ele>
    <time>2026-03-14T23:07:54Z</time>
    <extensions>
     <gpxdata:hr>152</gpxdata:hr>
     <gpxdata:distance>4278.00</gpxdata:distance>
     <gpxdata:cadence>94</gpxdata:cadence>
     <gpxdata:speed>3.961</gpxdata:speed>
    </extensions>
   </trkpt>
   <trkpt lat="25.2019953" lon="121.6796997">
    <ele>16</ele>
    <time>2026-03-14T23:07:55Z</time>
    <extensions>
     <gpxdata:hr>152</gpxdata:hr>
     <gpxdata:distance>4282.00</gpxdata:distance>
     <gpxdata:cadence>94</gpxdata:cadence>
     <gpxdata:speed>3.961</gpxdata:speed>
    </extensions>
   </trkpt>
   <trkpt lat="25.2019738" lon="121.6796688">
    <ele>16</ele>
    <time>2026-03-14T23:07:56Z</time>
    <extensions>
     <gpxdata:hr>152</gpxdata:hr>
     <gpxdata:distance>4286.00</gpxdata:distance>
     <gpxdata:cadence>94</gpxdata:cadence>
     <gpxdata:speed>3.961</gpxdata:speed>
    </extensions>
   </trkpt>
   <trkpt lat="25.2019523" lon="121.6796374">
    <ele>16</ele>
    <time>2026-03-14T23:07:57Z</time>
    <extensions>
     <gpxdata:hr>152</gpxdata:hr>
     <gpxdata:distance>4290.00</gpxdata:distance>
     <gpxdata:cadence>94</gpxdata:cadence>
     <gpxdata:speed>3.961</gpxdata:speed>
    </extensions>
   </trkpt>
   <trkpt lat="25.2019309" lon="121.6796061">
    <ele>16</ele>
    <time>2026-03-14T23:07:58Z</time>
    <extensions>
     <gpxdata:hr>152</gpxdata:hr>
     <gpxdata:distance>4294.00</gpxdata:distance>
     <gpxdata:cadence>94</gpxdata:cadence>
     <gpxdata:speed>3.961</gpxdata:speed>
    </extensions>
   </trkpt>
   <trkpt lat="25.2019089" lon="121.6795752">
    <ele>16</ele>
    <time>2026-03-14T23:07:59Z</time>
    <extensions>
     <gpxdata:hr>152</gpxdata:hr>
     <gpxdata:distance>4298.00</gpxdata:distance>
     <gpxdata:cadence>94</gpxdata:cadence>
     <gpxdata:speed>3.961</gpxdata:speed>
    </extensions>
   </trkpt>
   <trkpt lat="25.2018869" lon="121.6795443">
    <ele>17</ele>
    <time>2026-03-14T23:08:00Z</time>
    <extensions>
     <gpxdata:hr>152</gpxdata:hr>
     <gpxdata:distance>4301.50</gpxdata:distance>
     <gpxdata:cadence>94</gpxdata:cadence>
     <gpxdata:speed>3.961</gpxdata:speed>
    </extensions>
   </trkpt>
   <trkpt lat="25.2018649" lon="121.6795141">
    <ele>17</ele>
    <time>2026-03-14T23:08:01Z</time>
    <extensions>
     <gpxdata:hr>152</gpxdata:hr>
     <gpxdata:distance>4305.00</gpxdata:distance>
     <gpxdata:cadence>94</gpxdata:cadence>
     <gpxdata:speed>3.961</gpxdata:speed>
    </extensions>
   </trkpt>
   <trkpt lat="25.2018429" lon="121.6794840">
    <ele>17</ele>
    <time>2026-03-14T23:08:02Z</time>
    <extensions>
     <gpxdata:hr>152</gpxdata:hr>
     <gpxdata:distance>4309.00</gpxdata:distance>
     <gpxdata:cadence>94</gpxdata:cadence>
     <gpxdata:speed>3.958</gpxdata:speed>
    </extensions>
   </trkpt>
   <trkpt lat="25.2018211" lon="121.6794544">
    <ele>17</ele>
    <time>2026-03-14T23:08:03Z</time>
    <extensions>
     <gpxdata:hr>152</gpxdata:hr>
     <gpxdata:distance>4313.00</gpxdata:distance>
     <gpxdata:cadence>94</gpxdata:cadence>
     <gpxdata:speed>3.958</gpxdata:speed>
    </extensions>
   </trkpt>
   <trkpt lat="25.2017994" lon="121.6794248">
    <ele>17</ele>
    <time>2026-03-14T23:08:04Z</time>
    <extensions>
     <gpxdata:hr>152</gpxdata:hr>
     <gpxdata:distance>4317.00</gpxdata:distance>
     <gpxdata:cadence>94</gpxdata:cadence>
     <gpxdata:speed>3.958</gpxdata:speed>
    </extensions>
   </trkpt>
   <trkpt lat="25.2017770" lon="121.6793955">
    <ele>17</ele>
    <time>2026-03-14T23:08:05Z</time>
    <extensions>
     <gpxdata:hr>152</gpxdata:hr>
     <gpxdata:distance>4321.00</gpxdata:distance>
     <gpxdata:cadence>94</gpxdata:cadence>
     <gpxdata:speed>3.958</gpxdata:speed>
    </extensions>
   </trkpt>
   <trkpt lat="25.2017546" lon="121.6793663">
    <ele>17</ele>
    <time>2026-03-14T23:08:06Z</time>
    <extensions>
     <gpxdata:hr>152</gpxdata:hr>
     <gpxdata:distance>4325.00</gpxdata:distance>
     <gpxdata:cadence>94</gpxdata:cadence>
     <gpxdata:speed>3.958</gpxdata:speed>
    </extensions>
   </trkpt>
   <trkpt lat="25.2017318" lon="121.6793369">
    <ele>17</ele>
    <time>2026-03-14T23:08:07Z</time>
    <extensions>
     <gpxdata:hr>152</gpxdata:hr>
     <gpxdata:distance>4329.00</gpxdata:distance>
     <gpxdata:cadence>94</gpxdata:cadence>
     <gpxdata:speed>3.958</gpxdata:speed>
    </extensions>
   </trkpt>
   <trkpt lat="25.2017090" lon="121.6793075">
    <ele>17</ele>
    <time>2026-03-14T23:08:08Z</time>
    <extensions>
     <gpxdata:hr>152</gpxdata:hr>
     <gpxdata:distance>4333.00</gpxdata:distance>
     <gpxdata:cadence>94</gpxdata:cadence>
     <gpxdata:speed>3.958</gpxdata:speed>
    </extensions>
   </trkpt>
   <trkpt lat="25.2016864" lon="121.6792777">
    <ele>17</ele>
    <time>2026-03-14T23:08:09Z</time>
    <extensions>
     <gpxdata:hr>152</gpxdata:hr>
     <gpxdata:distance>4337.00</gpxdata:distance>
     <gpxdata:cadence>94</gpxdata:cadence>
     <gpxdata:speed>3.958</gpxdata:speed>
    </extensions>
   </trkpt>
   <trkpt lat="25.2016639" lon="121.6792480">
    <ele>17</ele>
    <time>2026-03-14T23:08:10Z</time>
    <extensions>
     <gpxdata:hr>152</gpxdata:hr>
     <gpxdata:distance>4340.50</gpxdata:distance>
     <gpxdata:cadence>94</gpxdata:cadence>
     <gpxdata:speed>3.956</gpxdata:speed>
    </extensions>
   </trkpt>
   <trkpt lat="25.2016419" lon="121.6792176">
    <ele>17</ele>
    <time>2026-03-14T23:08:11Z</time>
    <extensions>
     <gpxdata:hr>152</gpxdata:hr>
     <gpxdata:distance>4344.00</gpxdata:distance>
     <gpxdata:cadence>94</gpxdata:cadence>
     <gpxdata:speed>3.956</gpxdata:speed>
    </extensions>
   </trkpt>
   <trkpt lat="25.2016200" lon="121.6791873">
    <ele>17</ele>
    <time>2026-03-14T23:08:12Z</time>
    <extensions>
     <gpxdata:hr>152</gpxdata:hr>
     <gpxdata:distance>4348.00</gpxdata:distance>
     <gpxdata:cadence>94</gpxdata:cadence>
     <gpxdata:speed>3.956</gpxdata:speed>
    </extensions>
   </trkpt>
   <trkpt lat="25.2015987" lon="121.6791557">
    <ele>17</ele>
    <time>2026-03-14T23:08:13Z</time>
    <extensions>
     <gpxdata:hr>152</gpxdata:hr>
     <gpxdata:distance>4352.00</gpxdata:distance>
     <gpxdata:cadence>94</gpxdata:cadence>
     <gpxdata:speed>3.956</gpxdata:speed>
    </extensions>
   </trkpt>
   <trkpt lat="25.2015774" lon="121.6791242">
    <ele>17</ele>
    <time>2026-03-14T23:08:14Z</time>
    <extensions>
     <gpxdata:hr>152</gpxdata:hr>
     <gpxdata:distance>4356.00</gpxdata:distance>
     <gpxdata:cadence>94</gpxdata:cadence>
     <gpxdata:speed>3.956</gpxdata:speed>
    </extensions>
   </trkpt>
   <trkpt lat="25.2015573" lon="121.6790910">
    <ele>17</ele>
    <time>2026-03-14T23:08:15Z</time>
    <extensions>
     <gpxdata:hr>152</gpxdata:hr>
     <gpxdata:distance>4360.00</gpxdata:distance>
     <gpxdata:cadence>94</gpxdata:cadence>
     <gpxdata:speed>3.956</gpxdata:speed>
    </extensions>
   </trkpt>
   <trkpt lat="25.2015372" lon="121.6790579">
    <ele>16</ele>
    <time>2026-03-14T23:08:16Z</time>
    <extensions>
     <gpxdata:hr>152</gpxdata:hr>
     <gpxdata:distance>4364.00</gpxdata:distance>
     <gpxdata:cadence>94</gpxdata:cadence>
     <gpxdata:speed>3.956</gpxdata:speed>
    </extensions>
   </trkpt>
   <trkpt lat="25.2015187" lon="121.6790239">
    <ele>16</ele>
    <time>2026-03-14T23:08:17Z</time>
    <extensions>
     <gpxdata:hr>152</gpxdata:hr>
     <gpxdata:distance>4368.00</gpxdata:distance>
     <gpxdata:cadence>94</gpxdata:cadence>
     <gpxdata:speed>3.956</gpxdata:speed>
    </extensions>
   </trkpt>
   <trkpt lat="25.2015002" lon="121.6789900">
    <ele>16</ele>
    <time>2026-03-14T23:08:18Z</time>
    <extensions>
     <gpxdata:hr>152</gpxdata:hr>
     <gpxdata:distance>4372.00</gpxdata:distance>
     <gpxdata:cadence>94</gpxdata:cadence>
     <gpxdata:speed>3.956</gpxdata:speed>
    </extensions>
   </trkpt>
   <trkpt lat="25.2014832" lon="121.6789557">
    <ele>16</ele>
    <time>2026-03-14T23:08:19Z</time>
    <extensions>
     <gpxdata:hr>152</gpxdata:hr>
     <gpxdata:distance>4376.00</gpxdata:distance>
     <gpxdata:cadence>94</gpxdata:cadence>
     <gpxdata:speed>3.956</gpxdata:speed>
    </extensions>
   </trkpt>
   <trkpt lat="25.2014662" lon="121.6789215">
    <ele>16</ele>
    <time>2026-03-14T23:08:20Z</time>
    <extensions>
     <gpxdata:hr>152</gpxdata:hr>
     <gpxdata:distance>4380.00</gpxdata:distance>
     <gpxdata:cadence>94</gpxdata:cadence>
     <gpxdata:speed>3.956</gpxdata:speed>
    </extensions>
   </trkpt>
   <trkpt lat="25.2014495" lon="121.6788874">
    <ele>16</ele>
    <time>2026-03-14T23:08:21Z</time>
    <extensions>
     <gpxdata:hr>152</gpxdata:hr>
     <gpxdata:distance>4384.00</gpxdata:distance>
     <gpxdata:cadence>95</gpxdata:cadence>
     <gpxdata:speed>3.956</gpxdata:speed>
    </extensions>
   </trkpt>
   <trkpt lat="25.2014329" lon="121.6788534">
    <ele>16</ele>
    <time>2026-03-14T23:08:22Z</time>
    <extensions>
     <gpxdata:hr>152</gpxdata:hr>
     <gpxdata:distance>4388.00</gpxdata:distance>
     <gpxdata:cadence>95</gpxdata:cadence>
     <gpxdata:speed>3.953</gpxdata:speed>
    </extensions>
   </trkpt>
   <trkpt lat="25.2014161" lon="121.6788197">
    <ele>16</ele>
    <time>2026-03-14T23:08:23Z</time>
    <extensions>
     <gpxdata:hr>152</gpxdata:hr>
     <gpxdata:distance>4392.00</gpxdata:distance>
     <gpxdata:cadence>95</gpxdata:cadence>
     <gpxdata:speed>3.953</gpxdata:speed>
    </extensions>
   </trkpt>
   <trkpt lat="25.2013993" lon="121.6787861">
    <ele>16</ele>
    <time>2026-03-14T23:08:24Z</time>
    <extensions>
     <gpxdata:hr>152</gpxdata:hr>
     <gpxdata:distance>4395.50</gpxdata:distance>
     <gpxdata:cadence>95</gpxdata:cadence>
     <gpxdata:speed>3.950</gpxdata:speed>
    </extensions>
   </trkpt>
   <trkpt lat="25.2013824" lon="121.6787524">
    <ele>16</ele>
    <time>2026-03-14T23:08:25Z</time>
    <extensions>
     <gpxdata:hr>152</gpxdata:hr>
     <gpxdata:distance>4399.00</gpxdata:distance>
     <gpxdata:cadence>95</gpxdata:cadence>
     <gpxdata:speed>3.950</gpxdata:speed>
    </extensions>
   </trkpt>
   <trkpt lat="25.2013656" lon="121.6787187">
    <ele>16</ele>
    <time>2026-03-14T23:08:26Z</time>
    <extensions>
     <gpxdata:hr>152</gpxdata:hr>
     <gpxdata:distance>4403.00</gpxdata:distance>
     <gpxdata:cadence>95</gpxdata:cadence>
     <gpxdata:speed>3.947</gpxdata:speed>
    </extensions>
   </trkpt>
   <trkpt lat="25.2013494" lon="121.6786848">
    <ele>16</ele>
    <time>2026-03-14T23:08:27Z</time>
    <extensions>
     <gpxdata:hr>152</gpxdata:hr>
     <gpxdata:distance>4407.00</gpxdata:distance>
     <gpxdata:cadence>94</gpxdata:cadence>
     <gpxdata:speed>3.944</gpxdata:speed>
    </extensions>
   </trkpt>
   <trkpt lat="25.2013332" lon="121.6786510">
    <ele>16</ele>
    <time>2026-03-14T23:08:28Z</time>
    <extensions>
     <gpxdata:hr>152</gpxdata:hr>
     <gpxdata:distance>4411.00</gpxdata:distance>
     <gpxdata:cadence>94</gpxdata:cadence>
     <gpxdata:speed>3.942</gpxdata:speed>
    </extensions>
   </trkpt>
   <trkpt lat="25.2013175" lon="121.6786170">
    <ele>16</ele>
    <time>2026-03-14T23:08:29Z</time>
    <extensions>
     <gpxdata:hr>152</gpxdata:hr>
     <gpxdata:distance>4415.00</gpxdata:distance>
     <gpxdata:cadence>94</gpxdata:cadence>
     <gpxdata:speed>3.939</gpxdata:speed>
    </extensions>
   </trkpt>
   <trkpt lat="25.2013018" lon="121.6785831">
    <ele>17</ele>
    <time>2026-03-14T23:08:30Z</time>
    <extensions>
     <gpxdata:hr>152</gpxdata:hr>
     <gpxdata:distance>4419.00</gpxdata:distance>
     <gpxdata:cadence>94</gpxdata:cadence>
     <gpxdata:speed>3.936</gpxdata:speed>
    </extensions>
   </trkpt>
   <trkpt lat="25.2012857" lon="121.6785491">
    <ele>17</ele>
    <time>2026-03-14T23:08:31Z</time>
    <extensions>
     <gpxdata:hr>152</gpxdata:hr>
     <gpxdata:distance>4423.00</gpxdata:distance>
     <gpxdata:cadence>94</gpxdata:cadence>
     <gpxdata:speed>3.933</gpxdata:speed>
    </extensions>
   </trkpt>
   <trkpt lat="25.2012697" lon="121.6785151">
    <ele>17</ele>
    <time>2026-03-14T23:08:32Z</time>
    <extensions>
     <gpxdata:hr>152</gpxdata:hr>
     <gpxdata:distance>4426.50</gpxdata:distance>
     <gpxdata:cadence>94</gpxdata:cadence>
     <gpxdata:speed>3.931</gpxdata:speed>
    </extensions>
   </trkpt>
   <trkpt lat="25.2012535" lon="121.6784813">
    <ele>17</ele>
    <time>2026-03-14T23:08:33Z</time>
    <extensions>
     <gpxdata:hr>152</gpxdata:hr>
     <gpxdata:distance>4430.00</gpxdata:distance>
     <gpxdata:cadence>94</gpxdata:cadence>
     <gpxdata:speed>3.931</gpxdata:speed>
    </extensions>
   </trkpt>
   <trkpt lat="25.2012373" lon="121.6784475">
    <ele>17</ele>
    <time>2026-03-14T23:08:34Z</time>
    <extensions>
     <gpxdata:hr>152</gpxdata:hr>
     <gpxdata:distance>4434.00</gpxdata:distance>
     <gpxdata:cadence>94</gpxdata:cadence>
     <gpxdata:speed>3.928</gpxdata:speed>
    </extensions>
   </trkpt>
   <trkpt lat="25.2012210" lon="121.6784147">
    <ele>17</ele>
    <time>2026-03-14T23:08:35Z</time>
    <extensions>
     <gpxdata:hr>152</gpxdata:hr>
     <gpxdata:distance>4438.00</gpxdata:distance>
     <gpxdata:cadence>94</gpxdata:cadence>
     <gpxdata:speed>3.928</gpxdata:speed>
    </extensions>
   </trkpt>
   <trkpt lat="25.2012048" lon="121.6783820">
    <ele>17</ele>
    <time>2026-03-14T23:08:36Z</time>
    <extensions>
     <gpxdata:hr>152</gpxdata:hr>
     <gpxdata:distance>4441.50</gpxdata:distance>
     <gpxdata:cadence>94</gpxdata:cadence>
     <gpxdata:speed>3.925</gpxdata:speed>
    </extensions>
   </trkpt>
   <trkpt lat="25.2011886" lon="121.6783493">
    <ele>17</ele>
    <time>2026-03-14T23:08:37Z</time>
    <extensions>
     <gpxdata:hr>152</gpxdata:hr>
     <gpxdata:distance>4445.00</gpxdata:distance>
     <gpxdata:cadence>94</gpxdata:cadence>
     <gpxdata:speed>3.925</gpxdata:speed>
    </extensions>
   </trkpt>
   <trkpt lat="25.2011725" lon="121.6783167">
    <ele>17</ele>
    <time>2026-03-14T23:08:38Z</time>
    <extensions>
     <gpxdata:hr>152</gpxdata:hr>
     <gpxdata:distance>4449.00</gpxdata:distance>
     <gpxdata:cadence>94</gpxdata:cadence>
     <gpxdata:speed>3.914</gpxdata:speed>
    </extensions>
   </trkpt>
   <trkpt lat="25.2011564" lon="121.6782839">
    <ele>17</ele>
    <time>2026-03-14T23:08:39Z</time>
    <extensions>
     <gpxdata:hr>152</gpxdata:hr>
     <gpxdata:distance>4453.00</gpxdata:distance>
     <gpxdata:cadence>94</gpxdata:cadence>
     <gpxdata:speed>3.903</gpxdata:speed>
    </extensions>
   </trkpt>
   <trkpt lat="25.2011404" lon="121.6782512">
    <ele>17</ele>
    <time>2026-03-14T23:08:40Z</time>
    <extensions>
     <gpxdata:hr>152</gpxdata:hr>
     <gpxdata:distance>4456.50</gpxdata:distance>
     <gpxdata:cadence>94</gpxdata:cadence>
     <gpxdata:speed>3.900</gpxdata:speed>
    </extensions>
   </trkpt>
   <trkpt lat="25.2011237" lon="121.6782183">
    <ele>17</ele>
    <time>2026-03-14T23:08:41Z</time>
    <extensions>
     <gpxdata:hr>152</gpxdata:hr>
     <gpxdata:distance>4460.00</gpxdata:distance>
     <gpxdata:cadence>94</gpxdata:cadence>
     <gpxdata:speed>3.897</gpxdata:speed>
    </extensions>
   </trkpt>
   <trkpt lat="25.2011070" lon="121.6781854">
    <ele>17</ele>
    <time>2026-03-14T23:08:42Z</time>
    <extensions>
     <gpxdata:hr>152</gpxdata:hr>
     <gpxdata:distance>4464.00</gpxdata:distance>
     <gpxdata:cadence>94</gpxdata:cadence>
     <gpxdata:speed>3.894</gpxdata:speed>
    </extensions>
   </trkpt>
   <trkpt lat="25.2010901" lon="121.6781525">
    <ele>17</ele>
    <time>2026-03-14T23:08:43Z</time>
    <extensions>
     <gpxdata:hr>152</gpxdata:hr>
     <gpxdata:distance>4468.00</gpxdata:distance>
     <gpxdata:cadence>94</gpxdata:cadence>
     <gpxdata:speed>3.894</gpxdata:speed>
    </extensions>
   </trkpt>
   <trkpt lat="25.2010733" lon="121.6781197">
    <ele>17</ele>
    <time>2026-03-14T23:08:44Z</time>
    <extensions>
     <gpxdata:hr>152</gpxdata:hr>
     <gpxdata:distance>4471.50</gpxdata:distance>
     <gpxdata:cadence>94</gpxdata:cadence>
     <gpxdata:speed>3.892</gpxdata:speed>
    </extensions>
   </trkpt>
   <trkpt lat="25.2010571" lon="121.6780868">
    <ele>17</ele>
    <time>2026-03-14T23:08:45Z</time>
    <extensions>
     <gpxdata:hr>152</gpxdata:hr>
     <gpxdata:distance>4475.00</gpxdata:distance>
     <gpxdata:cadence>94</gpxdata:cadence>
     <gpxdata:speed>3.892</gpxdata:speed>
    </extensions>
   </trkpt>
   <trkpt lat="25.2010409" lon="121.6780539">
    <ele>17</ele>
    <time>2026-03-14T23:08:46Z</time>
    <extensions>
     <gpxdata:hr>152</gpxdata:hr>
     <gpxdata:distance>4479.00</gpxdata:distance>
     <gpxdata:cadence>94</gpxdata:cadence>
     <gpxdata:speed>3.889</gpxdata:speed>
    </extensions>
   </trkpt>
   <trkpt lat="25.2010248" lon="121.6780208">
    <ele>17</ele>
    <time>2026-03-14T23:08:47Z</time>
    <extensions>
     <gpxdata:hr>152</gpxdata:hr>
     <gpxdata:distance>4483.00</gpxdata:distance>
     <gpxdata:cadence>94</gpxdata:cadence>
     <gpxdata:speed>3.889</gpxdata:speed>
    </extensions>
   </trkpt>
   <trkpt lat="25.2010088" lon="121.6779878">
    <ele>17</ele>
    <time>2026-03-14T23:08:48Z</time>
    <extensions>
     <gpxdata:hr>152</gpxdata:hr>
     <gpxdata:distance>4487.00</gpxdata:distance>
     <gpxdata:cadence>94</gpxdata:cadence>
     <gpxdata:speed>3.881</gpxdata:speed>
    </extensions>
   </trkpt>
   <trkpt lat="25.2009927" lon="121.6779544">
    <ele>17</ele>
    <time>2026-03-14T23:08:49Z</time>
    <extensions>
     <gpxdata:hr>152</gpxdata:hr>
     <gpxdata:distance>4491.00</gpxdata:distance>
     <gpxdata:cadence>94</gpxdata:cadence>
     <gpxdata:speed>3.875</gpxdata:speed>
    </extensions>
   </trkpt>
   <trkpt lat="25.2009767" lon="121.6779210">
    <ele>17</ele>
    <time>2026-03-14T23:08:50Z</time>
    <extensions>
     <gpxdata:hr>152</gpxdata:hr>
     <gpxdata:distance>4494.50</gpxdata:distance>
     <gpxdata:cadence>94</gpxdata:cadence>
     <gpxdata:speed>3.875</gpxdata:speed>
    </extensions>
   </trkpt>
   <trkpt lat="25.2009605" lon="121.6778876">
    <ele>17</ele>
    <time>2026-03-14T23:08:51Z</time>
    <extensions>
     <gpxdata:hr>152</gpxdata:hr>
     <gpxdata:distance>4498.00</gpxdata:distance>
     <gpxdata:cadence>94</gpxdata:cadence>
     <gpxdata:speed>3.875</gpxdata:speed>
    </extensions>
   </trkpt>
   <trkpt lat="25.2009443" lon="121.6778543">
    <ele>17</ele>
    <time>2026-03-14T23:08:52Z</time>
    <extensions>
     <gpxdata:hr>152</gpxdata:hr>
     <gpxdata:distance>4502.00</gpxdata:distance>
     <gpxdata:cadence>94</gpxdata:cadence>
     <gpxdata:speed>3.872</gpxdata:speed>
    </extensions>
   </trkpt>
   <trkpt lat="25.2009279" lon="121.6778217">
    <ele>17</ele>
    <time>2026-03-14T23:08:53Z</time>
    <extensions>
     <gpxdata:hr>152</gpxdata:hr>
     <gpxdata:distance>4506.00</gpxdata:distance>
     <gpxdata:cadence>94</gpxdata:cadence>
     <gpxdata:speed>3.872</gpxdata:speed>
    </extensions>
   </trkpt>
   <trkpt lat="25.2009116" lon="121.6777891">
    <ele>17</ele>
    <time>2026-03-14T23:08:54Z</time>
    <extensions>
     <gpxdata:hr>152</gpxdata:hr>
     <gpxdata:distance>4509.50</gpxdata:distance>
     <gpxdata:cadence>94</gpxdata:cadence>
     <gpxdata:speed>3.872</gpxdata:speed>
    </extensions>
   </trkpt>
   <trkpt lat="25.2008950" lon="121.6777568">
    <ele>17</ele>
    <time>2026-03-14T23:08:55Z</time>
    <extensions>
     <gpxdata:hr>152</gpxdata:hr>
     <gpxdata:distance>4513.00</gpxdata:distance>
     <gpxdata:cadence>94</gpxdata:cadence>
     <gpxdata:speed>3.872</gpxdata:speed>
    </extensions>
   </trkpt>
   <trkpt lat="25.2008785" lon="121.6777246">
    <ele>17</ele>
    <time>2026-03-14T23:08:56Z</time>
    <extensions>
     <gpxdata:hr>152</gpxdata:hr>
     <gpxdata:distance>4517.00</gpxdata:distance>
     <gpxdata:cadence>94</gpxdata:cadence>
     <gpxdata:speed>3.869</gpxdata:speed>
    </extensions>
   </trkpt>
   <trkpt lat="25.2008617" lon="121.6776921">
    <ele>17</ele>
    <time>2026-03-14T23:08:57Z</time>
    <extensions>
     <gpxdata:hr>152</gpxdata:hr>
     <gpxdata:distance>4521.00</gpxdata:distance>
     <gpxdata:cadence>94</gpxdata:cadence>
     <gpxdata:speed>3.867</gpxdata:speed>
    </extensions>
   </trkpt>
   <trkpt lat="25.2008449" lon="121.6776597">
    <ele>17</ele>
    <time>2026-03-14T23:08:58Z</time>
    <extensions>
     <gpxdata:hr>152</gpxdata:hr>
     <gpxdata:distance>4524.50</gpxdata:distance>
     <gpxdata:cadence>94</gpxdata:cadence>
     <gpxdata:speed>3.864</gpxdata:speed>
    </extensions>
   </trkpt>
   <trkpt lat="25.2008285" lon="121.6776270">
    <ele>17</ele>
    <time>2026-03-14T23:08:59Z</time>
    <extensions>
     <gpxdata:hr>152</gpxdata:hr>
     <gpxdata:distance>4528.00</gpxdata:distance>
     <gpxdata:cadence>94</gpxdata:cadence>
     <gpxdata:speed>3.861</gpxdata:speed>
    </extensions>
   </trkpt>
   <trkpt lat="25.2008121" lon="121.6775944">
    <ele>18</ele>
    <time>2026-03-14T23:09:00Z</time>
    <extensions>
     <gpxdata:hr>152</gpxdata:hr>
     <gpxdata:distance>4532.00</gpxdata:distance>
     <gpxdata:cadence>94</gpxdata:cadence>
     <gpxdata:speed>3.861</gpxdata:speed>
    </extensions>
   </trkpt>
   <trkpt lat="25.2007964" lon="121.6775613">
    <ele>18</ele>
    <time>2026-03-14T23:09:01Z</time>
    <extensions>
     <gpxdata:hr>152</gpxdata:hr>
     <gpxdata:distance>4536.00</gpxdata:distance>
     <gpxdata:cadence>94</gpxdata:cadence>
     <gpxdata:speed>3.861</gpxdata:speed>
    </extensions>
   </trkpt>
   <trkpt lat="25.2007808" lon="121.6775282">
    <ele>18</ele>
    <time>2026-03-14T23:09:02Z</time>
    <extensions>
     <gpxdata:hr>152</gpxdata:hr>
     <gpxdata:distance>4539.50</gpxdata:distance>
     <gpxdata:cadence>94</gpxdata:cadence>
     <gpxdata:speed>3.858</gpxdata:speed>
    </extensions>
   </trkpt>
   <trkpt lat="25.2007662" lon="121.6774943">
    <ele>18</ele>
    <time>2026-03-14T23:09:03Z</time>
    <extensions>
     <gpxdata:hr>152</gpxdata:hr>
     <gpxdata:distance>4543.00</gpxdata:distance>
     <gpxdata:cadence>94</gpxdata:cadence>
     <gpxdata:speed>3.858</gpxdata:speed>
    </extensions>
   </trkpt>
   <trkpt lat="25.2007516" lon="121.6774605">
    <ele>18</ele>
    <time>2026-03-14T23:09:04Z</time>
    <extensions>
     <gpxdata:hr>152</gpxdata:hr>
     <gpxdata:distance>4547.00</gpxdata:distance>
     <gpxdata:cadence>94</gpxdata:cadence>
     <gpxdata:speed>3.858</gpxdata:speed>
    </extensions>
   </trkpt>
   <trkpt lat="25.2007386" lon="121.6774258">
    <ele>18</ele>
    <time>2026-03-14T23:09:05Z</time>
    <extensions>
     <gpxdata:hr>152</gpxdata:hr>
     <gpxdata:distance>4551.00</gpxdata:distance>
     <gpxdata:cadence>94</gpxdata:cadence>
     <gpxdata:speed>3.858</gpxdata:speed>
    </extensions>
   </trkpt>
   <trkpt lat="25.2007256" lon="121.6773911">
    <ele>18</ele>
    <time>2026-03-14T23:09:06Z</time>
    <extensions>
     <gpxdata:hr>152</gpxdata:hr>
     <gpxdata:distance>4554.50</gpxdata:distance>
     <gpxdata:cadence>94</gpxdata:cadence>
     <gpxdata:speed>3.856</gpxdata:speed>
    </extensions>
   </trkpt>
   <trkpt lat="25.2007147" lon="121.6773557">
    <ele>18</ele>
    <time>2026-03-14T23:09:07Z</time>
    <extensions>
     <gpxdata:hr>152</gpxdata:hr>
     <gpxdata:distance>4558.00</gpxdata:distance>
     <gpxdata:cadence>94</gpxdata:cadence>
     <gpxdata:speed>3.856</gpxdata:speed>
    </extensions>
   </trkpt>
   <trkpt lat="25.2007039" lon="121.6773204">
    <ele>18</ele>
    <time>2026-03-14T23:09:08Z</time>
    <extensions>
     <gpxdata:hr>152</gpxdata:hr>
     <gpxdata:distance>4562.00</gpxdata:distance>
     <gpxdata:cadence>93</gpxdata:cadence>
     <gpxdata:speed>3.853</gpxdata:speed>
    </extensions>
   </trkpt>
   <trkpt lat="25.2006948" lon="121.6772848">
    <ele>18</ele>
    <time>2026-03-14T23:09:09Z</time>
    <extensions>
     <gpxdata:hr>152</gpxdata:hr>
     <gpxdata:distance>4566.00</gpxdata:distance>
     <gpxdata:cadence>93</gpxdata:cadence>
     <gpxdata:speed>3.853</gpxdata:speed>
    </extensions>
   </trkpt>
   <trkpt lat="25.2006857" lon="121.6772493">
    <ele>18</ele>
    <time>2026-03-14T23:09:10Z</time>
    <extensions>
     <gpxdata:hr>152</gpxdata:hr>
     <gpxdata:distance>4569.50</gpxdata:distance>
     <gpxdata:cadence>93</gpxdata:cadence>
     <gpxdata:speed>3.850</gpxdata:speed>
    </extensions>
   </trkpt>
   <trkpt lat="25.2006785" lon="121.6772135">
    <ele>18</ele>
    <time>2026-03-14T23:09:11Z</time>
    <extensions>
     <gpxdata:hr>152</gpxdata:hr>
     <gpxdata:distance>4573.00</gpxdata:distance>
     <gpxdata:cadence>93</gpxdata:cadence>
     <gpxdata:speed>3.850</gpxdata:speed>
    </extensions>
   </trkpt>
   <trkpt lat="25.2006714" lon="121.6771777">
    <ele>18</ele>
    <time>2026-03-14T23:09:12Z</time>
    <extensions>
     <gpxdata:hr>152</gpxdata:hr>
     <gpxdata:distance>4577.00</gpxdata:distance>
     <gpxdata:cadence>93</gpxdata:cadence>
     <gpxdata:speed>3.842</gpxdata:speed>
    </extensions>
   </trkpt>
   <trkpt lat="25.2006662" lon="121.6771413">
    <ele>18</ele>
    <time>2026-03-14T23:09:13Z</time>
    <extensions>
     <gpxdata:hr>152</gpxdata:hr>
     <gpxdata:distance>4581.00</gpxdata:distance>
     <gpxdata:cadence>93</gpxdata:cadence>
     <gpxdata:speed>3.833</gpxdata:speed>
    </extensions>
   </trkpt>
   <trkpt lat="25.2006610" lon="121.6771050">
    <ele>18</ele>
    <time>2026-03-14T23:09:14Z</time>
    <extensions>
     <gpxdata:hr>152</gpxdata:hr>
     <gpxdata:distance>4584.50</gpxdata:distance>
     <gpxdata:cadence>93</gpxdata:cadence>
     <gpxdata:speed>3.831</gpxdata:speed>
    </extensions>
   </trkpt>
   <trkpt lat="25.2006572" lon="121.6770680">
    <ele>19</ele>
    <time>2026-03-14T23:09:15Z</time>
    <extensions>
     <gpxdata:hr>152</gpxdata:hr>
     <gpxdata:distance>4588.00</gpxdata:distance>
     <gpxdata:cadence>93</gpxdata:cadence>
     <gpxdata:speed>3.828</gpxdata:speed>
    </extensions>
   </trkpt>
   <trkpt lat="25.2006535" lon="121.6770310">
    <ele>19</ele>
    <time>2026-03-14T23:09:16Z</time>
    <extensions>
     <gpxdata:hr>152</gpxdata:hr>
     <gpxdata:distance>4592.00</gpxdata:distance>
     <gpxdata:cadence>93</gpxdata:cadence>
     <gpxdata:speed>3.825</gpxdata:speed>
    </extensions>
   </trkpt>
   <trkpt lat="25.2006509" lon="121.6769935">
    <ele>19</ele>
    <time>2026-03-14T23:09:17Z</time>
    <extensions>
     <gpxdata:hr>152</gpxdata:hr>
     <gpxdata:distance>4596.00</gpxdata:distance>
     <gpxdata:cadence>93</gpxdata:cadence>
     <gpxdata:speed>3.825</gpxdata:speed>
    </extensions>
   </trkpt>
   <trkpt lat="25.2006484" lon="121.6769560">
    <ele>19</ele>
    <time>2026-03-14T23:09:18Z</time>
    <extensions>
     <gpxdata:hr>152</gpxdata:hr>
     <gpxdata:distance>4599.50</gpxdata:distance>
     <gpxdata:cadence>93</gpxdata:cadence>
     <gpxdata:speed>3.822</gpxdata:speed>
    </extensions>
   </trkpt>
   <trkpt lat="25.2006473" lon="121.6769181">
    <ele>19</ele>
    <time>2026-03-14T23:09:19Z</time>
    <extensions>
     <gpxdata:hr>152</gpxdata:hr>
     <gpxdata:distance>4603.00</gpxdata:distance>
     <gpxdata:cadence>93</gpxdata:cadence>
     <gpxdata:speed>3.822</gpxdata:speed>
    </extensions>
   </trkpt>
   <trkpt lat="25.2006463" lon="121.6768802">
    <ele>19</ele>
    <time>2026-03-14T23:09:20Z</time>
    <extensions>
     <gpxdata:hr>152</gpxdata:hr>
     <gpxdata:distance>4607.00</gpxdata:distance>
     <gpxdata:cadence>93</gpxdata:cadence>
     <gpxdata:speed>3.822</gpxdata:speed>
    </extensions>
   </trkpt>
   <trkpt lat="25.2006469" lon="121.6768418">
    <ele>19</ele>
    <time>2026-03-14T23:09:21Z</time>
    <extensions>
     <gpxdata:hr>152</gpxdata:hr>
     <gpxdata:distance>4611.00</gpxdata:distance>
     <gpxdata:cadence>94</gpxdata:cadence>
     <gpxdata:speed>3.825</gpxdata:speed>
    </extensions>
   </trkpt>
   <trkpt lat="25.2006476" lon="121.6768035">
    <ele>19</ele>
    <time>2026-03-14T23:09:22Z</time>
    <extensions>
     <gpxdata:hr>152</gpxdata:hr>
     <gpxdata:distance>4615.00</gpxdata:distance>
     <gpxdata:cadence>94</gpxdata:cadence>
     <gpxdata:speed>3.828</gpxdata:speed>
    </extensions>
   </trkpt>
   <trkpt lat="25.2006485" lon="121.6767652">
    <ele>19</ele>
    <time>2026-03-14T23:09:23Z</time>
    <extensions>
     <gpxdata:hr>152</gpxdata:hr>
     <gpxdata:distance>4619.00</gpxdata:distance>
     <gpxdata:cadence>94</gpxdata:cadence>
     <gpxdata:speed>3.831</gpxdata:speed>
    </extensions>
   </trkpt>
   <trkpt lat="25.2006494" lon="121.6767270">
    <ele>19</ele>
    <time>2026-03-14T23:09:24Z</time>
    <extensions>
     <gpxdata:hr>152</gpxdata:hr>
     <gpxdata:distance>4622.50</gpxdata:distance>
     <gpxdata:cadence>95</gpxdata:cadence>
     <gpxdata:speed>3.836</gpxdata:speed>
    </extensions>
   </trkpt>
   <trkpt lat="25.2006508" lon="121.6766890">
    <ele>19</ele>
    <time>2026-03-14T23:09:25Z</time>
    <extensions>
     <gpxdata:hr>152</gpxdata:hr>
     <gpxdata:distance>4626.00</gpxdata:distance>
     <gpxdata:cadence>95</gpxdata:cadence>
     <gpxdata:speed>3.842</gpxdata:speed>
    </extensions>
   </trkpt>
   <trkpt lat="25.2006522" lon="121.6766511">
    <ele>19</ele>
    <time>2026-03-14T23:09:26Z</time>
    <extensions>
     <gpxdata:hr>152</gpxdata:hr>
     <gpxdata:distance>4630.00</gpxdata:distance>
     <gpxdata:cadence>95</gpxdata:cadence>
     <gpxdata:speed>3.844</gpxdata:speed>
    </extensions>
   </trkpt>
   <trkpt lat="25.2006556" lon="121.6766137">
    <ele>19</ele>
    <time>2026-03-14T23:09:27Z</time>
    <extensions>
     <gpxdata:hr>152</gpxdata:hr>
     <gpxdata:distance>4634.00</gpxdata:distance>
     <gpxdata:cadence>96</gpxdata:cadence>
     <gpxdata:speed>3.847</gpxdata:speed>
    </extensions>
   </trkpt>
   <trkpt lat="25.2006591" lon="121.6765764">
    <ele>19</ele>
    <time>2026-03-14T23:09:28Z</time>
    <extensions>
     <gpxdata:hr>152</gpxdata:hr>
     <gpxdata:distance>4638.00</gpxdata:distance>
     <gpxdata:cadence>95</gpxdata:cadence>
     <gpxdata:speed>3.847</gpxdata:speed>
    </extensions>
   </trkpt>
   <trkpt lat="25.2006649" lon="121.6765396">
    <ele>19</ele>
    <time>2026-03-14T23:09:29Z</time>
    <extensions>
     <gpxdata:hr>152</gpxdata:hr>
     <gpxdata:distance>4642.00</gpxdata:distance>
     <gpxdata:cadence>95</gpxdata:cadence>
     <gpxdata:speed>3.850</gpxdata:speed>
    </extensions>
   </trkpt>
   <trkpt lat="25.2006708" lon="121.6765029">
    <ele>19</ele>
    <time>2026-03-14T23:09:30Z</time>
    <extensions>
     <gpxdata:hr>152</gpxdata:hr>
     <gpxdata:distance>4645.50</gpxdata:distance>
     <gpxdata:cadence>95</gpxdata:cadence>
     <gpxdata:speed>3.850</gpxdata:speed>
    </extensions>
   </trkpt>
   <trkpt lat="25.2006785" lon="121.6764663">
    <ele>19</ele>
    <time>2026-03-14T23:09:31Z</time>
    <extensions>
     <gpxdata:hr>152</gpxdata:hr>
     <gpxdata:distance>4649.00</gpxdata:distance>
     <gpxdata:cadence>94</gpxdata:cadence>
     <gpxdata:speed>3.850</gpxdata:speed>
    </extensions>
   </trkpt>
   <trkpt lat="25.2006863" lon="121.6764298">
    <ele>19</ele>
    <time>2026-03-14T23:09:32Z</time>
    <extensions>
     <gpxdata:hr>152</gpxdata:hr>
     <gpxdata:distance>4653.00</gpxdata:distance>
     <gpxdata:cadence>94</gpxdata:cadence>
     <gpxdata:speed>3.847</gpxdata:speed>
    </extensions>
   </trkpt>
   <trkpt lat="25.2006963" lon="121.6763935">
    <ele>19</ele>
    <time>2026-03-14T23:09:33Z</time>
    <extensions>
     <gpxdata:hr>152</gpxdata:hr>
     <gpxdata:distance>4657.00</gpxdata:distance>
     <gpxdata:cadence>93</gpxdata:cadence>
     <gpxdata:speed>3.844</gpxdata:speed>
    </extensions>
   </trkpt>
   <trkpt lat="25.2007063" lon="121.6763573">
    <ele>19</ele>
    <time>2026-03-14T23:09:34Z</time>
    <extensions>
     <gpxdata:hr>152</gpxdata:hr>
     <gpxdata:distance>4661.00</gpxdata:distance>
     <gpxdata:cadence>93</gpxdata:cadence>
     <gpxdata:speed>3.844</gpxdata:speed>
    </extensions>
   </trkpt>
   <trkpt lat="25.2007178" lon="121.6763213">
    <ele>20</ele>
    <time>2026-03-14T23:09:35Z</time>
    <extensions>
     <gpxdata:hr>152</gpxdata:hr>
     <gpxdata:distance>4665.00</gpxdata:distance>
     <gpxdata:cadence>93</gpxdata:cadence>
     <gpxdata:speed>3.844</gpxdata:speed>
    </extensions>
   </trkpt>
   <trkpt lat="25.2007294" lon="121.6762853">
    <ele>20</ele>
    <time>2026-03-14T23:09:36Z</time>
    <extensions>
     <gpxdata:hr>152</gpxdata:hr>
     <gpxdata:distance>4668.50</gpxdata:distance>
     <gpxdata:cadence>93</gpxdata:cadence>
     <gpxdata:speed>3.844</gpxdata:speed>
    </extensions>
   </trkpt>
   <trkpt lat="25.2007424" lon="121.6762500">
    <ele>20</ele>
    <time>2026-03-14T23:09:37Z</time>
    <extensions>
     <gpxdata:hr>152</gpxdata:hr>
     <gpxdata:distance>4672.00</gpxdata:distance>
     <gpxdata:cadence>94</gpxdata:cadence>
     <gpxdata:speed>3.844</gpxdata:speed>
    </extensions>
   </trkpt>
   <trkpt lat="25.2007554" lon="121.6762148">
    <ele>20</ele>
    <time>2026-03-14T23:09:38Z</time>
    <extensions>
     <gpxdata:hr>152</gpxdata:hr>
     <gpxdata:distance>4676.00</gpxdata:distance>
     <gpxdata:cadence>94</gpxdata:cadence>
     <gpxdata:speed>3.844</gpxdata:speed>
    </extensions>
   </trkpt>
   <trkpt lat="25.2007707" lon="121.6761804">
    <ele>20</ele>
    <time>2026-03-14T23:09:39Z</time>
    <extensions>
     <gpxdata:hr>152</gpxdata:hr>
     <gpxdata:distance>4680.00</gpxdata:distance>
     <gpxdata:cadence>95</gpxdata:cadence>
     <gpxdata:speed>3.844</gpxdata:speed>
    </extensions>
   </trkpt>
   <trkpt lat="25.2007861" lon="121.6761460">
    <ele>20</ele>
    <time>2026-03-14T23:09:40Z</time>
    <extensions>
     <gpxdata:hr>152</gpxdata:hr>
     <gpxdata:distance>4684.00</gpxdata:distance>
     <gpxdata:cadence>95</gpxdata:cadence>
     <gpxdata:speed>3.844</gpxdata:speed>
    </extensions>
   </trkpt>
   <trkpt lat="25.2008036" lon="121.6761128">
    <ele>20</ele>
    <time>2026-03-14T23:09:41Z</time>
    <extensions>
     <gpxdata:hr>152</gpxdata:hr>
     <gpxdata:distance>4688.00</gpxdata:distance>
     <gpxdata:cadence>95</gpxdata:cadence>
     <gpxdata:speed>3.847</gpxdata:speed>
    </extensions>
   </trkpt>
   <trkpt lat="25.2008211" lon="121.6760797">
    <ele>20</ele>
    <time>2026-03-14T23:09:42Z</time>
    <extensions>
     <gpxdata:hr>152</gpxdata:hr>
     <gpxdata:distance>4691.50</gpxdata:distance>
     <gpxdata:cadence>94</gpxdata:cadence>
     <gpxdata:speed>3.847</gpxdata:speed>
    </extensions>
   </trkpt>
   <trkpt lat="25.2008397" lon="121.6760478">
    <ele>20</ele>
    <time>2026-03-14T23:09:43Z</time>
    <extensions>
     <gpxdata:hr>152</gpxdata:hr>
     <gpxdata:distance>4695.00</gpxdata:distance>
     <gpxdata:cadence>94</gpxdata:cadence>
     <gpxdata:speed>3.847</gpxdata:speed>
    </extensions>
   </trkpt>
   <trkpt lat="25.2008583" lon="121.6760159">
    <ele>20</ele>
    <time>2026-03-14T23:09:44Z</time>
    <extensions>
     <gpxdata:hr>152</gpxdata:hr>
     <gpxdata:distance>4699.00</gpxdata:distance>
     <gpxdata:cadence>94</gpxdata:cadence>
     <gpxdata:speed>3.847</gpxdata:speed>
    </extensions>
   </trkpt>
   <trkpt lat="25.2008778" lon="121.6759856">
    <ele>20</ele>
    <time>2026-03-14T23:09:45Z</time>
    <extensions>
     <gpxdata:hr>152</gpxdata:hr>
     <gpxdata:distance>4703.00</gpxdata:distance>
     <gpxdata:cadence>94</gpxdata:cadence>
     <gpxdata:speed>3.850</gpxdata:speed>
    </extensions>
   </trkpt>
   <trkpt lat="25.2008973" lon="121.6759553">
    <ele>20</ele>
    <time>2026-03-14T23:09:46Z</time>
    <extensions>
     <gpxdata:hr>152</gpxdata:hr>
     <gpxdata:distance>4706.50</gpxdata:distance>
     <gpxdata:cadence>93</gpxdata:cadence>
     <gpxdata:speed>3.847</gpxdata:speed>
    </extensions>
   </trkpt>
   <trkpt lat="25.2009174" lon="121.6759263">
    <ele>20</ele>
    <time>2026-03-14T23:09:47Z</time>
    <extensions>
     <gpxdata:hr>152</gpxdata:hr>
     <gpxdata:distance>4710.00</gpxdata:distance>
     <gpxdata:cadence>93</gpxdata:cadence>
     <gpxdata:speed>3.844</gpxdata:speed>
    </extensions>
   </trkpt>
   <trkpt lat="25.2009375" lon="121.6758974">
    <ele>20</ele>
    <time>2026-03-14T23:09:48Z</time>
    <extensions>
     <gpxdata:hr>152</gpxdata:hr>
     <gpxdata:distance>4713.50</gpxdata:distance>
     <gpxdata:cadence>93</gpxdata:cadence>
     <gpxdata:speed>3.839</gpxdata:speed>
    </extensions>
   </trkpt>
   <trkpt lat="25.2009575" lon="121.6758692">
    <ele>20</ele>
    <time>2026-03-14T23:09:49Z</time>
    <extensions>
     <gpxdata:hr>152</gpxdata:hr>
     <gpxdata:distance>4717.00</gpxdata:distance>
     <gpxdata:cadence>93</gpxdata:cadence>
     <gpxdata:speed>3.833</gpxdata:speed>
    </extensions>
   </trkpt>
   <trkpt lat="25.2009775" lon="121.6758410">
    <ele>20</ele>
    <time>2026-03-14T23:09:50Z</time>
    <extensions>
     <gpxdata:hr>152</gpxdata:hr>
     <gpxdata:distance>4720.50</gpxdata:distance>
     <gpxdata:cadence>92</gpxdata:cadence>
     <gpxdata:speed>3.825</gpxdata:speed>
    </extensions>
   </trkpt>
   <trkpt lat="25.2009970" lon="121.6758126">
    <ele>20</ele>
    <time>2026-03-14T23:09:51Z</time>
    <extensions>
     <gpxdata:hr>152</gpxdata:hr>
     <gpxdata:distance>4724.00</gpxdata:distance>
     <gpxdata:cadence>92</gpxdata:cadence>
     <gpxdata:speed>3.819</gpxdata:speed>
    </extensions>
   </trkpt>
   <trkpt lat="25.2010166" lon="121.6757842">
    <ele>20</ele>
    <time>2026-03-14T23:09:52Z</time>
    <extensions>
     <gpxdata:hr>152</gpxdata:hr>
     <gpxdata:distance>4728.00</gpxdata:distance>
     <gpxdata:cadence>92</gpxdata:cadence>
     <gpxdata:speed>3.814</gpxdata:speed>
    </extensions>
   </trkpt>
   <trkpt lat="25.2010364" lon="121.6757556">
    <ele>20</ele>
    <time>2026-03-14T23:09:53Z</time>
    <extensions>
     <gpxdata:hr>152</gpxdata:hr>
     <gpxdata:distance>4732.00</gpxdata:distance>
     <gpxdata:cadence>92</gpxdata:cadence>
     <gpxdata:speed>3.811</gpxdata:speed>
    </extensions>
   </trkpt>
   <trkpt lat="25.2010563" lon="121.6757271">
    <ele>20</ele>
    <time>2026-03-14T23:09:54Z</time>
    <extensions>
     <gpxdata:hr>152</gpxdata:hr>
     <gpxdata:distance>4735.50</gpxdata:distance>
     <gpxdata:cadence>92</gpxdata:cadence>
     <gpxdata:speed>3.806</gpxdata:speed>
    </extensions>
   </trkpt>
   <trkpt lat="25.2010766" lon="121.6756984">
    <ele>21</ele>
    <time>2026-03-14T23:09:55Z</time>
    <extensions>
     <gpxdata:hr>152</gpxdata:hr>
     <gpxdata:distance>4739.00</gpxdata:distance>
     <gpxdata:cadence>92</gpxdata:cadence>
     <gpxdata:speed>3.803</gpxdata:speed>
    </extensions>
   </trkpt>
   <trkpt lat="25.2010970" lon="121.6756697">
    <ele>21</ele>
    <time>2026-03-14T23:09:56Z</time>
    <extensions>
     <gpxdata:hr>152</gpxdata:hr>
     <gpxdata:distance>4742.50</gpxdata:distance>
     <gpxdata:cadence>93</gpxdata:cadence>
     <gpxdata:speed>3.800</gpxdata:speed>
    </extensions>
   </trkpt>
   <trkpt lat="25.2011183" lon="121.6756415">
    <ele>21</ele>
    <time>2026-03-14T23:09:57Z</time>
    <extensions>
     <gpxdata:hr>152</gpxdata:hr>
     <gpxdata:distance>4746.00</gpxdata:distance>
     <gpxdata:cadence>93</gpxdata:cadence>
     <gpxdata:speed>3.797</gpxdata:speed>
    </extensions>
   </trkpt>
   <trkpt lat="25.2011397" lon="121.6756134">
    <ele>21</ele>
    <time>2026-03-14T23:09:58Z</time>
    <extensions>
     <gpxdata:hr>152</gpxdata:hr>
     <gpxdata:distance>4750.00</gpxdata:distance>
     <gpxdata:cadence>93</gpxdata:cadence>
     <gpxdata:speed>3.794</gpxdata:speed>
    </extensions>
   </trkpt>
   <trkpt lat="25.2011618" lon="121.6755855">
    <ele>21</ele>
    <time>2026-03-14T23:09:59Z</time>
    <extensions>
     <gpxdata:hr>152</gpxdata:hr>
     <gpxdata:distance>4754.00</gpxdata:distance>
     <gpxdata:cadence>93</gpxdata:cadence>
     <gpxdata:speed>3.792</gpxdata:speed>
    </extensions>
   </trkpt>
   <trkpt lat="25.2011840" lon="121.6755576">
    <ele>21</ele>
    <time>2026-03-14T23:10:00Z</time>
    <extensions>
     <gpxdata:hr>152</gpxdata:hr>
     <gpxdata:distance>4758.00</gpxdata:distance>
     <gpxdata:cadence>93</gpxdata:cadence>
     <gpxdata:speed>3.792</gpxdata:speed>
    </extensions>
   </trkpt>
   <trkpt lat="25.2012065" lon="121.6755297">
    <ele>21</ele>
    <time>2026-03-14T23:10:01Z</time>
    <extensions>
     <gpxdata:hr>152</gpxdata:hr>
     <gpxdata:distance>4762.00</gpxdata:distance>
     <gpxdata:cadence>93</gpxdata:cadence>
     <gpxdata:speed>3.792</gpxdata:speed>
    </extensions>
   </trkpt>
   <trkpt lat="25.2012291" lon="121.6755018">
    <ele>21</ele>
    <time>2026-03-14T23:10:02Z</time>
    <extensions>
     <gpxdata:hr>152</gpxdata:hr>
     <gpxdata:distance>4765.50</gpxdata:distance>
     <gpxdata:cadence>93</gpxdata:cadence>
     <gpxdata:speed>3.786</gpxdata:speed>
    </extensions>
   </trkpt>
   <trkpt lat="25.2012515" lon="121.6754738">
    <ele>21</ele>
    <time>2026-03-14T23:10:03Z</time>
    <extensions>
     <gpxdata:hr>152</gpxdata:hr>
     <gpxdata:distance>4769.00</gpxdata:distance>
     <gpxdata:cadence>93</gpxdata:cadence>
     <gpxdata:speed>3.783</gpxdata:speed>
    </extensions>
   </trkpt>
   <trkpt lat="25.2012740" lon="121.6754458">
    <ele>21</ele>
    <time>2026-03-14T23:10:04Z</time>
    <extensions>
     <gpxdata:hr>152</gpxdata:hr>
     <gpxdata:distance>4772.50</gpxdata:distance>
     <gpxdata:cadence>92</gpxdata:cadence>
     <gpxdata:speed>3.781</gpxdata:speed>
    </extensions>
   </trkpt>
   <trkpt lat="25.2012960" lon="121.6754180">
    <ele>21</ele>
    <time>2026-03-14T23:10:05Z</time>
    <extensions>
     <gpxdata:hr>152</gpxdata:hr>
     <gpxdata:distance>4776.00</gpxdata:distance>
     <gpxdata:cadence>92</gpxdata:cadence>
     <gpxdata:speed>3.781</gpxdata:speed>
    </extensions>
   </trkpt>
   <trkpt lat="25.2013181" lon="121.6753902">
    <ele>21</ele>
    <time>2026-03-14T23:10:06Z</time>
    <extensions>
     <gpxdata:hr>152</gpxdata:hr>
     <gpxdata:distance>4780.00</gpxdata:distance>
     <gpxdata:cadence>92</gpxdata:cadence>
     <gpxdata:speed>3.778</gpxdata:speed>
    </extensions>
   </trkpt>
   <trkpt lat="25.2013407" lon="121.6753629">
    <ele>21</ele>
    <time>2026-03-14T23:10:07Z</time>
    <extensions>
     <gpxdata:hr>152</gpxdata:hr>
     <gpxdata:distance>4784.00</gpxdata:distance>
     <gpxdata:cadence>92</gpxdata:cadence>
     <gpxdata:speed>3.778</gpxdata:speed>
    </extensions>
   </trkpt>
   <trkpt lat="25.2013633" lon="121.6753356">
    <ele>21</ele>
    <time>2026-03-14T23:10:08Z</time>
    <extensions>
     <gpxdata:hr>152</gpxdata:hr>
     <gpxdata:distance>4787.50</gpxdata:distance>
     <gpxdata:cadence>92</gpxdata:cadence>
     <gpxdata:speed>3.775</gpxdata:speed>
    </extensions>
   </trkpt>
   <trkpt lat="25.2013867" lon="121.6753094">
    <ele>21</ele>
    <time>2026-03-14T23:10:09Z</time>
    <extensions>
     <gpxdata:hr>152</gpxdata:hr>
     <gpxdata:distance>4791.00</gpxdata:distance>
     <gpxdata:cadence>92</gpxdata:cadence>
     <gpxdata:speed>3.775</gpxdata:speed>
    </extensions>
   </trkpt>
   <trkpt lat="25.2014101" lon="121.6752832">
    <ele>21</ele>
    <time>2026-03-14T23:10:10Z</time>
    <extensions>
     <gpxdata:hr>152</gpxdata:hr>
     <gpxdata:distance>4794.50</gpxdata:distance>
     <gpxdata:cadence>92</gpxdata:cadence>
     <gpxdata:speed>3.772</gpxdata:speed>
    </extensions>
   </trkpt>
   <trkpt lat="25.2014326" lon="121.6752570">
    <ele>21</ele>
    <time>2026-03-14T23:10:11Z</time>
    <extensions>
     <gpxdata:hr>153</gpxdata:hr>
     <gpxdata:distance>4798.00</gpxdata:distance>
     <gpxdata:cadence>92</gpxdata:cadence>
     <gpxdata:speed>3.772</gpxdata:speed>
    </extensions>
   </trkpt>
   <trkpt lat="25.2014551" lon="121.6752308">
    <ele>21</ele>
    <time>2026-03-14T23:10:12Z</time>
    <extensions>
     <gpxdata:hr>153</gpxdata:hr>
     <gpxdata:distance>4802.00</gpxdata:distance>
     <gpxdata:cadence>91</gpxdata:cadence>
     <gpxdata:speed>3.761</gpxdata:speed>
    </extensions>
   </trkpt>
   <trkpt lat="25.2014767" lon="121.6752024">
    <ele>21</ele>
    <time>2026-03-14T23:10:13Z</time>
    <extensions>
     <gpxdata:hr>153</gpxdata:hr>
     <gpxdata:distance>4806.00</gpxdata:distance>
     <gpxdata:cadence>91</gpxdata:cadence>
     <gpxdata:speed>3.753</gpxdata:speed>
    </extensions>
   </trkpt>
   <trkpt lat="25.2014983" lon="121.6751740">
    <ele>21</ele>
    <time>2026-03-14T23:10:14Z</time>
    <extensions>
     <gpxdata:hr>153</gpxdata:hr>
     <gpxdata:distance>4810.00</gpxdata:distance>
     <gpxdata:cadence>90</gpxdata:cadence>
     <gpxdata:speed>3.747</gpxdata:speed>
    </extensions>
   </trkpt>
   <trkpt lat="25.2015195" lon="121.6751434">
    <ele>21</ele>
    <time>2026-03-14T23:10:15Z</time>
    <extensions>
     <gpxdata:hr>153</gpxdata:hr>
     <gpxdata:distance>4814.00</gpxdata:distance>
     <gpxdata:cadence>89</gpxdata:cadence>
     <gpxdata:speed>3.744</gpxdata:speed>
    </extensions>
   </trkpt>
   <trkpt lat="25.2015408" lon="121.6751129">
    <ele>21</ele>
    <time>2026-03-14T23:10:16Z</time>
    <extensions>
     <gpxdata:hr>153</gpxdata:hr>
     <gpxdata:distance>4818.00</gpxdata:distance>
     <gpxdata:cadence>90</gpxdata:cadence>
     <gpxdata:speed>3.750</gpxdata:speed>
    </extensions>
   </trkpt>
   <trkpt lat="25.2015607" lon="121.6750811">
    <ele>21</ele>
    <time>2026-03-14T23:10:17Z</time>
    <extensions>
     <gpxdata:hr>154</gpxdata:hr>
     <gpxdata:distance>4822.00</gpxdata:distance>
     <gpxdata:cadence>90</gpxdata:cadence>
     <gpxdata:speed>3.756</gpxdata:speed>
    </extensions>
   </trkpt>
   <trkpt lat="25.2015806" lon="121.6750494">
    <ele>21</ele>
    <time>2026-03-14T23:10:18Z</time>
    <extensions>
     <gpxdata:hr>153</gpxdata:hr>
     <gpxdata:distance>4825.50</gpxdata:distance>
     <gpxdata:cadence>91</gpxdata:cadence>
     <gpxdata:speed>3.761</gpxdata:speed>
    </extensions>
   </trkpt>
   <trkpt lat="25.2015976" lon="121.6750167">
    <ele>21</ele>
    <time>2026-03-14T23:10:19Z</time>
    <extensions>
     <gpxdata:hr>153</gpxdata:hr>
     <gpxdata:distance>4829.00</gpxdata:distance>
     <gpxdata:cadence>91</gpxdata:cadence>
     <gpxdata:speed>3.767</gpxdata:speed>
    </extensions>
   </trkpt>
   <trkpt lat="25.2016147" lon="121.6749841">
    <ele>21</ele>
    <time>2026-03-14T23:10:20Z</time>
    <extensions>
     <gpxdata:hr>154</gpxdata:hr>
     <gpxdata:distance>4833.00</gpxdata:distance>
     <gpxdata:cadence>91</gpxdata:cadence>
     <gpxdata:speed>3.781</gpxdata:speed>
    </extensions>
   </trkpt>
   <trkpt lat="25.2016265" lon="121.6749490">
    <ele>21</ele>
    <time>2026-03-14T23:10:21Z</time>
    <extensions>
     <gpxdata:hr>154</gpxdata:hr>
     <gpxdata:distance>4837.00</gpxdata:distance>
     <gpxdata:cadence>92</gpxdata:cadence>
     <gpxdata:speed>3.797</gpxdata:speed>
    </extensions>
   </trkpt>
   <trkpt lat="25.2016384" lon="121.6749140">
    <ele>21</ele>
    <time>2026-03-14T23:10:22Z</time>
    <extensions>
     <gpxdata:hr>154</gpxdata:hr>
     <gpxdata:distance>4841.00</gpxdata:distance>
     <gpxdata:cadence>92</gpxdata:cadence>
     <gpxdata:speed>3.803</gpxdata:speed>
    </extensions>
   </trkpt>
   <trkpt lat="25.2016431" lon="121.6748759">
    <ele>21</ele>
    <time>2026-03-14T23:10:23Z</time>
    <extensions>
     <gpxdata:hr>153</gpxdata:hr>
     <gpxdata:distance>4845.00</gpxdata:distance>
     <gpxdata:cadence>93</gpxdata:cadence>
     <gpxdata:speed>3.811</gpxdata:speed>
    </extensions>
   </trkpt>
   <trkpt lat="25.2016479" lon="121.6748378">
    <ele>21</ele>
    <time>2026-03-14T23:10:24Z</time>
    <extensions>
     <gpxdata:hr>154</gpxdata:hr>
     <gpxdata:distance>4849.00</gpxdata:distance>
     <gpxdata:cadence>93</gpxdata:cadence>
     <gpxdata:speed>3.819</gpxdata:speed>
    </extensions>
   </trkpt>
   <trkpt lat="25.2016459" lon="121.6747985">
    <ele>21</ele>
    <time>2026-03-14T23:10:25Z</time>
    <extensions>
     <gpxdata:hr>154</gpxdata:hr>
     <gpxdata:distance>4853.00</gpxdata:distance>
     <gpxdata:cadence>93</gpxdata:cadence>
     <gpxdata:speed>3.828</gpxdata:speed>
    </extensions>
   </trkpt>
   <trkpt lat="25.2016440" lon="121.6747592">
    <ele>21</ele>
    <time>2026-03-14T23:10:26Z</time>
    <extensions>
     <gpxdata:hr>154</gpxdata:hr>
     <gpxdata:distance>4857.00</gpxdata:distance>
     <gpxdata:cadence>93</gpxdata:cadence>
     <gpxdata:speed>3.836</gpxdata:speed>
    </extensions>
   </trkpt>
   <trkpt lat="25.2016376" lon="121.6747205">
    <ele>21</ele>
    <time>2026-03-14T23:10:27Z</time>
    <extensions>
     <gpxdata:hr>154</gpxdata:hr>
     <gpxdata:distance>4861.00</gpxdata:distance>
     <gpxdata:cadence>93</gpxdata:cadence>
     <gpxdata:speed>3.844</gpxdata:speed>
    </extensions>
   </trkpt>
   <trkpt lat="25.2016313" lon="121.6746818">
    <ele>21</ele>
    <time>2026-03-14T23:10:28Z</time>
    <extensions>
     <gpxdata:hr>154</gpxdata:hr>
     <gpxdata:distance>4864.50</gpxdata:distance>
     <gpxdata:cadence>93</gpxdata:cadence>
     <gpxdata:speed>3.847</gpxdata:speed>
    </extensions>
   </trkpt>
   <trkpt lat="25.2016227" lon="121.6746438">
    <ele>21</ele>
    <time>2026-03-14T23:10:29Z</time>
    <extensions>
     <gpxdata:hr>154</gpxdata:hr>
     <gpxdata:distance>4868.00</gpxdata:distance>
     <gpxdata:cadence>93</gpxdata:cadence>
     <gpxdata:speed>3.853</gpxdata:speed>
    </extensions>
   </trkpt>
   <trkpt lat="25.2016141" lon="121.6746059">
    <ele>21</ele>
    <time>2026-03-14T23:10:30Z</time>
    <extensions>
     <gpxdata:hr>154</gpxdata:hr>
     <gpxdata:distance>4872.00</gpxdata:distance>
     <gpxdata:cadence>93</gpxdata:cadence>
     <gpxdata:speed>3.864</gpxdata:speed>
    </extensions>
   </trkpt>
   <trkpt lat="25.2016037" lon="121.6745687">
    <ele>21</ele>
    <time>2026-03-14T23:10:31Z</time>
    <extensions>
     <gpxdata:hr>155</gpxdata:hr>
     <gpxdata:distance>4876.00</gpxdata:distance>
     <gpxdata:cadence>94</gpxdata:cadence>
     <gpxdata:speed>3.875</gpxdata:speed>
    </extensions>
   </trkpt>
   <trkpt lat="25.2015933" lon="121.6745316">
    <ele>21</ele>
    <time>2026-03-14T23:10:32Z</time>
    <extensions>
     <gpxdata:hr>155</gpxdata:hr>
     <gpxdata:distance>4880.00</gpxdata:distance>
     <gpxdata:cadence>94</gpxdata:cadence>
     <gpxdata:speed>3.878</gpxdata:speed>
    </extensions>
   </trkpt>
   <trkpt lat="25.2015811" lon="121.6744952">
    <ele>21</ele>
    <time>2026-03-14T23:10:33Z</time>
    <extensions>
     <gpxdata:hr>156</gpxdata:hr>
     <gpxdata:distance>4884.00</gpxdata:distance>
     <gpxdata:cadence>94</gpxdata:cadence>
     <gpxdata:speed>3.881</gpxdata:speed>
    </extensions>
   </trkpt>
   <trkpt lat="25.2015689" lon="121.6744589">
    <ele>21</ele>
    <time>2026-03-14T23:10:34Z</time>
    <extensions>
     <gpxdata:hr>156</gpxdata:hr>
     <gpxdata:distance>4888.00</gpxdata:distance>
     <gpxdata:cadence>94</gpxdata:cadence>
     <gpxdata:speed>3.881</gpxdata:speed>
    </extensions>
   </trkpt>
   <trkpt lat="25.2015556" lon="121.6744227">
    <ele>22</ele>
    <time>2026-03-14T23:10:35Z</time>
    <extensions>
     <gpxdata:hr>157</gpxdata:hr>
     <gpxdata:distance>4892.00</gpxdata:distance>
     <gpxdata:cadence>94</gpxdata:cadence>
     <gpxdata:speed>3.883</gpxdata:speed>
    </extensions>
   </trkpt>
   <trkpt lat="25.2015423" lon="121.6743866">
    <ele>22</ele>
    <time>2026-03-14T23:10:36Z</time>
    <extensions>
     <gpxdata:hr>157</gpxdata:hr>
     <gpxdata:distance>4896.00</gpxdata:distance>
     <gpxdata:cadence>94</gpxdata:cadence>
     <gpxdata:speed>3.883</gpxdata:speed>
    </extensions>
   </trkpt>
   <trkpt lat="25.2015287" lon="121.6743502">
    <ele>22</ele>
    <time>2026-03-14T23:10:37Z</time>
    <extensions>
     <gpxdata:hr>157</gpxdata:hr>
     <gpxdata:distance>4900.00</gpxdata:distance>
     <gpxdata:cadence>94</gpxdata:cadence>
     <gpxdata:speed>3.883</gpxdata:speed>
    </extensions>
   </trkpt>
   <trkpt lat="25.2015151" lon="121.6743138">
    <ele>22</ele>
    <time>2026-03-14T23:10:38Z</time>
    <extensions>
     <gpxdata:hr>157</gpxdata:hr>
     <gpxdata:distance>4904.00</gpxdata:distance>
     <gpxdata:cadence>94</gpxdata:cadence>
     <gpxdata:speed>3.883</gpxdata:speed>
    </extensions>
   </trkpt>
   <trkpt lat="25.2015017" lon="121.6742774">
    <ele>22</ele>
    <time>2026-03-14T23:10:39Z</time>
    <extensions>
     <gpxdata:hr>157</gpxdata:hr>
     <gpxdata:distance>4908.00</gpxdata:distance>
     <gpxdata:cadence>94</gpxdata:cadence>
     <gpxdata:speed>3.886</gpxdata:speed>
    </extensions>
   </trkpt>
   <trkpt lat="25.2014883" lon="121.6742411">
    <ele>22</ele>
    <time>2026-03-14T23:10:40Z</time>
    <extensions>
     <gpxdata:hr>157</gpxdata:hr>
     <gpxdata:distance>4912.00</gpxdata:distance>
     <gpxdata:cadence>93</gpxdata:cadence>
     <gpxdata:speed>3.886</gpxdata:speed>
    </extensions>
   </trkpt>
   <trkpt lat="25.2014746" lon="121.6742050">
    <ele>22</ele>
    <time>2026-03-14T23:10:41Z</time>
    <extensions>
     <gpxdata:hr>157</gpxdata:hr>
     <gpxdata:distance>4916.00</gpxdata:distance>
     <gpxdata:cadence>93</gpxdata:cadence>
     <gpxdata:speed>3.889</gpxdata:speed>
    </extensions>
   </trkpt>
   <trkpt lat="25.2014609" lon="121.6741689">
    <ele>22</ele>
    <time>2026-03-14T23:10:42Z</time>
    <extensions>
     <gpxdata:hr>158</gpxdata:hr>
     <gpxdata:distance>4920.00</gpxdata:distance>
     <gpxdata:cadence>93</gpxdata:cadence>
     <gpxdata:speed>3.892</gpxdata:speed>
    </extensions>
   </trkpt>
   <trkpt lat="25.2014469" lon="121.6741329">
    <ele>22</ele>
    <time>2026-03-14T23:10:43Z</time>
    <extensions>
     <gpxdata:hr>158</gpxdata:hr>
     <gpxdata:distance>4924.00</gpxdata:distance>
     <gpxdata:cadence>93</gpxdata:cadence>
     <gpxdata:speed>3.894</gpxdata:speed>
    </extensions>
   </trkpt>
   <trkpt lat="25.2014329" lon="121.6740970">
    <ele>22</ele>
    <time>2026-03-14T23:10:44Z</time>
    <extensions>
     <gpxdata:hr>159</gpxdata:hr>
     <gpxdata:distance>4928.00</gpxdata:distance>
     <gpxdata:cadence>93</gpxdata:cadence>
     <gpxdata:speed>3.894</gpxdata:speed>
    </extensions>
   </trkpt>
   <trkpt lat="25.2014191" lon="121.6740607">
    <ele>22</ele>
    <time>2026-03-14T23:10:45Z</time>
    <extensions>
     <gpxdata:hr>159</gpxdata:hr>
     <gpxdata:distance>4932.00</gpxdata:distance>
     <gpxdata:cadence>93</gpxdata:cadence>
     <gpxdata:speed>3.897</gpxdata:speed>
    </extensions>
   </trkpt>
   <trkpt lat="25.2014054" lon="121.6740245">
    <ele>22</ele>
    <time>2026-03-14T23:10:46Z</time>
    <extensions>
     <gpxdata:hr>160</gpxdata:hr>
     <gpxdata:distance>4935.50</gpxdata:distance>
     <gpxdata:cadence>93</gpxdata:cadence>
     <gpxdata:speed>3.897</gpxdata:speed>
    </extensions>
   </trkpt>
   <trkpt lat="25.2013931" lon="121.6739883">
    <ele>22</ele>
    <time>2026-03-14T23:10:47Z</time>
    <extensions>
     <gpxdata:hr>160</gpxdata:hr>
     <gpxdata:distance>4939.00</gpxdata:distance>
     <gpxdata:cadence>93</gpxdata:cadence>
     <gpxdata:speed>3.900</gpxdata:speed>
    </extensions>
   </trkpt>
   <trkpt lat="25.2013808" lon="121.6739522">
    <ele>22</ele>
    <time>2026-03-14T23:10:48Z</time>
    <extensions>
     <gpxdata:hr>161</gpxdata:hr>
     <gpxdata:distance>4943.00</gpxdata:distance>
     <gpxdata:cadence>93</gpxdata:cadence>
     <gpxdata:speed>3.900</gpxdata:speed>
    </extensions>
   </trkpt>
   <trkpt lat="25.2013699" lon="121.6739160">
    <ele>22</ele>
    <time>2026-03-14T23:10:49Z</time>
    <extensions>
     <gpxdata:hr>161</gpxdata:hr>
     <gpxdata:distance>4947.00</gpxdata:distance>
     <gpxdata:cadence>93</gpxdata:cadence>
     <gpxdata:speed>3.903</gpxdata:speed>
    </extensions>
   </trkpt>
   <trkpt lat="25.2013591" lon="121.6738798">
    <ele>22</ele>
    <time>2026-03-14T23:10:50Z</time>
    <extensions>
     <gpxdata:hr>162</gpxdata:hr>
     <gpxdata:distance>4950.50</gpxdata:distance>
     <gpxdata:cadence>93</gpxdata:cadence>
     <gpxdata:speed>3.903</gpxdata:speed>
    </extensions>
   </trkpt>
   <trkpt lat="25.2013496" lon="121.6738435">
    <ele>22</ele>
    <time>2026-03-14T23:10:51Z</time>
    <extensions>
     <gpxdata:hr>162</gpxdata:hr>
     <gpxdata:distance>4954.00</gpxdata:distance>
     <gpxdata:cadence>93</gpxdata:cadence>
     <gpxdata:speed>3.903</gpxdata:speed>
    </extensions>
   </trkpt>
   <trkpt lat="25.2013401" lon="121.6738072">
    <ele>22</ele>
    <time>2026-03-14T23:10:52Z</time>
    <extensions>
     <gpxdata:hr>163</gpxdata:hr>
     <gpxdata:distance>4958.00</gpxdata:distance>
     <gpxdata:cadence>93</gpxdata:cadence>
     <gpxdata:speed>3.900</gpxdata:speed>
    </extensions>
   </trkpt>
   <trkpt lat="25.2013317" lon="121.6737706">
    <ele>22</ele>
    <time>2026-03-14T23:10:53Z</time>
    <extensions>
     <gpxdata:hr>163</gpxdata:hr>
     <gpxdata:distance>4962.00</gpxdata:distance>
     <gpxdata:cadence>93</gpxdata:cadence>
     <gpxdata:speed>3.897</gpxdata:speed>
    </extensions>
   </trkpt>
   <trkpt lat="25.2013233" lon="121.6737341">
    <ele>22</ele>
    <time>2026-03-14T23:10:54Z</time>
    <extensions>
     <gpxdata:hr>164</gpxdata:hr>
     <gpxdata:distance>4966.00</gpxdata:distance>
     <gpxdata:cadence>93</gpxdata:cadence>
     <gpxdata:speed>3.894</gpxdata:speed>
    </extensions>
   </trkpt>
   <trkpt lat="25.2013158" lon="121.6736970">
    <ele>22</ele>
    <time>2026-03-14T23:10:55Z</time>
    <extensions>
     <gpxdata:hr>164</gpxdata:hr>
     <gpxdata:distance>4970.00</gpxdata:distance>
     <gpxdata:cadence>93</gpxdata:cadence>
     <gpxdata:speed>3.892</gpxdata:speed>
    </extensions>
   </trkpt>
   <trkpt lat="25.2013084" lon="121.6736599">
    <ele>22</ele>
    <time>2026-03-14T23:10:56Z</time>
    <extensions>
     <gpxdata:hr>165</gpxdata:hr>
     <gpxdata:distance>4973.50</gpxdata:distance>
     <gpxdata:cadence>93</gpxdata:cadence>
     <gpxdata:speed>3.889</gpxdata:speed>
    </extensions>
   </trkpt>
   <trkpt lat="25.2013021" lon="121.6736221">
    <ele>22</ele>
    <time>2026-03-14T23:10:57Z</time>
    <extensions>
     <gpxdata:hr>165</gpxdata:hr>
     <gpxdata:distance>4977.00</gpxdata:distance>
     <gpxdata:cadence>94</gpxdata:cadence>
     <gpxdata:speed>3.889</gpxdata:speed>
    </extensions>
   </trkpt>
   <trkpt lat="25.2012959" lon="121.6735844">
    <ele>22</ele>
    <time>2026-03-14T23:10:58Z</time>
    <extensions>
     <gpxdata:hr>166</gpxdata:hr>
     <gpxdata:distance>4981.00</gpxdata:distance>
     <gpxdata:cadence>94</gpxdata:cadence>
     <gpxdata:speed>3.889</gpxdata:speed>
    </extensions>
   </trkpt>
   <trkpt lat="25.2012914" lon="121.6735461">
    <ele>22</ele>
    <time>2026-03-14T23:10:59Z</time>
    <extensions>
     <gpxdata:hr>166</gpxdata:hr>
     <gpxdata:distance>4985.00</gpxdata:distance>
     <gpxdata:cadence>94</gpxdata:cadence>
     <gpxdata:speed>3.889</gpxdata:speed>
    </extensions>
   </trkpt>
   <trkpt lat="25.2012870" lon="121.6735079">
    <ele>22</ele>
    <time>2026-03-14T23:11:00Z</time>
    <extensions>
     <gpxdata:hr>167</gpxdata:hr>
     <gpxdata:distance>4989.00</gpxdata:distance>
     <gpxdata:cadence>93</gpxdata:cadence>
     <gpxdata:speed>3.886</gpxdata:speed>
    </extensions>
   </trkpt>
   <trkpt lat="25.2012839" lon="121.6734697">
    <ele>22</ele>
    <time>2026-03-14T23:11:01Z</time>
    <extensions>
     <gpxdata:hr>167</gpxdata:hr>
     <gpxdata:distance>4993.00</gpxdata:distance>
     <gpxdata:cadence>93</gpxdata:cadence>
     <gpxdata:speed>3.883</gpxdata:speed>
    </extensions>
   </trkpt>
   <trkpt lat="25.2012808" lon="121.6734316">
    <ele>22</ele>
    <time>2026-03-14T23:11:02Z</time>
    <extensions>
     <gpxdata:hr>166</gpxdata:hr>
     <gpxdata:distance>4997.00</gpxdata:distance>
     <gpxdata:cadence>93</gpxdata:cadence>
     <gpxdata:speed>3.883</gpxdata:speed>
    </extensions>
   </trkpt>
   <trkpt lat="25.2012781" lon="121.6733933">
    <ele>22</ele>
    <time>2026-03-14T23:11:03Z</time>
    <extensions>
     <gpxdata:hr>166</gpxdata:hr>
     <gpxdata:distance>5001.00</gpxdata:distance>
     <gpxdata:cadence>93</gpxdata:cadence>
     <gpxdata:speed>3.883</gpxdata:speed>
    </extensions>
   </trkpt>
   <trkpt lat="25.2012754" lon="121.6733551">
    <ele>22</ele>
    <time>2026-03-14T23:11:04Z</time>
    <extensions>
     <gpxdata:hr>166</gpxdata:hr>
     <gpxdata:distance>5004.50</gpxdata:distance>
     <gpxdata:cadence>93</gpxdata:cadence>
     <gpxdata:speed>3.881</gpxdata:speed>
    </extensions>
   </trkpt>
   <trkpt lat="25.2012723" lon="121.6733166">
    <ele>22</ele>
    <time>2026-03-14T23:11:05Z</time>
    <extensions>
     <gpxdata:hr>166</gpxdata:hr>
     <gpxdata:distance>5008.00</gpxdata:distance>
     <gpxdata:cadence>93</gpxdata:cadence>
     <gpxdata:speed>3.881</gpxdata:speed>
    </extensions>
   </trkpt>
   <trkpt lat="25.2012693" lon="121.6732782">
    <ele>22</ele>
    <time>2026-03-14T23:11:06Z</time>
    <extensions>
     <gpxdata:hr>166</gpxdata:hr>
     <gpxdata:distance>5012.00</gpxdata:distance>
     <gpxdata:cadence>93</gpxdata:cadence>
     <gpxdata:speed>3.881</gpxdata:speed>
    </extensions>
   </trkpt>
   <trkpt lat="25.2012659" lon="121.6732394">
    <ele>22</ele>
    <time>2026-03-14T23:11:07Z</time>
    <extensions>
     <gpxdata:hr>165</gpxdata:hr>
     <gpxdata:distance>5016.00</gpxdata:distance>
     <gpxdata:cadence>93</gpxdata:cadence>
     <gpxdata:speed>3.881</gpxdata:speed>
    </extensions>
   </trkpt>
   <trkpt lat="25.2012626" lon="121.6732007">
    <ele>22</ele>
    <time>2026-03-14T23:11:08Z</time>
    <extensions>
     <gpxdata:hr>165</gpxdata:hr>
     <gpxdata:distance>5020.00</gpxdata:distance>
     <gpxdata:cadence>93</gpxdata:cadence>
     <gpxdata:speed>3.881</gpxdata:speed>
    </extensions>
   </trkpt>
   <trkpt lat="25.2012591" lon="121.6731612">
    <ele>22</ele>
    <time>2026-03-14T23:11:09Z</time>
    <extensions>
     <gpxdata:hr>164</gpxdata:hr>
     <gpxdata:distance>5024.00</gpxdata:distance>
     <gpxdata:cadence>94</gpxdata:cadence>
     <gpxdata:speed>3.881</gpxdata:speed>
    </extensions>
   </trkpt>
   <trkpt lat="25.2012557" lon="121.6731218">
    <ele>23</ele>
    <time>2026-03-14T23:11:10Z</time>
    <extensions>
     <gpxdata:hr>164</gpxdata:hr>
     <gpxdata:distance>5028.50</gpxdata:distance>
     <gpxdata:cadence>94</gpxdata:cadence>
     <gpxdata:speed>3.881</gpxdata:speed>
    </extensions>
   </trkpt>
   <trkpt lat="25.2012521" lon="121.6730819">
    <ele>23</ele>
    <time>2026-03-14T23:11:11Z</time>
    <extensions>
     <gpxdata:hr>163</gpxdata:hr>
     <gpxdata:distance>5033.00</gpxdata:distance>
     <gpxdata:cadence>94</gpxdata:cadence>
     <gpxdata:speed>3.883</gpxdata:speed>
    </extensions>
   </trkpt>
   <trkpt lat="25.2012486" lon="121.6730420">
    <ele>23</ele>
    <time>2026-03-14T23:11:12Z</time>
    <extensions>
     <gpxdata:hr>163</gpxdata:hr>
     <gpxdata:distance>5036.50</gpxdata:distance>
     <gpxdata:cadence>93</gpxdata:cadence>
     <gpxdata:speed>3.886</gpxdata:speed>
    </extensions>
   </trkpt>
   <trkpt lat="25.2012453" lon="121.6730027">
    <ele>23</ele>
    <time>2026-03-14T23:11:13Z</time>
    <extensions>
     <gpxdata:hr>162</gpxdata:hr>
     <gpxdata:distance>5040.00</gpxdata:distance>
     <gpxdata:cadence>92</gpxdata:cadence>
     <gpxdata:speed>3.889</gpxdata:speed>
    </extensions>
   </trkpt>
   <trkpt lat="25.2012420" lon="121.6729634">
    <ele>23</ele>
    <time>2026-03-14T23:11:14Z</time>
    <extensions>
     <gpxdata:hr>162</gpxdata:hr>
     <gpxdata:distance>5044.00</gpxdata:distance>
     <gpxdata:cadence>92</gpxdata:cadence>
     <gpxdata:speed>3.889</gpxdata:speed>
    </extensions>
   </trkpt>
   <trkpt lat="25.2012389" lon="121.6729248">
    <ele>23</ele>
    <time>2026-03-14T23:11:15Z</time>
    <extensions>
     <gpxdata:hr>162</gpxdata:hr>
     <gpxdata:distance>5048.00</gpxdata:distance>
     <gpxdata:cadence>91</gpxdata:cadence>
     <gpxdata:speed>3.892</gpxdata:speed>
    </extensions>
   </trkpt>
   <trkpt lat="25.2012358" lon="121.6728863">
    <ele>23</ele>
    <time>2026-03-14T23:11:16Z</time>
    <extensions>
     <gpxdata:hr>161</gpxdata:hr>
     <gpxdata:distance>5052.00</gpxdata:distance>
     <gpxdata:cadence>91</gpxdata:cadence>
     <gpxdata:speed>3.892</gpxdata:speed>
    </extensions>
   </trkpt>
   <trkpt lat="25.2012324" lon="121.6728473">
    <ele>23</ele>
    <time>2026-03-14T23:11:17Z</time>
    <extensions>
     <gpxdata:hr>161</gpxdata:hr>
     <gpxdata:distance>5056.00</gpxdata:distance>
     <gpxdata:cadence>91</gpxdata:cadence>
     <gpxdata:speed>3.894</gpxdata:speed>
    </extensions>
   </trkpt>
   <trkpt lat="25.2012290" lon="121.6728083">
    <ele>23</ele>
    <time>2026-03-14T23:11:18Z</time>
    <extensions>
     <gpxdata:hr>161</gpxdata:hr>
     <gpxdata:distance>5060.00</gpxdata:distance>
     <gpxdata:cadence>91</gpxdata:cadence>
     <gpxdata:speed>3.894</gpxdata:speed>
    </extensions>
   </trkpt>
   <trkpt lat="25.2012256" lon="121.6727688">
    <ele>23</ele>
    <time>2026-03-14T23:11:19Z</time>
    <extensions>
     <gpxdata:hr>161</gpxdata:hr>
     <gpxdata:distance>5064.00</gpxdata:distance>
     <gpxdata:cadence>91</gpxdata:cadence>
     <gpxdata:speed>3.897</gpxdata:speed>
    </extensions>
   </trkpt>
   <trkpt lat="25.2012222" lon="121.6727293">
    <ele>23</ele>
    <time>2026-03-14T23:11:20Z</time>
    <extensions>
     <gpxdata:hr>161</gpxdata:hr>
     <gpxdata:distance>5068.00</gpxdata:distance>
     <gpxdata:cadence>91</gpxdata:cadence>
     <gpxdata:speed>3.900</gpxdata:speed>
    </extensions>
   </trkpt>
   <trkpt lat="25.2012186" lon="121.6726898">
    <ele>23</ele>
    <time>2026-03-14T23:11:21Z</time>
    <extensions>
     <gpxdata:hr>162</gpxdata:hr>
     <gpxdata:distance>5072.00</gpxdata:distance>
     <gpxdata:cadence>92</gpxdata:cadence>
     <gpxdata:speed>3.903</gpxdata:speed>
    </extensions>
   </trkpt>
   <trkpt lat="25.2012151" lon="121.6726503">
    <ele>23</ele>
    <time>2026-03-14T23:11:22Z</time>
    <extensions>
     <gpxdata:hr>162</gpxdata:hr>
     <gpxdata:distance>5076.00</gpxdata:distance>
     <gpxdata:cadence>92</gpxdata:cadence>
     <gpxdata:speed>3.906</gpxdata:speed>
    </extensions>
   </trkpt>
   <trkpt lat="25.2012111" lon="121.6726107">
    <ele>23</ele>
    <time>2026-03-14T23:11:23Z</time>
    <extensions>
     <gpxdata:hr>163</gpxdata:hr>
     <gpxdata:distance>5080.00</gpxdata:distance>
     <gpxdata:cadence>93</gpxdata:cadence>
     <gpxdata:speed>3.911</gpxdata:speed>
    </extensions>
   </trkpt>
   <trkpt lat="25.2012071" lon="121.6725711">
    <ele>23</ele>
    <time>2026-03-14T23:11:24Z</time>
    <extensions>
     <gpxdata:hr>163</gpxdata:hr>
     <gpxdata:distance>5084.00</gpxdata:distance>
     <gpxdata:cadence>93</gpxdata:cadence>
     <gpxdata:speed>3.914</gpxdata:speed>
    </extensions>
   </trkpt>
   <trkpt lat="25.2012031" lon="121.6725313">
    <ele>23</ele>
    <time>2026-03-14T23:11:25Z</time>
    <extensions>
     <gpxdata:hr>164</gpxdata:hr>
     <gpxdata:distance>5088.00</gpxdata:distance>
     <gpxdata:cadence>93</gpxdata:cadence>
     <gpxdata:speed>3.919</gpxdata:speed>
    </extensions>
   </trkpt>
   <trkpt lat="25.2011991" lon="121.6724916">
    <ele>23</ele>
    <time>2026-03-14T23:11:26Z</time>
    <extensions>
     <gpxdata:hr>164</gpxdata:hr>
     <gpxdata:distance>5092.00</gpxdata:distance>
     <gpxdata:cadence>93</gpxdata:cadence>
     <gpxdata:speed>3.922</gpxdata:speed>
    </extensions>
   </trkpt>
   <trkpt lat="25.2011957" lon="121.6724522">
    <ele>23</ele>
    <time>2026-03-14T23:11:27Z</time>
    <extensions>
     <gpxdata:hr>165</gpxdata:hr>
     <gpxdata:distance>5096.00</gpxdata:distance>
     <gpxdata:cadence>93</gpxdata:cadence>
     <gpxdata:speed>3.928</gpxdata:speed>
    </extensions>
   </trkpt>
   <trkpt lat="25.2011923" lon="121.6724129">
    <ele>23</ele>
    <time>2026-03-14T23:11:28Z</time>
    <extensions>
     <gpxdata:hr>165</gpxdata:hr>
     <gpxdata:distance>5100.00</gpxdata:distance>
     <gpxdata:cadence>93</gpxdata:cadence>
     <gpxdata:speed>3.931</gpxdata:speed>
    </extensions>
   </trkpt>
   <trkpt lat="25.2011893" lon="121.6723744">
    <ele>23</ele>
    <time>2026-03-14T23:11:29Z</time>
    <extensions>
     <gpxdata:hr>166</gpxdata:hr>
     <gpxdata:distance>5104.00</gpxdata:distance>
     <gpxdata:cadence>93</gpxdata:cadence>
     <gpxdata:speed>3.933</gpxdata:speed>
    </extensions>
   </trkpt>
   <trkpt lat="25.2011864" lon="121.6723359">
    <ele>23</ele>
    <time>2026-03-14T23:11:30Z</time>
    <extensions>
     <gpxdata:hr>166</gpxdata:hr>
     <gpxdata:distance>5107.50</gpxdata:distance>
     <gpxdata:cadence>93</gpxdata:cadence>
     <gpxdata:speed>3.936</gpxdata:speed>
    </extensions>
   </trkpt>
   <trkpt lat="25.2011833" lon="121.6722979">
    <ele>23</ele>
    <time>2026-03-14T23:11:31Z</time>
    <extensions>
     <gpxdata:hr>167</gpxdata:hr>
     <gpxdata:distance>5111.00</gpxdata:distance>
     <gpxdata:cadence>93</gpxdata:cadence>
     <gpxdata:speed>3.942</gpxdata:speed>
    </extensions>
   </trkpt>
   <trkpt lat="25.2011802" lon="121.6722599">
    <ele>23</ele>
    <time>2026-03-14T23:11:32Z</time>
    <extensions>
     <gpxdata:hr>167</gpxdata:hr>
     <gpxdata:distance>5115.00</gpxdata:distance>
     <gpxdata:cadence>93</gpxdata:cadence>
     <gpxdata:speed>3.942</gpxdata:speed>
    </extensions>
   </trkpt>
   <trkpt lat="25.2011777" lon="121.6722217">
    <ele>23</ele>
    <time>2026-03-14T23:11:33Z</time>
    <extensions>
     <gpxdata:hr>168</gpxdata:hr>
     <gpxdata:distance>5119.00</gpxdata:distance>
     <gpxdata:cadence>93</gpxdata:cadence>
     <gpxdata:speed>3.942</gpxdata:speed>
    </extensions>
   </trkpt>
   <trkpt lat="25.2011752" lon="121.6721836">
    <ele>23</ele>
    <time>2026-03-14T23:11:34Z</time>
    <extensions>
     <gpxdata:hr>168</gpxdata:hr>
     <gpxdata:distance>5123.00</gpxdata:distance>
     <gpxdata:cadence>93</gpxdata:cadence>
     <gpxdata:speed>3.939</gpxdata:speed>
    </extensions>
   </trkpt>
   <trkpt lat="25.2011741" lon="121.6721455">
    <ele>23</ele>
    <time>2026-03-14T23:11:35Z</time>
    <extensions>
     <gpxdata:hr>169</gpxdata:hr>
     <gpxdata:distance>5127.00</gpxdata:distance>
     <gpxdata:cadence>93</gpxdata:cadence>
     <gpxdata:speed>3.936</gpxdata:speed>
    </extensions>
   </trkpt>
   <trkpt lat="25.2011730" lon="121.6721074">
    <ele>23</ele>
    <time>2026-03-14T23:11:36Z</time>
    <extensions>
     <gpxdata:hr>169</gpxdata:hr>
     <gpxdata:distance>5130.50</gpxdata:distance>
     <gpxdata:cadence>93</gpxdata:cadence>
     <gpxdata:speed>3.933</gpxdata:speed>
    </extensions>
   </trkpt>
   <trkpt lat="25.2011730" lon="121.6720696">
    <ele>23</ele>
    <time>2026-03-14T23:11:37Z</time>
    <extensions>
     <gpxdata:hr>170</gpxdata:hr>
     <gpxdata:distance>5134.00</gpxdata:distance>
     <gpxdata:cadence>93</gpxdata:cadence>
     <gpxdata:speed>3.931</gpxdata:speed>
    </extensions>
   </trkpt>
   <trkpt lat="25.2011731" lon="121.6720319">
    <ele>23</ele>
    <time>2026-03-14T23:11:38Z</time>
    <extensions>
     <gpxdata:hr>170</gpxdata:hr>
     <gpxdata:distance>5138.00</gpxdata:distance>
     <gpxdata:cadence>92</gpxdata:cadence>
     <gpxdata:speed>3.917</gpxdata:speed>
    </extensions>
   </trkpt>
   <trkpt lat="25.2011742" lon="121.6719946">
    <ele>23</ele>
    <time>2026-03-14T23:11:39Z</time>
    <extensions>
     <gpxdata:hr>171</gpxdata:hr>
     <gpxdata:distance>5142.00</gpxdata:distance>
     <gpxdata:cadence>92</gpxdata:cadence>
     <gpxdata:speed>3.906</gpxdata:speed>
    </extensions>
   </trkpt>
   <trkpt lat="25.2011753" lon="121.6719574">
    <ele>23</ele>
    <time>2026-03-14T23:11:40Z</time>
    <extensions>
     <gpxdata:hr>171</gpxdata:hr>
     <gpxdata:distance>5145.50</gpxdata:distance>
     <gpxdata:cadence>92</gpxdata:cadence>
     <gpxdata:speed>3.897</gpxdata:speed>
    </extensions>
   </trkpt>
   <trkpt lat="25.2011782" lon="121.6719209">
    <ele>23</ele>
    <time>2026-03-14T23:11:41Z</time>
    <extensions>
     <gpxdata:hr>172</gpxdata:hr>
     <gpxdata:distance>5149.00</gpxdata:distance>
     <gpxdata:cadence>92</gpxdata:cadence>
     <gpxdata:speed>3.889</gpxdata:speed>
    </extensions>
   </trkpt>
   <trkpt lat="25.2011811" lon="121.6718844">
    <ele>23</ele>
    <time>2026-03-14T23:11:42Z</time>
    <extensions>
     <gpxdata:hr>172</gpxdata:hr>
     <gpxdata:distance>5153.00</gpxdata:distance>
     <gpxdata:cadence>92</gpxdata:cadence>
     <gpxdata:speed>3.883</gpxdata:speed>
    </extensions>
   </trkpt>
   <trkpt lat="25.2011863" lon="121.6718486">
    <ele>23</ele>
    <time>2026-03-14T23:11:43Z</time>
    <extensions>
     <gpxdata:hr>173</gpxdata:hr>
     <gpxdata:distance>5157.00</gpxdata:distance>
     <gpxdata:cadence>92</gpxdata:cadence>
     <gpxdata:speed>3.878</gpxdata:speed>
    </extensions>
   </trkpt>
   <trkpt lat="25.2011916" lon="121.6718129">
    <ele>23</ele>
    <time>2026-03-14T23:11:44Z</time>
    <extensions>
     <gpxdata:hr>173</gpxdata:hr>
     <gpxdata:distance>5160.50</gpxdata:distance>
     <gpxdata:cadence>92</gpxdata:cadence>
     <gpxdata:speed>3.864</gpxdata:speed>
    </extensions>
   </trkpt>
   <trkpt lat="25.2011989" lon="121.6717779">
    <ele>23</ele>
    <time>2026-03-14T23:11:45Z</time>
    <extensions>
     <gpxdata:hr>174</gpxdata:hr>
     <gpxdata:distance>5164.00</gpxdata:distance>
     <gpxdata:cadence>92</gpxdata:cadence>
     <gpxdata:speed>3.850</gpxdata:speed>
    </extensions>
   </trkpt>
   <trkpt lat="25.2012063" lon="121.6717430">
    <ele>23</ele>
    <time>2026-03-14T23:11:46Z</time>
    <extensions>
     <gpxdata:hr>174</gpxdata:hr>
     <gpxdata:distance>5167.50</gpxdata:distance>
     <gpxdata:cadence>92</gpxdata:cadence>
     <gpxdata:speed>3.842</gpxdata:speed>
    </extensions>
   </trkpt>
   <trkpt lat="25.2012153" lon="121.6717087">
    <ele>23</ele>
    <time>2026-03-14T23:11:47Z</time>
    <extensions>
     <gpxdata:hr>175</gpxdata:hr>
     <gpxdata:distance>5171.00</gpxdata:distance>
     <gpxdata:cadence>92</gpxdata:cadence>
     <gpxdata:speed>3.836</gpxdata:speed>
    </extensions>
   </trkpt>
   <trkpt lat="25.2012243" lon="121.6716745">
    <ele>23</ele>
    <time>2026-03-14T23:11:48Z</time>
    <extensions>
     <gpxdata:hr>175</gpxdata:hr>
     <gpxdata:distance>5174.50</gpxdata:distance>
     <gpxdata:cadence>92</gpxdata:cadence>
     <gpxdata:speed>3.828</gpxdata:speed>
    </extensions>
   </trkpt>
   <trkpt lat="25.2012348" lon="121.6716411">
    <ele>23</ele>
    <time>2026-03-14T23:11:49Z</time>
    <extensions>
     <gpxdata:hr>176</gpxdata:hr>
     <gpxdata:distance>5178.00</gpxdata:distance>
     <gpxdata:cadence>93</gpxdata:cadence>
     <gpxdata:speed>3.822</gpxdata:speed>
    </extensions>
   </trkpt>
   <trkpt lat="25.2012453" lon="121.6716078">
    <ele>23</ele>
    <time>2026-03-14T23:11:50Z</time>
    <extensions>
     <gpxdata:hr>176</gpxdata:hr>
     <gpxdata:distance>5181.50</gpxdata:distance>
     <gpxdata:cadence>93</gpxdata:cadence>
     <gpxdata:speed>3.817</gpxdata:speed>
    </extensions>
   </trkpt>
   <trkpt lat="25.2012570" lon="121.6715751">
    <ele>23</ele>
    <time>2026-03-14T23:11:51Z</time>
    <extensions>
     <gpxdata:hr>177</gpxdata:hr>
     <gpxdata:distance>5185.00</gpxdata:distance>
     <gpxdata:cadence>93</gpxdata:cadence>
     <gpxdata:speed>3.811</gpxdata:speed>
    </extensions>
   </trkpt>
   <trkpt lat="25.2012688" lon="121.6715424">
    <ele>23</ele>
    <time>2026-03-14T23:11:52Z</time>
    <extensions>
     <gpxdata:hr>177</gpxdata:hr>
     <gpxdata:distance>5188.50</gpxdata:distance>
     <gpxdata:cadence>93</gpxdata:cadence>
     <gpxdata:speed>3.806</gpxdata:speed>
    </extensions>
   </trkpt>
   <trkpt lat="25.2012823" lon="121.6715106">
    <ele>23</ele>
    <time>2026-03-14T23:11:53Z</time>
    <extensions>
     <gpxdata:hr>178</gpxdata:hr>
     <gpxdata:distance>5192.00</gpxdata:distance>
     <gpxdata:cadence>93</gpxdata:cadence>
     <gpxdata:speed>3.800</gpxdata:speed>
    </extensions>
   </trkpt>
   <trkpt lat="25.2012958" lon="121.6714788">
    <ele>23</ele>
    <time>2026-03-14T23:11:54Z</time>
    <extensions>
     <gpxdata:hr>178</gpxdata:hr>
     <gpxdata:distance>5195.50</gpxdata:distance>
     <gpxdata:cadence>93</gpxdata:cadence>
     <gpxdata:speed>3.792</gpxdata:speed>
    </extensions>
   </trkpt>
   <trkpt lat="25.2013113" lon="121.6714481">
    <ele>23</ele>
    <time>2026-03-14T23:11:55Z</time>
    <extensions>
     <gpxdata:hr>179</gpxdata:hr>
     <gpxdata:distance>5199.00</gpxdata:distance>
     <gpxdata:cadence>93</gpxdata:cadence>
     <gpxdata:speed>3.786</gpxdata:speed>
    </extensions>
   </trkpt>
   <trkpt lat="25.2013268" lon="121.6714174">
    <ele>23</ele>
    <time>2026-03-14T23:11:56Z</time>
    <extensions>
     <gpxdata:hr>179</gpxdata:hr>
     <gpxdata:distance>5202.50</gpxdata:distance>
     <gpxdata:cadence>93</gpxdata:cadence>
     <gpxdata:speed>3.781</gpxdata:speed>
    </extensions>
   </trkpt>
   <trkpt lat="25.2013440" lon="121.6713872">
    <ele>23</ele>
    <time>2026-03-14T23:11:57Z</time>
    <extensions>
     <gpxdata:hr>180</gpxdata:hr>
     <gpxdata:distance>5206.00</gpxdata:distance>
     <gpxdata:cadence>93</gpxdata:cadence>
     <gpxdata:speed>3.778</gpxdata:speed>
    </extensions>
   </trkpt>
   <trkpt lat="25.2013613" lon="121.6713570">
    <ele>23</ele>
    <time>2026-03-14T23:11:58Z</time>
    <extensions>
     <gpxdata:hr>180</gpxdata:hr>
     <gpxdata:distance>5210.00</gpxdata:distance>
     <gpxdata:cadence>93</gpxdata:cadence>
     <gpxdata:speed>3.772</gpxdata:speed>
    </extensions>
   </trkpt>
   <trkpt lat="25.2013800" lon="121.6713269">
    <ele>23</ele>
    <time>2026-03-14T23:11:59Z</time>
    <extensions>
     <gpxdata:hr>181</gpxdata:hr>
     <gpxdata:distance>5214.00</gpxdata:distance>
     <gpxdata:cadence>93</gpxdata:cadence>
     <gpxdata:speed>3.769</gpxdata:speed>
    </extensions>
   </trkpt>
   <trkpt lat="25.2013987" lon="121.6712968">
    <ele>24</ele>
    <time>2026-03-14T23:12:00Z</time>
    <extensions>
     <gpxdata:hr>181</gpxdata:hr>
     <gpxdata:distance>5218.00</gpxdata:distance>
     <gpxdata:cadence>93</gpxdata:cadence>
     <gpxdata:speed>3.767</gpxdata:speed>
    </extensions>
   </trkpt>
   <trkpt lat="25.2014188" lon="121.6712669">
    <ele>24</ele>
    <time>2026-03-14T23:12:01Z</time>
    <extensions>
     <gpxdata:hr>182</gpxdata:hr>
     <gpxdata:distance>5222.00</gpxdata:distance>
     <gpxdata:cadence>93</gpxdata:cadence>
     <gpxdata:speed>3.767</gpxdata:speed>
    </extensions>
   </trkpt>
   <trkpt lat="25.2014389" lon="121.6712370">
    <ele>24</ele>
    <time>2026-03-14T23:12:02Z</time>
    <extensions>
     <gpxdata:hr>182</gpxdata:hr>
     <gpxdata:distance>5225.50</gpxdata:distance>
     <gpxdata:cadence>93</gpxdata:cadence>
     <gpxdata:speed>3.764</gpxdata:speed>
    </extensions>
   </trkpt>
   <trkpt lat="25.2014603" lon="121.6712077">
    <ele>24</ele>
    <time>2026-03-14T23:12:03Z</time>
    <extensions>
     <gpxdata:hr>183</gpxdata:hr>
     <gpxdata:distance>5229.00</gpxdata:distance>
     <gpxdata:cadence>93</gpxdata:cadence>
     <gpxdata:speed>3.764</gpxdata:speed>
    </extensions>
   </trkpt>
   <trkpt lat="25.2014817" lon="121.6711785">
    <ele>24</ele>
    <time>2026-03-14T23:12:04Z</time>
    <extensions>
     <gpxdata:hr>183</gpxdata:hr>
     <gpxdata:distance>5233.00</gpxdata:distance>
     <gpxdata:cadence>92</gpxdata:cadence>
     <gpxdata:speed>3.761</gpxdata:speed>
    </extensions>
   </trkpt>
   <trkpt lat="25.2015047" lon="121.6711504">
    <ele>24</ele>
    <time>2026-03-14T23:12:05Z</time>
    <extensions>
     <gpxdata:hr>184</gpxdata:hr>
     <gpxdata:distance>5237.00</gpxdata:distance>
     <gpxdata:cadence>92</gpxdata:cadence>
     <gpxdata:speed>3.758</gpxdata:speed>
    </extensions>
   </trkpt>
   <trkpt lat="25.2015278" lon="121.6711224">
    <ele>24</ele>
    <time>2026-03-14T23:12:06Z</time>
    <extensions>
     <gpxdata:hr>184</gpxdata:hr>
     <gpxdata:distance>5240.50</gpxdata:distance>
     <gpxdata:cadence>92</gpxdata:cadence>
     <gpxdata:speed>3.756</gpxdata:speed>
    </extensions>
   </trkpt>
   <trkpt lat="25.2015523" lon="121.6710955">
    <ele>24</ele>
    <time>2026-03-14T23:12:07Z</time>
    <extensions>
     <gpxdata:hr>185</gpxdata:hr>
     <gpxdata:distance>5244.00</gpxdata:distance>
     <gpxdata:cadence>92</gpxdata:cadence>
     <gpxdata:speed>3.756</gpxdata:speed>
    </extensions>
   </trkpt>
   <trkpt lat="25.2015769" lon="121.6710686">
    <ele>24</ele>
    <time>2026-03-14T23:12:08Z</time>
    <extensions>
     <gpxdata:hr>185</gpxdata:hr>
     <gpxdata:distance>5248.00</gpxdata:distance>
     <gpxdata:cadence>92</gpxdata:cadence>
     <gpxdata:speed>3.758</gpxdata:speed>
    </extensions>
   </trkpt>
   <trkpt lat="25.2016025" lon="121.6710428">
    <ele>24</ele>
    <time>2026-03-14T23:12:09Z</time>
    <extensions>
     <gpxdata:hr>186</gpxdata:hr>
     <gpxdata:distance>5252.00</gpxdata:distance>
     <gpxdata:cadence>93</gpxdata:cadence>
     <gpxdata:speed>3.764</gpxdata:speed>
    </extensions>
   </trkpt>
   <trkpt lat="25.2016282" lon="121.6710170">
    <ele>25</ele>
    <time>2026-03-14T23:12:10Z</time>
    <extensions>
     <gpxdata:hr>186</gpxdata:hr>
     <gpxdata:distance>5256.00</gpxdata:distance>
     <gpxdata:cadence>93</gpxdata:cadence>
     <gpxdata:speed>3.769</gpxdata:speed>
    </extensions>
   </trkpt>
   <trkpt lat="25.2016548" lon="121.6709915">
    <ele>25</ele>
    <time>2026-03-14T23:12:11Z</time>
    <extensions>
     <gpxdata:hr>187</gpxdata:hr>
     <gpxdata:distance>5260.00</gpxdata:distance>
     <gpxdata:cadence>93</gpxdata:cadence>
     <gpxdata:speed>3.775</gpxdata:speed>
    </extensions>
   </trkpt>
   <trkpt lat="25.2016814" lon="121.6709660">
    <ele>25</ele>
    <time>2026-03-14T23:12:12Z</time>
    <extensions>
     <gpxdata:hr>187</gpxdata:hr>
     <gpxdata:distance>5264.00</gpxdata:distance>
     <gpxdata:cadence>93</gpxdata:cadence>
     <gpxdata:speed>3.781</gpxdata:speed>
    </extensions>
   </trkpt>
   <trkpt lat="25.2017086" lon="121.6709401">
    <ele>25</ele>
    <time>2026-03-14T23:12:13Z</time>
    <extensions>
     <gpxdata:hr>188</gpxdata:hr>
     <gpxdata:distance>5268.00</gpxdata:distance>
     <gpxdata:cadence>94</gpxdata:cadence>
     <gpxdata:speed>3.789</gpxdata:speed>
    </extensions>
   </trkpt>
   <trkpt lat="25.2017358" lon="121.6709143">
    <ele>25</ele>
    <time>2026-03-14T23:12:14Z</time>
    <extensions>
     <gpxdata:hr>188</gpxdata:hr>
     <gpxdata:distance>5272.00</gpxdata:distance>
     <gpxdata:cadence>94</gpxdata:cadence>
     <gpxdata:speed>3.794</gpxdata:speed>
    </extensions>
   </trkpt>
   <trkpt lat="25.2017631" lon="121.6708890">
    <ele>25</ele>
    <time>2026-03-14T23:12:15Z</time>
    <extensions>
     <gpxdata:hr>188</gpxdata:hr>
     <gpxdata:distance>5276.00</gpxdata:distance>
     <gpxdata:cadence>94</gpxdata:cadence>
     <gpxdata:speed>3.800</gpxdata:speed>
    </extensions>
   </trkpt>
   <trkpt lat="25.2017905" lon="121.6708637">
    <ele>25</ele>
    <time>2026-03-14T23:12:16Z</time>
    <extensions>
     <gpxdata:hr>188</gpxdata:hr>
     <gpxdata:distance>5280.00</gpxdata:distance>
     <gpxdata:cadence>94</gpxdata:cadence>
     <gpxdata:speed>3.803</gpxdata:speed>
    </extensions>
   </trkpt>
   <trkpt lat="25.2018178" lon="121.6708390">
    <ele>25</ele>
    <time>2026-03-14T23:12:17Z</time>
    <extensions>
     <gpxdata:hr>188</gpxdata:hr>
     <gpxdata:distance>5284.00</gpxdata:distance>
     <gpxdata:cadence>94</gpxdata:cadence>
     <gpxdata:speed>3.808</gpxdata:speed>
    </extensions>
   </trkpt>
   <trkpt lat="25.2018451" lon="121.6708143">
    <ele>25</ele>
    <time>2026-03-14T23:12:18Z</time>
    <extensions>
     <gpxdata:hr>189</gpxdata:hr>
     <gpxdata:distance>5288.00</gpxdata:distance>
     <gpxdata:cadence>93</gpxdata:cadence>
     <gpxdata:speed>3.811</gpxdata:speed>
    </extensions>
   </trkpt>
   <trkpt lat="25.2018722" lon="121.6707899">
    <ele>25</ele>
    <time>2026-03-14T23:12:19Z</time>
    <extensions>
     <gpxdata:hr>189</gpxdata:hr>
     <gpxdata:distance>5292.00</gpxdata:distance>
     <gpxdata:cadence>93</gpxdata:cadence>
     <gpxdata:speed>3.814</gpxdata:speed>
    </extensions>
   </trkpt>
   <trkpt lat="25.2018993" lon="121.6707656">
    <ele>25</ele>
    <time>2026-03-14T23:12:20Z</time>
    <extensions>
     <gpxdata:hr>189</gpxdata:hr>
     <gpxdata:distance>5295.50</gpxdata:distance>
     <gpxdata:cadence>93</gpxdata:cadence>
     <gpxdata:speed>3.817</gpxdata:speed>
    </extensions>
   </trkpt>
   <trkpt lat="25.2019266" lon="121.6707410">
    <ele>25</ele>
    <time>2026-03-14T23:12:21Z</time>
    <extensions>
     <gpxdata:hr>189</gpxdata:hr>
     <gpxdata:distance>5299.00</gpxdata:distance>
     <gpxdata:cadence>94</gpxdata:cadence>
     <gpxdata:speed>3.819</gpxdata:speed>
    </extensions>
   </trkpt>
   <trkpt lat="25.2019540" lon="121.6707165">
    <ele>25</ele>
    <time>2026-03-14T23:12:22Z</time>
    <extensions>
     <gpxdata:hr>189</gpxdata:hr>
     <gpxdata:distance>5303.00</gpxdata:distance>
     <gpxdata:cadence>94</gpxdata:cadence>
     <gpxdata:speed>3.822</gpxdata:speed>
    </extensions>
   </trkpt>
   <trkpt lat="25.2019817" lon="121.6706915">
    <ele>25</ele>
    <time>2026-03-14T23:12:23Z</time>
    <extensions>
     <gpxdata:hr>189</gpxdata:hr>
     <gpxdata:distance>5307.00</gpxdata:distance>
     <gpxdata:cadence>94</gpxdata:cadence>
     <gpxdata:speed>3.825</gpxdata:speed>
    </extensions>
   </trkpt>
   <trkpt lat="25.2020095" lon="121.6706666">
    <ele>25</ele>
    <time>2026-03-14T23:12:24Z</time>
    <extensions>
     <gpxdata:hr>189</gpxdata:hr>
     <gpxdata:distance>5311.00</gpxdata:distance>
     <gpxdata:cadence>94</gpxdata:cadence>
     <gpxdata:speed>3.828</gpxdata:speed>
    </extensions>
   </trkpt>
   <trkpt lat="25.2020375" lon="121.6706418">
    <ele>26</ele>
    <time>2026-03-14T23:12:25Z</time>
    <extensions>
     <gpxdata:hr>190</gpxdata:hr>
     <gpxdata:distance>5315.00</gpxdata:distance>
     <gpxdata:cadence>94</gpxdata:cadence>
     <gpxdata:speed>3.831</gpxdata:speed>
    </extensions>
   </trkpt>
   <trkpt lat="25.2020656" lon="121.6706171">
    <ele>26</ele>
    <time>2026-03-14T23:12:26Z</time>
    <extensions>
     <gpxdata:hr>190</gpxdata:hr>
     <gpxdata:distance>5319.00</gpxdata:distance>
     <gpxdata:cadence>93</gpxdata:cadence>
     <gpxdata:speed>3.833</gpxdata:speed>
    </extensions>
   </trkpt>
   <trkpt lat="25.2020934" lon="121.6705931">
    <ele>26</ele>
    <time>2026-03-14T23:12:27Z</time>
    <extensions>
     <gpxdata:hr>191</gpxdata:hr>
     <gpxdata:distance>5323.00</gpxdata:distance>
     <gpxdata:cadence>93</gpxdata:cadence>
     <gpxdata:speed>3.836</gpxdata:speed>
    </extensions>
   </trkpt>
   <trkpt lat="25.2021213" lon="121.6705692">
    <ele>26</ele>
    <time>2026-03-14T23:12:28Z</time>
    <extensions>
     <gpxdata:hr>191</gpxdata:hr>
     <gpxdata:distance>5327.00</gpxdata:distance>
     <gpxdata:cadence>93</gpxdata:cadence>
     <gpxdata:speed>3.836</gpxdata:speed>
    </extensions>
   </trkpt>
   <trkpt lat="25.2021483" lon="121.6705453">
    <ele>26</ele>
    <time>2026-03-14T23:12:29Z</time>
    <extensions>
     <gpxdata:hr>191</gpxdata:hr>
     <gpxdata:distance>5331.00</gpxdata:distance>
     <gpxdata:cadence>92</gpxdata:cadence>
     <gpxdata:speed>3.839</gpxdata:speed>
    </extensions>
   </trkpt>
   <trkpt lat="25.2021753" lon="121.6705214">
    <ele>26</ele>
    <time>2026-03-14T23:12:30Z</time>
    <extensions>
     <gpxdata:hr>191</gpxdata:hr>
     <gpxdata:distance>5334.50</gpxdata:distance>
     <gpxdata:cadence>92</gpxdata:cadence>
     <gpxdata:speed>3.842</gpxdata:speed>
    </extensions>
   </trkpt>
   <trkpt lat="25.2022013" lon="121.6704966">
    <ele>26</ele>
    <time>2026-03-14T23:12:31Z</time>
    <extensions>
     <gpxdata:hr>191</gpxdata:hr>
     <gpxdata:distance>5338.00</gpxdata:distance>
     <gpxdata:cadence>92</gpxdata:cadence>
     <gpxdata:speed>3.844</gpxdata:speed>
    </extensions>
   </trkpt>
   <trkpt lat="25.2022274" lon="121.6704718">
    <ele>26</ele>
    <time>2026-03-14T23:12:32Z</time>
    <extensions>
     <gpxdata:hr>193</gpxdata:hr>
     <gpxdata:distance>5342.00</gpxdata:distance>
     <gpxdata:cadence>92</gpxdata:cadence>
     <gpxdata:speed>3.847</gpxdata:speed>
    </extensions>
   </trkpt>
   <trkpt lat="25.2022527" lon="121.6704456">
    <ele>26</ele>
    <time>2026-03-14T23:12:33Z</time>
    <extensions>
     <gpxdata:hr>194</gpxdata:hr>
     <gpxdata:distance>5346.00</gpxdata:distance>
     <gpxdata:cadence>92</gpxdata:cadence>
     <gpxdata:speed>3.850</gpxdata:speed>
    </extensions>
   </trkpt>
   <trkpt lat="25.2022780" lon="121.6704195">
    <ele>26</ele>
    <time>2026-03-14T23:12:34Z</time>
    <extensions>
     <gpxdata:hr>194</gpxdata:hr>
     <gpxdata:distance>5350.00</gpxdata:distance>
     <gpxdata:cadence>92</gpxdata:cadence>
     <gpxdata:speed>3.850</gpxdata:speed>
    </extensions>
   </trkpt>
   <trkpt lat="25.2023028" lon="121.6703920">
    <ele>26</ele>
    <time>2026-03-14T23:12:35Z</time>
    <extensions>
     <gpxdata:hr>194</gpxdata:hr>
     <gpxdata:distance>5354.00</gpxdata:distance>
     <gpxdata:cadence>93</gpxdata:cadence>
     <gpxdata:speed>3.850</gpxdata:speed>
    </extensions>
   </trkpt>
   <trkpt lat="25.2023276" lon="121.6703646">
    <ele>26</ele>
    <time>2026-03-14T23:12:36Z</time>
    <extensions>
     <gpxdata:hr>195</gpxdata:hr>
     <gpxdata:distance>5358.00</gpxdata:distance>
     <gpxdata:cadence>93</gpxdata:cadence>
     <gpxdata:speed>3.850</gpxdata:speed>
    </extensions>
   </trkpt>
   <trkpt lat="25.2023519" lon="121.6703359">
    <ele>26</ele>
    <time>2026-03-14T23:12:37Z</time>
    <extensions>
     <gpxdata:hr>195</gpxdata:hr>
     <gpxdata:distance>5362.00</gpxdata:distance>
     <gpxdata:cadence>93</gpxdata:cadence>
     <gpxdata:speed>3.853</gpxdata:speed>
    </extensions>
   </trkpt>
   <trkpt lat="25.2023762" lon="121.6703073">
    <ele>26</ele>
    <time>2026-03-14T23:12:38Z</time>
    <extensions>
     <gpxdata:hr>196</gpxdata:hr>
     <gpxdata:distance>5366.00</gpxdata:distance>
     <gpxdata:cadence>93</gpxdata:cadence>
     <gpxdata:speed>3.853</gpxdata:speed>
    </extensions>
   </trkpt>
   <trkpt lat="25.2023997" lon="121.6702770">
    <ele>26</ele>
    <time>2026-03-14T23:12:39Z</time>
    <extensions>
     <gpxdata:hr>196</gpxdata:hr>
     <gpxdata:distance>5370.00</gpxdata:distance>
     <gpxdata:cadence>93</gpxdata:cadence>
     <gpxdata:speed>3.856</gpxdata:speed>
    </extensions>
   </trkpt>
   <trkpt lat="25.2024232" lon="121.6702467">
    <ele>26</ele>
    <time>2026-03-14T23:12:40Z</time>
    <extensions>
     <gpxdata:hr>196</gpxdata:hr>
     <gpxdata:distance>5374.50</gpxdata:distance>
     <gpxdata:cadence>93</gpxdata:cadence>
     <gpxdata:speed>3.858</gpxdata:speed>
    </extensions>
   </trkpt>
   <trkpt lat="25.2024454" lon="121.6702142">
    <ele>25</ele>
    <time>2026-03-14T23:12:41Z</time>
    <extensions>
     <gpxdata:hr>195</gpxdata:hr>
     <gpxdata:distance>5379.00</gpxdata:distance>
     <gpxdata:cadence>93</gpxdata:cadence>
     <gpxdata:speed>3.864</gpxdata:speed>
    </extensions>
   </trkpt>
   <trkpt lat="25.2024677" lon="121.6701817">
    <ele>25</ele>
    <time>2026-03-14T23:12:42Z</time>
    <extensions>
     <gpxdata:hr>195</gpxdata:hr>
     <gpxdata:distance>5383.00</gpxdata:distance>
     <gpxdata:cadence>92</gpxdata:cadence>
     <gpxdata:speed>3.867</gpxdata:speed>
    </extensions>
   </trkpt>
   <trkpt lat="25.2024881" lon="121.6701482">
    <ele>25</ele>
    <time>2026-03-14T23:12:43Z</time>
    <extensions>
     <gpxdata:hr>194</gpxdata:hr>
     <gpxdata:distance>5387.00</gpxdata:distance>
     <gpxdata:cadence>91</gpxdata:cadence>
     <gpxdata:speed>3.869</gpxdata:speed>
    </extensions>
   </trkpt>
   <trkpt lat="25.2025086" lon="121.6701148">
    <ele>25</ele>
    <time>2026-03-14T23:12:44Z</time>
    <extensions>
     <gpxdata:hr>194</gpxdata:hr>
     <gpxdata:distance>5390.50</gpxdata:distance>
     <gpxdata:cadence>91</gpxdata:cadence>
     <gpxdata:speed>3.872</gpxdata:speed>
    </extensions>
   </trkpt>
   <trkpt lat="25.2025280" lon="121.6700817">
    <ele>25</ele>
    <time>2026-03-14T23:12:45Z</time>
    <extensions>
     <gpxdata:hr>194</gpxdata:hr>
     <gpxdata:distance>5394.00</gpxdata:distance>
     <gpxdata:cadence>90</gpxdata:cadence>
     <gpxdata:speed>3.875</gpxdata:speed>
    </extensions>
   </trkpt>
   <trkpt lat="25.2025475" lon="121.6700487">
    <ele>25</ele>
    <time>2026-03-14T23:12:46Z</time>
    <extensions>
     <gpxdata:hr>193</gpxdata:hr>
     <gpxdata:distance>5398.00</gpxdata:distance>
     <gpxdata:cadence>90</gpxdata:cadence>
     <gpxdata:speed>3.883</gpxdata:speed>
    </extensions>
   </trkpt>
   <trkpt lat="25.2025667" lon="121.6700157">
    <ele>25</ele>
    <time>2026-03-14T23:12:47Z</time>
    <extensions>
     <gpxdata:hr>193</gpxdata:hr>
     <gpxdata:distance>5402.00</gpxdata:distance>
     <gpxdata:cadence>90</gpxdata:cadence>
     <gpxdata:speed>3.894</gpxdata:speed>
    </extensions>
   </trkpt>
   <trkpt lat="25.2025860" lon="121.6699828">
    <ele>25</ele>
    <time>2026-03-14T23:12:48Z</time>
    <extensions>
     <gpxdata:hr>192</gpxdata:hr>
     <gpxdata:distance>5406.00</gpxdata:distance>
     <gpxdata:cadence>91</gpxdata:cadence>
     <gpxdata:speed>3.897</gpxdata:speed>
    </extensions>
   </trkpt>
   <trkpt lat="25.2026052" lon="121.6699494">
    <ele>25</ele>
    <time>2026-03-14T23:12:49Z</time>
    <extensions>
     <gpxdata:hr>192</gpxdata:hr>
     <gpxdata:distance>5410.00</gpxdata:distance>
     <gpxdata:cadence>92</gpxdata:cadence>
     <gpxdata:speed>3.900</gpxdata:speed>
    </extensions>
   </trkpt>
   <trkpt lat="25.2026245" lon="121.6699160">
    <ele>25</ele>
    <time>2026-03-14T23:12:50Z</time>
    <extensions>
     <gpxdata:hr>191</gpxdata:hr>
     <gpxdata:distance>5414.00</gpxdata:distance>
     <gpxdata:cadence>92</gpxdata:cadence>
     <gpxdata:speed>3.903</gpxdata:speed>
    </extensions>
   </trkpt>
   <trkpt lat="25.2026434" lon="121.6698819">
    <ele>25</ele>
    <time>2026-03-14T23:12:51Z</time>
    <extensions>
     <gpxdata:hr>191</gpxdata:hr>
     <gpxdata:distance>5418.00</gpxdata:distance>
     <gpxdata:cadence>93</gpxdata:cadence>
     <gpxdata:speed>3.906</gpxdata:speed>
    </extensions>
   </trkpt>
   <trkpt lat="25.2026623" lon="121.6698479">
    <ele>25</ele>
    <time>2026-03-14T23:12:52Z</time>
    <extensions>
     <gpxdata:hr>190</gpxdata:hr>
     <gpxdata:distance>5422.00</gpxdata:distance>
     <gpxdata:cadence>93</gpxdata:cadence>
     <gpxdata:speed>3.908</gpxdata:speed>
    </extensions>
   </trkpt>
   <trkpt lat="25.2026805" lon="121.6698134">
    <ele>25</ele>
    <time>2026-03-14T23:12:53Z</time>
    <extensions>
     <gpxdata:hr>192</gpxdata:hr>
     <gpxdata:distance>5426.00</gpxdata:distance>
     <gpxdata:cadence>93</gpxdata:cadence>
     <gpxdata:speed>3.914</gpxdata:speed>
    </extensions>
   </trkpt>
   <trkpt lat="25.2026987" lon="121.6697790">
    <ele>25</ele>
    <time>2026-03-14T23:12:54Z</time>
    <extensions>
     <gpxdata:hr>191</gpxdata:hr>
     <gpxdata:distance>5430.00</gpxdata:distance>
     <gpxdata:cadence>93</gpxdata:cadence>
     <gpxdata:speed>3.917</gpxdata:speed>
    </extensions>
   </trkpt>
   <trkpt lat="25.2027165" lon="121.6697442">
    <ele>25</ele>
    <time>2026-03-14T23:12:55Z</time>
    <extensions>
     <gpxdata:hr>191</gpxdata:hr>
     <gpxdata:distance>5434.00</gpxdata:distance>
     <gpxdata:cadence>94</gpxdata:cadence>
     <gpxdata:speed>3.922</gpxdata:speed>
    </extensions>
   </trkpt>
   <trkpt lat="25.2027343" lon="121.6697095">
    <ele>24</ele>
    <time>2026-03-14T23:12:56Z</time>
    <extensions>
     <gpxdata:hr>191</gpxdata:hr>
     <gpxdata:distance>5438.50</gpxdata:distance>
     <gpxdata:cadence>93</gpxdata:cadence>
     <gpxdata:speed>3.925</gpxdata:speed>
    </extensions>
   </trkpt>
   <trkpt lat="25.2027521" lon="121.6696746">
    <ele>24</ele>
    <time>2026-03-14T23:12:57Z</time>
    <extensions>
     <gpxdata:hr>191</gpxdata:hr>
     <gpxdata:distance>5443.00</gpxdata:distance>
     <gpxdata:cadence>93</gpxdata:cadence>
     <gpxdata:speed>3.931</gpxdata:speed>
    </extensions>
   </trkpt>
   <trkpt lat="25.2027700" lon="121.6696397">
    <ele>24</ele>
    <time>2026-03-14T23:12:58Z</time>
    <extensions>
     <gpxdata:hr>192</gpxdata:hr>
     <gpxdata:distance>5446.50</gpxdata:distance>
     <gpxdata:cadence>93</gpxdata:cadence>
     <gpxdata:speed>3.933</gpxdata:speed>
    </extensions>
   </trkpt>
   <trkpt lat="25.2027880" lon="121.6696055">
    <ele>24</ele>
    <time>2026-03-14T23:12:59Z</time>
    <extensions>
     <gpxdata:hr>192</gpxdata:hr>
     <gpxdata:distance>5450.00</gpxdata:distance>
     <gpxdata:cadence>93</gpxdata:cadence>
     <gpxdata:speed>3.939</gpxdata:speed>
    </extensions>
   </trkpt>
   <trkpt lat="25.2028061" lon="121.6695714">
    <ele>24</ele>
    <time>2026-03-14T23:13:00Z</time>
    <extensions>
     <gpxdata:hr>191</gpxdata:hr>
     <gpxdata:distance>5454.00</gpxdata:distance>
     <gpxdata:cadence>93</gpxdata:cadence>
     <gpxdata:speed>3.942</gpxdata:speed>
    </extensions>
   </trkpt>
   <trkpt lat="25.2028242" lon="121.6695377">
    <ele>24</ele>
    <time>2026-03-14T23:13:01Z</time>
    <extensions>
     <gpxdata:hr>191</gpxdata:hr>
     <gpxdata:distance>5458.00</gpxdata:distance>
     <gpxdata:cadence>93</gpxdata:cadence>
     <gpxdata:speed>3.944</gpxdata:speed>
    </extensions>
   </trkpt>
   <trkpt lat="25.2028424" lon="121.6695041">
    <ele>24</ele>
    <time>2026-03-14T23:13:02Z</time>
    <extensions>
     <gpxdata:hr>190</gpxdata:hr>
     <gpxdata:distance>5462.00</gpxdata:distance>
     <gpxdata:cadence>93</gpxdata:cadence>
     <gpxdata:speed>3.944</gpxdata:speed>
    </extensions>
   </trkpt>
   <trkpt lat="25.2028605" lon="121.6694702">
    <ele>24</ele>
    <time>2026-03-14T23:13:03Z</time>
    <extensions>
     <gpxdata:hr>190</gpxdata:hr>
     <gpxdata:distance>5466.00</gpxdata:distance>
     <gpxdata:cadence>93</gpxdata:cadence>
     <gpxdata:speed>3.944</gpxdata:speed>
    </extensions>
   </trkpt>
   <trkpt lat="25.2028787" lon="121.6694364">
    <ele>24</ele>
    <time>2026-03-14T23:13:04Z</time>
    <extensions>
     <gpxdata:hr>189</gpxdata:hr>
     <gpxdata:distance>5470.00</gpxdata:distance>
     <gpxdata:cadence>93</gpxdata:cadence>
     <gpxdata:speed>3.944</gpxdata:speed>
    </extensions>
   </trkpt>
   <trkpt lat="25.2028972" lon="121.6694023">
    <ele>24</ele>
    <time>2026-03-14T23:13:05Z</time>
    <extensions>
     <gpxdata:hr>189</gpxdata:hr>
     <gpxdata:distance>5474.00</gpxdata:distance>
     <gpxdata:cadence>93</gpxdata:cadence>
     <gpxdata:speed>3.947</gpxdata:speed>
    </extensions>
   </trkpt>
   <trkpt lat="25.2029158" lon="121.6693683">
    <ele>24</ele>
    <time>2026-03-14T23:13:06Z</time>
    <extensions>
     <gpxdata:hr>188</gpxdata:hr>
     <gpxdata:distance>5478.00</gpxdata:distance>
     <gpxdata:cadence>93</gpxdata:cadence>
     <gpxdata:speed>3.947</gpxdata:speed>
    </extensions>
   </trkpt>
   <trkpt lat="25.2029345" lon="121.6693344">
    <ele>24</ele>
    <time>2026-03-14T23:13:07Z</time>
    <extensions>
     <gpxdata:hr>188</gpxdata:hr>
     <gpxdata:distance>5482.00</gpxdata:distance>
     <gpxdata:cadence>93</gpxdata:cadence>
     <gpxdata:speed>3.950</gpxdata:speed>
    </extensions>
   </trkpt>
   <trkpt lat="25.2029532" lon="121.6693006">
    <ele>24</ele>
    <time>2026-03-14T23:13:08Z</time>
    <extensions>
     <gpxdata:hr>188</gpxdata:hr>
     <gpxdata:distance>5486.00</gpxdata:distance>
     <gpxdata:cadence>93</gpxdata:cadence>
     <gpxdata:speed>3.950</gpxdata:speed>
    </extensions>
   </trkpt>
   <trkpt lat="25.2029716" lon="121.6692668">
    <ele>24</ele>
    <time>2026-03-14T23:13:09Z</time>
    <extensions>
     <gpxdata:hr>189</gpxdata:hr>
     <gpxdata:distance>5490.00</gpxdata:distance>
     <gpxdata:cadence>94</gpxdata:cadence>
     <gpxdata:speed>3.953</gpxdata:speed>
    </extensions>
   </trkpt>
   <trkpt lat="25.2029901" lon="121.6692331">
    <ele>24</ele>
    <time>2026-03-14T23:13:10Z</time>
    <extensions>
     <gpxdata:hr>189</gpxdata:hr>
     <gpxdata:distance>5494.00</gpxdata:distance>
     <gpxdata:cadence>93</gpxdata:cadence>
     <gpxdata:speed>3.956</gpxdata:speed>
    </extensions>
   </trkpt>
   <trkpt lat="25.2030086" lon="121.6691990">
    <ele>24</ele>
    <time>2026-03-14T23:13:11Z</time>
    <extensions>
     <gpxdata:hr>190</gpxdata:hr>
     <gpxdata:distance>5498.00</gpxdata:distance>
     <gpxdata:cadence>93</gpxdata:cadence>
     <gpxdata:speed>3.958</gpxdata:speed>
    </extensions>
   </trkpt>
   <trkpt lat="25.2030272" lon="121.6691650">
    <ele>24</ele>
    <time>2026-03-14T23:13:12Z</time>
    <extensions>
     <gpxdata:hr>191</gpxdata:hr>
     <gpxdata:distance>5502.00</gpxdata:distance>
     <gpxdata:cadence>93</gpxdata:cadence>
     <gpxdata:speed>3.958</gpxdata:speed>
    </extensions>
   </trkpt>
   <trkpt lat="25.2030456" lon="121.6691306">
    <ele>24</ele>
    <time>2026-03-14T23:13:13Z</time>
    <extensions>
     <gpxdata:hr>192</gpxdata:hr>
     <gpxdata:distance>5506.00</gpxdata:distance>
     <gpxdata:cadence>93</gpxdata:cadence>
     <gpxdata:speed>3.961</gpxdata:speed>
    </extensions>
   </trkpt>
   <trkpt lat="25.2030641" lon="121.6690962">
    <ele>24</ele>
    <time>2026-03-14T23:13:14Z</time>
    <extensions>
     <gpxdata:hr>192</gpxdata:hr>
     <gpxdata:distance>5510.00</gpxdata:distance>
     <gpxdata:cadence>93</gpxdata:cadence>
     <gpxdata:speed>3.961</gpxdata:speed>
    </extensions>
   </trkpt>
   <trkpt lat="25.2030824" lon="121.6690616">
    <ele>24</ele>
    <time>2026-03-14T23:13:15Z</time>
    <extensions>
     <gpxdata:hr>192</gpxdata:hr>
     <gpxdata:distance>5514.00</gpxdata:distance>
     <gpxdata:cadence>93</gpxdata:cadence>
     <gpxdata:speed>3.964</gpxdata:speed>
    </extensions>
   </trkpt>
   <trkpt lat="25.2031008" lon="121.6690270">
    <ele>23</ele>
    <time>2026-03-14T23:13:16Z</time>
    <extensions>
     <gpxdata:hr>192</gpxdata:hr>
     <gpxdata:distance>5518.00</gpxdata:distance>
     <gpxdata:cadence>93</gpxdata:cadence>
     <gpxdata:speed>3.967</gpxdata:speed>
    </extensions>
   </trkpt>
   <trkpt lat="25.2031192" lon="121.6689927">
    <ele>23</ele>
    <time>2026-03-14T23:13:17Z</time>
    <extensions>
     <gpxdata:hr>193</gpxdata:hr>
     <gpxdata:distance>5522.00</gpxdata:distance>
     <gpxdata:cadence>93</gpxdata:cadence>
     <gpxdata:speed>3.969</gpxdata:speed>
    </extensions>
   </trkpt>
   <trkpt lat="25.2031377" lon="121.6689584">
    <ele>23</ele>
    <time>2026-03-14T23:13:18Z</time>
    <extensions>
     <gpxdata:hr>193</gpxdata:hr>
     <gpxdata:distance>5526.00</gpxdata:distance>
     <gpxdata:cadence>93</gpxdata:cadence>
     <gpxdata:speed>3.969</gpxdata:speed>
    </extensions>
   </trkpt>
   <trkpt lat="25.2031562" lon="121.6689241">
    <ele>23</ele>
    <time>2026-03-14T23:13:19Z</time>
    <extensions>
     <gpxdata:hr>193</gpxdata:hr>
     <gpxdata:distance>5530.00</gpxdata:distance>
     <gpxdata:cadence>93</gpxdata:cadence>
     <gpxdata:speed>3.972</gpxdata:speed>
    </extensions>
   </trkpt>
   <trkpt lat="25.2031748" lon="121.6688898">
    <ele>23</ele>
    <time>2026-03-14T23:13:20Z</time>
    <extensions>
     <gpxdata:hr>193</gpxdata:hr>
     <gpxdata:distance>5534.50</gpxdata:distance>
     <gpxdata:cadence>93</gpxdata:cadence>
     <gpxdata:speed>3.975</gpxdata:speed>
    </extensions>
   </trkpt>
   <trkpt lat="25.2031931" lon="121.6688551">
    <ele>23</ele>
    <time>2026-03-14T23:13:21Z</time>
    <extensions>
     <gpxdata:hr>193</gpxdata:hr>
     <gpxdata:distance>5539.00</gpxdata:distance>
     <gpxdata:cadence>94</gpxdata:cadence>
     <gpxdata:speed>3.978</gpxdata:speed>
    </extensions>
   </trkpt>
   <trkpt lat="25.2032114" lon="121.6688204">
    <ele>23</ele>
    <time>2026-03-14T23:13:22Z</time>
    <extensions>
     <gpxdata:hr>193</gpxdata:hr>
     <gpxdata:distance>5543.00</gpxdata:distance>
     <gpxdata:cadence>94</gpxdata:cadence>
     <gpxdata:speed>3.983</gpxdata:speed>
    </extensions>
   </trkpt>
   <trkpt lat="25.2032295" lon="121.6687856">
    <ele>23</ele>
    <time>2026-03-14T23:13:23Z</time>
    <extensions>
     <gpxdata:hr>193</gpxdata:hr>
     <gpxdata:distance>5547.00</gpxdata:distance>
     <gpxdata:cadence>94</gpxdata:cadence>
     <gpxdata:speed>3.989</gpxdata:speed>
    </extensions>
   </trkpt>
   <trkpt lat="25.2032476" lon="121.6687509">
    <ele>23</ele>
    <time>2026-03-14T23:13:24Z</time>
    <extensions>
     <gpxdata:hr>193</gpxdata:hr>
     <gpxdata:distance>5551.00</gpxdata:distance>
     <gpxdata:cadence>94</gpxdata:cadence>
     <gpxdata:speed>3.992</gpxdata:speed>
    </extensions>
   </trkpt>
   <trkpt lat="25.2032661" lon="121.6687164">
    <ele>23</ele>
    <time>2026-03-14T23:13:25Z</time>
    <extensions>
     <gpxdata:hr>193</gpxdata:hr>
     <gpxdata:distance>5555.00</gpxdata:distance>
     <gpxdata:cadence>94</gpxdata:cadence>
     <gpxdata:speed>3.994</gpxdata:speed>
    </extensions>
   </trkpt>
   <trkpt lat="25.2032847" lon="121.6686819">
    <ele>23</ele>
    <time>2026-03-14T23:13:26Z</time>
    <extensions>
     <gpxdata:hr>193</gpxdata:hr>
     <gpxdata:distance>5559.00</gpxdata:distance>
     <gpxdata:cadence>94</gpxdata:cadence>
     <gpxdata:speed>3.994</gpxdata:speed>
    </extensions>
   </trkpt>
   <trkpt lat="25.2033037" lon="121.6686478">
    <ele>23</ele>
    <time>2026-03-14T23:13:27Z</time>
    <extensions>
     <gpxdata:hr>193</gpxdata:hr>
     <gpxdata:distance>5563.00</gpxdata:distance>
     <gpxdata:cadence>94</gpxdata:cadence>
     <gpxdata:speed>3.997</gpxdata:speed>
    </extensions>
   </trkpt>
   <trkpt lat="25.2033228" lon="121.6686138">
    <ele>23</ele>
    <time>2026-03-14T23:13:28Z</time>
    <extensions>
     <gpxdata:hr>193</gpxdata:hr>
     <gpxdata:distance>5567.00</gpxdata:distance>
     <gpxdata:cadence>94</gpxdata:cadence>
     <gpxdata:speed>3.997</gpxdata:speed>
    </extensions>
   </trkpt>
   <trkpt lat="25.2033419" lon="121.6685800">
    <ele>23</ele>
    <time>2026-03-14T23:13:29Z</time>
    <extensions>
     <gpxdata:hr>193</gpxdata:hr>
     <gpxdata:distance>5571.00</gpxdata:distance>
     <gpxdata:cadence>94</gpxdata:cadence>
     <gpxdata:speed>3.997</gpxdata:speed>
    </extensions>
   </trkpt>
   <trkpt lat="25.2033611" lon="121.6685463">
    <ele>23</ele>
    <time>2026-03-14T23:13:30Z</time>
    <extensions>
     <gpxdata:hr>193</gpxdata:hr>
     <gpxdata:distance>5575.00</gpxdata:distance>
     <gpxdata:cadence>94</gpxdata:cadence>
     <gpxdata:speed>3.997</gpxdata:speed>
    </extensions>
   </trkpt>
   <trkpt lat="25.2033801" lon="121.6685122">
    <ele>23</ele>
    <time>2026-03-14T23:13:31Z</time>
    <extensions>
     <gpxdata:hr>193</gpxdata:hr>
     <gpxdata:distance>5579.00</gpxdata:distance>
     <gpxdata:cadence>94</gpxdata:cadence>
     <gpxdata:speed>3.997</gpxdata:speed>
    </extensions>
   </trkpt>
   <trkpt lat="25.2033992" lon="121.6684782">
    <ele>23</ele>
    <time>2026-03-14T23:13:32Z</time>
    <extensions>
     <gpxdata:hr>193</gpxdata:hr>
     <gpxdata:distance>5583.00</gpxdata:distance>
     <gpxdata:cadence>94</gpxdata:cadence>
     <gpxdata:speed>3.997</gpxdata:speed>
    </extensions>
   </trkpt>
   <trkpt lat="25.2034182" lon="121.6684438">
    <ele>23</ele>
    <time>2026-03-14T23:13:33Z</time>
    <extensions>
     <gpxdata:hr>193</gpxdata:hr>
     <gpxdata:distance>5587.00</gpxdata:distance>
     <gpxdata:cadence>94</gpxdata:cadence>
     <gpxdata:speed>4.000</gpxdata:speed>
    </extensions>
   </trkpt>
   <trkpt lat="25.2034372" lon="121.6684095">
    <ele>23</ele>
    <time>2026-03-14T23:13:34Z</time>
    <extensions>
     <gpxdata:hr>193</gpxdata:hr>
     <gpxdata:distance>5591.00</gpxdata:distance>
     <gpxdata:cadence>94</gpxdata:cadence>
     <gpxdata:speed>4.000</gpxdata:speed>
    </extensions>
   </trkpt>
   <trkpt lat="25.2034560" lon="121.6683746">
    <ele>23</ele>
    <time>2026-03-14T23:13:35Z</time>
    <extensions>
     <gpxdata:hr>193</gpxdata:hr>
     <gpxdata:distance>5595.00</gpxdata:distance>
     <gpxdata:cadence>94</gpxdata:cadence>
     <gpxdata:speed>4.000</gpxdata:speed>
    </extensions>
   </trkpt>
   <trkpt lat="25.2034749" lon="121.6683397">
    <ele>22</ele>
    <time>2026-03-14T23:13:36Z</time>
    <extensions>
     <gpxdata:hr>193</gpxdata:hr>
     <gpxdata:distance>5599.50</gpxdata:distance>
     <gpxdata:cadence>94</gpxdata:cadence>
     <gpxdata:speed>4.000</gpxdata:speed>
    </extensions>
   </trkpt>
   <trkpt lat="25.2034937" lon="121.6683045">
    <ele>22</ele>
    <time>2026-03-14T23:13:37Z</time>
    <extensions>
     <gpxdata:hr>193</gpxdata:hr>
     <gpxdata:distance>5604.00</gpxdata:distance>
     <gpxdata:cadence>94</gpxdata:cadence>
     <gpxdata:speed>4.003</gpxdata:speed>
    </extensions>
   </trkpt>
   <trkpt lat="25.2035126" lon="121.6682693">
    <ele>22</ele>
    <time>2026-03-14T23:13:38Z</time>
    <extensions>
     <gpxdata:hr>193</gpxdata:hr>
     <gpxdata:distance>5608.00</gpxdata:distance>
     <gpxdata:cadence>94</gpxdata:cadence>
     <gpxdata:speed>4.003</gpxdata:speed>
    </extensions>
   </trkpt>
   <trkpt lat="25.2035313" lon="121.6682344">
    <ele>22</ele>
    <time>2026-03-14T23:13:39Z</time>
    <extensions>
     <gpxdata:hr>193</gpxdata:hr>
     <gpxdata:distance>5612.00</gpxdata:distance>
     <gpxdata:cadence>94</gpxdata:cadence>
     <gpxdata:speed>4.006</gpxdata:speed>
    </extensions>
   </trkpt>
   <trkpt lat="25.2035500" lon="121.6681996">
    <ele>22</ele>
    <time>2026-03-14T23:13:40Z</time>
    <extensions>
     <gpxdata:hr>193</gpxdata:hr>
     <gpxdata:distance>5615.50</gpxdata:distance>
     <gpxdata:cadence>94</gpxdata:cadence>
     <gpxdata:speed>4.006</gpxdata:speed>
    </extensions>
   </trkpt>
   <trkpt lat="25.2035690" lon="121.6681660">
    <ele>22</ele>
    <time>2026-03-14T23:13:41Z</time>
    <extensions>
     <gpxdata:hr>193</gpxdata:hr>
     <gpxdata:distance>5619.00</gpxdata:distance>
     <gpxdata:cadence>94</gpxdata:cadence>
     <gpxdata:speed>4.008</gpxdata:speed>
    </extensions>
   </trkpt>
   <trkpt lat="25.2035881" lon="121.6681325">
    <ele>22</ele>
    <time>2026-03-14T23:13:42Z</time>
    <extensions>
     <gpxdata:hr>193</gpxdata:hr>
     <gpxdata:distance>5623.00</gpxdata:distance>
     <gpxdata:cadence>94</gpxdata:cadence>
     <gpxdata:speed>4.008</gpxdata:speed>
    </extensions>
   </trkpt>
   <trkpt lat="25.2036078" lon="121.6680996">
    <ele>22</ele>
    <time>2026-03-14T23:13:43Z</time>
    <extensions>
     <gpxdata:hr>193</gpxdata:hr>
     <gpxdata:distance>5627.00</gpxdata:distance>
     <gpxdata:cadence>94</gpxdata:cadence>
     <gpxdata:speed>4.008</gpxdata:speed>
    </extensions>
   </trkpt>
   <trkpt lat="25.2036276" lon="121.6680668">
    <ele>22</ele>
    <time>2026-03-14T23:13:44Z</time>
    <extensions>
     <gpxdata:hr>193</gpxdata:hr>
     <gpxdata:distance>5631.50</gpxdata:distance>
     <gpxdata:cadence>94</gpxdata:cadence>
     <gpxdata:speed>4.008</gpxdata:speed>
    </extensions>
   </trkpt>
   <trkpt lat="25.2036479" lon="121.6680338">
    <ele>22</ele>
    <time>2026-03-14T23:13:45Z</time>
    <extensions>
     <gpxdata:hr>193</gpxdata:hr>
     <gpxdata:distance>5636.00</gpxdata:distance>
     <gpxdata:cadence>94</gpxdata:cadence>
     <gpxdata:speed>4.011</gpxdata:speed>
    </extensions>
   </trkpt>
   <trkpt lat="25.2036682" lon="121.6680009">
    <ele>22</ele>
    <time>2026-03-14T23:13:46Z</time>
    <extensions>
     <gpxdata:hr>193</gpxdata:hr>
     <gpxdata:distance>5640.00</gpxdata:distance>
     <gpxdata:cadence>93</gpxdata:cadence>
     <gpxdata:speed>4.011</gpxdata:speed>
    </extensions>
   </trkpt>
   <trkpt lat="25.2036884" lon="121.6679677">
    <ele>22</ele>
    <time>2026-03-14T23:13:47Z</time>
    <extensions>
     <gpxdata:hr>193</gpxdata:hr>
     <gpxdata:distance>5644.00</gpxdata:distance>
     <gpxdata:cadence>93</gpxdata:cadence>
     <gpxdata:speed>4.011</gpxdata:speed>
    </extensions>
   </trkpt>
   <trkpt lat="25.2037086" lon="121.6679345">
    <ele>22</ele>
    <time>2026-03-14T23:13:48Z</time>
    <extensions>
     <gpxdata:hr>193</gpxdata:hr>
     <gpxdata:distance>5648.00</gpxdata:distance>
     <gpxdata:cadence>93</gpxdata:cadence>
     <gpxdata:speed>4.011</gpxdata:speed>
    </extensions>
   </trkpt>
   <trkpt lat="25.2037288" lon="121.6679012">
    <ele>22</ele>
    <time>2026-03-14T23:13:49Z</time>
    <extensions>
     <gpxdata:hr>193</gpxdata:hr>
     <gpxdata:distance>5652.00</gpxdata:distance>
     <gpxdata:cadence>93</gpxdata:cadence>
     <gpxdata:speed>4.011</gpxdata:speed>
    </extensions>
   </trkpt>
   <trkpt lat="25.2037491" lon="121.6678680">
    <ele>22</ele>
    <time>2026-03-14T23:13:50Z</time>
    <extensions>
     <gpxdata:hr>193</gpxdata:hr>
     <gpxdata:distance>5656.00</gpxdata:distance>
     <gpxdata:cadence>93</gpxdata:cadence>
     <gpxdata:speed>4.011</gpxdata:speed>
    </extensions>
   </trkpt>
   <trkpt lat="25.2037697" lon="121.6678354">
    <ele>22</ele>
    <time>2026-03-14T23:13:51Z</time>
    <extensions>
     <gpxdata:hr>193</gpxdata:hr>
     <gpxdata:distance>5660.00</gpxdata:distance>
     <gpxdata:cadence>93</gpxdata:cadence>
     <gpxdata:speed>4.011</gpxdata:speed>
    </extensions>
   </trkpt>
   <trkpt lat="25.2037903" lon="121.6678028">
    <ele>22</ele>
    <time>2026-03-14T23:13:52Z</time>
    <extensions>
     <gpxdata:hr>193</gpxdata:hr>
     <gpxdata:distance>5664.00</gpxdata:distance>
     <gpxdata:cadence>93</gpxdata:cadence>
     <gpxdata:speed>4.011</gpxdata:speed>
    </extensions>
   </trkpt>
   <trkpt lat="25.2038114" lon="121.6677710">
    <ele>22</ele>
    <time>2026-03-14T23:13:53Z</time>
    <extensions>
     <gpxdata:hr>193</gpxdata:hr>
     <gpxdata:distance>5668.00</gpxdata:distance>
     <gpxdata:cadence>93</gpxdata:cadence>
     <gpxdata:speed>4.011</gpxdata:speed>
    </extensions>
   </trkpt>
   <trkpt lat="25.2038326" lon="121.6677393">
    <ele>22</ele>
    <time>2026-03-14T23:13:54Z</time>
    <extensions>
     <gpxdata:hr>193</gpxdata:hr>
     <gpxdata:distance>5671.50</gpxdata:distance>
     <gpxdata:cadence>93</gpxdata:cadence>
     <gpxdata:speed>4.008</gpxdata:speed>
    </extensions>
   </trkpt>
   <trkpt lat="25.2038536" lon="121.6677081">
    <ele>22</ele>
    <time>2026-03-14T23:13:55Z</time>
    <extensions>
     <gpxdata:hr>193</gpxdata:hr>
     <gpxdata:distance>5675.00</gpxdata:distance>
     <gpxdata:cadence>93</gpxdata:cadence>
     <gpxdata:speed>4.008</gpxdata:speed>
    </extensions>
   </trkpt>
   <trkpt lat="25.2038746" lon="121.6676770">
    <ele>22</ele>
    <time>2026-03-14T23:13:56Z</time>
    <extensions>
     <gpxdata:hr>193</gpxdata:hr>
     <gpxdata:distance>5679.00</gpxdata:distance>
     <gpxdata:cadence>93</gpxdata:cadence>
     <gpxdata:speed>4.006</gpxdata:speed>
    </extensions>
   </trkpt>
   <trkpt lat="25.2038955" lon="121.6676455">
    <ele>22</ele>
    <time>2026-03-14T23:13:57Z</time>
    <extensions>
     <gpxdata:hr>193</gpxdata:hr>
     <gpxdata:distance>5683.00</gpxdata:distance>
     <gpxdata:cadence>93</gpxdata:cadence>
     <gpxdata:speed>4.006</gpxdata:speed>
    </extensions>
   </trkpt>
   <trkpt lat="25.2039164" lon="121.6676141">
    <ele>22</ele>
    <time>2026-03-14T23:13:58Z</time>
    <extensions>
     <gpxdata:hr>193</gpxdata:hr>
     <gpxdata:distance>5687.00</gpxdata:distance>
     <gpxdata:cadence>93</gpxdata:cadence>
     <gpxdata:speed>4.003</gpxdata:speed>
    </extensions>
   </trkpt>
   <trkpt lat="25.2039373" lon="121.6675823">
    <ele>22</ele>
    <time>2026-03-14T23:13:59Z</time>
    <extensions>
     <gpxdata:hr>193</gpxdata:hr>
     <gpxdata:distance>5691.00</gpxdata:distance>
     <gpxdata:cadence>93</gpxdata:cadence>
     <gpxdata:speed>4.003</gpxdata:speed>
    </extensions>
   </trkpt>
   <trkpt lat="25.2039583" lon="121.6675506">
    <ele>22</ele>
    <time>2026-03-14T23:14:00Z</time>
    <extensions>
     <gpxdata:hr>193</gpxdata:hr>
     <gpxdata:distance>5695.00</gpxdata:distance>
     <gpxdata:cadence>93</gpxdata:cadence>
     <gpxdata:speed>4.000</gpxdata:speed>
    </extensions>
   </trkpt>
   <trkpt lat="25.2039796" lon="121.6675190">
    <ele>22</ele>
    <time>2026-03-14T23:14:01Z</time>
    <extensions>
     <gpxdata:hr>193</gpxdata:hr>
     <gpxdata:distance>5699.00</gpxdata:distance>
     <gpxdata:cadence>93</gpxdata:cadence>
     <gpxdata:speed>4.000</gpxdata:speed>
    </extensions>
   </trkpt>
   <trkpt lat="25.2040010" lon="121.6674874">
    <ele>22</ele>
    <time>2026-03-14T23:14:02Z</time>
    <extensions>
     <gpxdata:hr>193</gpxdata:hr>
     <gpxdata:distance>5703.00</gpxdata:distance>
     <gpxdata:cadence>93</gpxdata:cadence>
     <gpxdata:speed>3.997</gpxdata:speed>
    </extensions>
   </trkpt>
   <trkpt lat="25.2040231" lon="121.6674561">
    <ele>22</ele>
    <time>2026-03-14T23:14:03Z</time>
    <extensions>
     <gpxdata:hr>193</gpxdata:hr>
     <gpxdata:distance>5707.00</gpxdata:distance>
     <gpxdata:cadence>93</gpxdata:cadence>
     <gpxdata:speed>3.997</gpxdata:speed>
    </extensions>
   </trkpt>
   <trkpt lat="25.2040453" lon="121.6674249">
    <ele>22</ele>
    <time>2026-03-14T23:14:04Z</time>
    <extensions>
     <gpxdata:hr>193</gpxdata:hr>
     <gpxdata:distance>5711.00</gpxdata:distance>
     <gpxdata:cadence>93</gpxdata:cadence>
     <gpxdata:speed>3.997</gpxdata:speed>
    </extensions>
   </trkpt>
   <trkpt lat="25.2040680" lon="121.6673937">
    <ele>22</ele>
    <time>2026-03-14T23:14:05Z</time>
    <extensions>
     <gpxdata:hr>193</gpxdata:hr>
     <gpxdata:distance>5715.00</gpxdata:distance>
     <gpxdata:cadence>94</gpxdata:cadence>
     <gpxdata:speed>3.997</gpxdata:speed>
    </extensions>
   </trkpt>
   <trkpt lat="25.2040908" lon="121.6673626">
    <ele>21</ele>
    <time>2026-03-14T23:14:06Z</time>
    <extensions>
     <gpxdata:hr>193</gpxdata:hr>
     <gpxdata:distance>5719.00</gpxdata:distance>
     <gpxdata:cadence>94</gpxdata:cadence>
     <gpxdata:speed>3.997</gpxdata:speed>
    </extensions>
   </trkpt>
   <trkpt lat="25.2041137" lon="121.6673314">
    <ele>21</ele>
    <time>2026-03-14T23:14:07Z</time>
    <extensions>
     <gpxdata:hr>193</gpxdata:hr>
     <gpxdata:distance>5723.00</gpxdata:distance>
     <gpxdata:cadence>94</gpxdata:cadence>
     <gpxdata:speed>3.997</gpxdata:speed>
    </extensions>
   </trkpt>
   <trkpt lat="25.2041367" lon="121.6673002">
    <ele>21</ele>
    <time>2026-03-14T23:14:08Z</time>
    <extensions>
     <gpxdata:hr>193</gpxdata:hr>
     <gpxdata:distance>5727.00</gpxdata:distance>
     <gpxdata:cadence>94</gpxdata:cadence>
     <gpxdata:speed>3.997</gpxdata:speed>
    </extensions>
   </trkpt>
   <trkpt lat="25.2041595" lon="121.6672688">
    <ele>21</ele>
    <time>2026-03-14T23:14:09Z</time>
    <extensions>
     <gpxdata:hr>193</gpxdata:hr>
     <gpxdata:distance>5731.00</gpxdata:distance>
     <gpxdata:cadence>94</gpxdata:cadence>
     <gpxdata:speed>4.000</gpxdata:speed>
    </extensions>
   </trkpt>
   <trkpt lat="25.2041823" lon="121.6672375">
    <ele>21</ele>
    <time>2026-03-14T23:14:10Z</time>
    <extensions>
     <gpxdata:hr>193</gpxdata:hr>
     <gpxdata:distance>5735.00</gpxdata:distance>
     <gpxdata:cadence>94</gpxdata:cadence>
     <gpxdata:speed>4.003</gpxdata:speed>
    </extensions>
   </trkpt>
   <trkpt lat="25.2042050" lon="121.6672065">
    <ele>21</ele>
    <time>2026-03-14T23:14:11Z</time>
    <extensions>
     <gpxdata:hr>193</gpxdata:hr>
     <gpxdata:distance>5739.00</gpxdata:distance>
     <gpxdata:cadence>94</gpxdata:cadence>
     <gpxdata:speed>4.006</gpxdata:speed>
    </extensions>
   </trkpt>
   <trkpt lat="25.2042278" lon="121.6671756">
    <ele>21</ele>
    <time>2026-03-14T23:14:12Z</time>
    <extensions>
     <gpxdata:hr>193</gpxdata:hr>
     <gpxdata:distance>5743.00</gpxdata:distance>
     <gpxdata:cadence>94</gpxdata:cadence>
     <gpxdata:speed>4.006</gpxdata:speed>
    </extensions>
   </trkpt>
   <trkpt lat="25.2042507" lon="121.6671450">
    <ele>21</ele>
    <time>2026-03-14T23:14:13Z</time>
    <extensions>
     <gpxdata:hr>192</gpxdata:hr>
     <gpxdata:distance>5747.00</gpxdata:distance>
     <gpxdata:cadence>94</gpxdata:cadence>
     <gpxdata:speed>4.006</gpxdata:speed>
    </extensions>
   </trkpt>
   <trkpt lat="25.2042736" lon="121.6671145">
    <ele>21</ele>
    <time>2026-03-14T23:14:14Z</time>
    <extensions>
     <gpxdata:hr>192</gpxdata:hr>
     <gpxdata:distance>5751.00</gpxdata:distance>
     <gpxdata:cadence>93</gpxdata:cadence>
     <gpxdata:speed>4.006</gpxdata:speed>
    </extensions>
   </trkpt>
   <trkpt lat="25.2042968" lon="121.6670841">
    <ele>21</ele>
    <time>2026-03-14T23:14:15Z</time>
    <extensions>
     <gpxdata:hr>191</gpxdata:hr>
     <gpxdata:distance>5755.00</gpxdata:distance>
     <gpxdata:cadence>93</gpxdata:cadence>
     <gpxdata:speed>4.008</gpxdata:speed>
    </extensions>
   </trkpt>
   <trkpt lat="25.2043201" lon="121.6670538">
    <ele>21</ele>
    <time>2026-03-14T23:14:16Z</time>
    <extensions>
     <gpxdata:hr>191</gpxdata:hr>
     <gpxdata:distance>5759.50</gpxdata:distance>
     <gpxdata:cadence>93</gpxdata:cadence>
     <gpxdata:speed>4.008</gpxdata:speed>
    </extensions>
   </trkpt>
   <trkpt lat="25.2043438" lon="121.6670235">
    <ele>21</ele>
    <time>2026-03-14T23:14:17Z</time>
    <extensions>
     <gpxdata:hr>192</gpxdata:hr>
     <gpxdata:distance>5764.00</gpxdata:distance>
     <gpxdata:cadence>93</gpxdata:cadence>
     <gpxdata:speed>4.011</gpxdata:speed>
    </extensions>
   </trkpt>
   <trkpt lat="25.2043676" lon="121.6669932">
    <ele>21</ele>
    <time>2026-03-14T23:14:18Z</time>
    <extensions>
     <gpxdata:hr>193</gpxdata:hr>
     <gpxdata:distance>5768.00</gpxdata:distance>
     <gpxdata:cadence>93</gpxdata:cadence>
     <gpxdata:speed>4.011</gpxdata:speed>
    </extensions>
   </trkpt>
   <trkpt lat="25.2043919" lon="121.6669635">
    <ele>21</ele>
    <time>2026-03-14T23:14:19Z</time>
    <extensions>
     <gpxdata:hr>193</gpxdata:hr>
     <gpxdata:distance>5772.00</gpxdata:distance>
     <gpxdata:cadence>94</gpxdata:cadence>
     <gpxdata:speed>4.011</gpxdata:speed>
    </extensions>
   </trkpt>
   <trkpt lat="25.2044163" lon="121.6669339">
    <ele>21</ele>
    <time>2026-03-14T23:14:20Z</time>
    <extensions>
     <gpxdata:hr>193</gpxdata:hr>
     <gpxdata:distance>5775.50</gpxdata:distance>
     <gpxdata:cadence>94</gpxdata:cadence>
     <gpxdata:speed>4.011</gpxdata:speed>
    </extensions>
   </trkpt>
   <trkpt lat="25.2044404" lon="121.6669047">
    <ele>21</ele>
    <time>2026-03-14T23:14:21Z</time>
    <extensions>
     <gpxdata:hr>193</gpxdata:hr>
     <gpxdata:distance>5779.00</gpxdata:distance>
     <gpxdata:cadence>94</gpxdata:cadence>
     <gpxdata:speed>4.011</gpxdata:speed>
    </extensions>
   </trkpt>
   <trkpt lat="25.2044645" lon="121.6668756">
    <ele>21</ele>
    <time>2026-03-14T23:14:22Z</time>
    <extensions>
     <gpxdata:hr>193</gpxdata:hr>
     <gpxdata:distance>5783.00</gpxdata:distance>
     <gpxdata:cadence>94</gpxdata:cadence>
     <gpxdata:speed>4.008</gpxdata:speed>
    </extensions>
   </trkpt>
   <trkpt lat="25.2044880" lon="121.6668463">
    <ele>21</ele>
    <time>2026-03-14T23:14:23Z</time>
    <extensions>
     <gpxdata:hr>194</gpxdata:hr>
     <gpxdata:distance>5787.00</gpxdata:distance>
     <gpxdata:cadence>94</gpxdata:cadence>
     <gpxdata:speed>4.008</gpxdata:speed>
    </extensions>
   </trkpt>
   <trkpt lat="25.2045115" lon="121.6668170">
    <ele>21</ele>
    <time>2026-03-14T23:14:24Z</time>
    <extensions>
     <gpxdata:hr>194</gpxdata:hr>
     <gpxdata:distance>5791.00</gpxdata:distance>
     <gpxdata:cadence>93</gpxdata:cadence>
     <gpxdata:speed>4.006</gpxdata:speed>
    </extensions>
   </trkpt>
   <trkpt lat="25.2045348" lon="121.6667875">
    <ele>21</ele>
    <time>2026-03-14T23:14:25Z</time>
    <extensions>
     <gpxdata:hr>194</gpxdata:hr>
     <gpxdata:distance>5795.00</gpxdata:distance>
     <gpxdata:cadence>93</gpxdata:cadence>
     <gpxdata:speed>4.006</gpxdata:speed>
    </extensions>
   </trkpt>
   <trkpt lat="25.2045582" lon="121.6667580">
    <ele>21</ele>
    <time>2026-03-14T23:14:26Z</time>
    <extensions>
     <gpxdata:hr>194</gpxdata:hr>
     <gpxdata:distance>5799.00</gpxdata:distance>
     <gpxdata:cadence>93</gpxdata:cadence>
     <gpxdata:speed>4.000</gpxdata:speed>
    </extensions>
   </trkpt>
   <trkpt lat="25.2045817" lon="121.6667283">
    <ele>21</ele>
    <time>2026-03-14T23:14:27Z</time>
    <extensions>
     <gpxdata:hr>194</gpxdata:hr>
     <gpxdata:distance>5803.00</gpxdata:distance>
     <gpxdata:cadence>93</gpxdata:cadence>
     <gpxdata:speed>3.994</gpxdata:speed>
    </extensions>
   </trkpt>
   <trkpt lat="25.2046052" lon="121.6666987">
    <ele>21</ele>
    <time>2026-03-14T23:14:28Z</time>
    <extensions>
     <gpxdata:hr>194</gpxdata:hr>
     <gpxdata:distance>5807.00</gpxdata:distance>
     <gpxdata:cadence>93</gpxdata:cadence>
     <gpxdata:speed>3.989</gpxdata:speed>
    </extensions>
   </trkpt>
   <trkpt lat="25.2046286" lon="121.6666689">
    <ele>21</ele>
    <time>2026-03-14T23:14:29Z</time>
    <extensions>
     <gpxdata:hr>194</gpxdata:hr>
     <gpxdata:distance>5811.00</gpxdata:distance>
     <gpxdata:cadence>93</gpxdata:cadence>
     <gpxdata:speed>3.986</gpxdata:speed>
    </extensions>
   </trkpt>
   <trkpt lat="25.2046520" lon="121.6666392">
    <ele>21</ele>
    <time>2026-03-14T23:14:30Z</time>
    <extensions>
     <gpxdata:hr>194</gpxdata:hr>
     <gpxdata:distance>5815.00</gpxdata:distance>
     <gpxdata:cadence>92</gpxdata:cadence>
     <gpxdata:speed>3.983</gpxdata:speed>
    </extensions>
   </trkpt>
   <trkpt lat="25.2046752" lon="121.6666096">
    <ele>21</ele>
    <time>2026-03-14T23:14:31Z</time>
    <extensions>
     <gpxdata:hr>193</gpxdata:hr>
     <gpxdata:distance>5819.00</gpxdata:distance>
     <gpxdata:cadence>92</gpxdata:cadence>
     <gpxdata:speed>3.981</gpxdata:speed>
    </extensions>
   </trkpt>
   <trkpt lat="25.2046984" lon="121.6665801">
    <ele>21</ele>
    <time>2026-03-14T23:14:32Z</time>
    <extensions>
     <gpxdata:hr>193</gpxdata:hr>
     <gpxdata:distance>5823.00</gpxdata:distance>
     <gpxdata:cadence>92</gpxdata:cadence>
     <gpxdata:speed>3.978</gpxdata:speed>
    </extensions>
   </trkpt>
   <trkpt lat="25.2047213" lon="121.6665507">
    <ele>21</ele>
    <time>2026-03-14T23:14:33Z</time>
    <extensions>
     <gpxdata:hr>193</gpxdata:hr>
     <gpxdata:distance>5827.00</gpxdata:distance>
     <gpxdata:cadence>92</gpxdata:cadence>
     <gpxdata:speed>3.978</gpxdata:speed>
    </extensions>
   </trkpt>
   <trkpt lat="25.2047442" lon="121.6665214">
    <ele>21</ele>
    <time>2026-03-14T23:14:34Z</time>
    <extensions>
     <gpxdata:hr>193</gpxdata:hr>
     <gpxdata:distance>5831.00</gpxdata:distance>
     <gpxdata:cadence>92</gpxdata:cadence>
     <gpxdata:speed>3.975</gpxdata:speed>
    </extensions>
   </trkpt>
   <trkpt lat="25.2047669" lon="121.6664917">
    <ele>21</ele>
    <time>2026-03-14T23:14:35Z</time>
    <extensions>
     <gpxdata:hr>193</gpxdata:hr>
     <gpxdata:distance>5835.00</gpxdata:distance>
     <gpxdata:cadence>92</gpxdata:cadence>
     <gpxdata:speed>3.975</gpxdata:speed>
    </extensions>
   </trkpt>
   <trkpt lat="25.2047896" lon="121.6664620">
    <ele>21</ele>
    <time>2026-03-14T23:14:36Z</time>
    <extensions>
     <gpxdata:hr>193</gpxdata:hr>
     <gpxdata:distance>5839.00</gpxdata:distance>
     <gpxdata:cadence>92</gpxdata:cadence>
     <gpxdata:speed>3.975</gpxdata:speed>
    </extensions>
   </trkpt>
   <trkpt lat="25.2048127" lon="121.6664317">
    <ele>21</ele>
    <time>2026-03-14T23:14:37Z</time>
    <extensions>
     <gpxdata:hr>194</gpxdata:hr>
     <gpxdata:distance>5843.00</gpxdata:distance>
     <gpxdata:cadence>93</gpxdata:cadence>
     <gpxdata:speed>3.975</gpxdata:speed>
    </extensions>
   </trkpt>
   <trkpt lat="25.2048358" lon="121.6664014">
    <ele>21</ele>
    <time>2026-03-14T23:14:38Z</time>
    <extensions>
     <gpxdata:hr>193</gpxdata:hr>
     <gpxdata:distance>5847.00</gpxdata:distance>
     <gpxdata:cadence>93</gpxdata:cadence>
     <gpxdata:speed>3.975</gpxdata:speed>
    </extensions>
   </trkpt>
   <trkpt lat="25.2048590" lon="121.6663704">
    <ele>21</ele>
    <time>2026-03-14T23:14:39Z</time>
    <extensions>
     <gpxdata:hr>193</gpxdata:hr>
     <gpxdata:distance>5851.00</gpxdata:distance>
     <gpxdata:cadence>93</gpxdata:cadence>
     <gpxdata:speed>3.975</gpxdata:speed>
    </extensions>
   </trkpt>
   <trkpt lat="25.2048823" lon="121.6663394">
    <ele>22</ele>
    <time>2026-03-14T23:14:40Z</time>
    <extensions>
     <gpxdata:hr>193</gpxdata:hr>
     <gpxdata:distance>5855.00</gpxdata:distance>
     <gpxdata:cadence>93</gpxdata:cadence>
     <gpxdata:speed>3.975</gpxdata:speed>
    </extensions>
   </trkpt>
   <trkpt lat="25.2049053" lon="121.6663083">
    <ele>22</ele>
    <time>2026-03-14T23:14:41Z</time>
    <extensions>
     <gpxdata:hr>193</gpxdata:hr>
     <gpxdata:distance>5859.00</gpxdata:distance>
     <gpxdata:cadence>93</gpxdata:cadence>
     <gpxdata:speed>3.978</gpxdata:speed>
    </extensions>
   </trkpt>
   <trkpt lat="25.2049283" lon="121.6662772">
    <ele>22</ele>
    <time>2026-03-14T23:14:42Z</time>
    <extensions>
     <gpxdata:hr>193</gpxdata:hr>
     <gpxdata:distance>5863.00</gpxdata:distance>
     <gpxdata:cadence>93</gpxdata:cadence>
     <gpxdata:speed>3.978</gpxdata:speed>
    </extensions>
   </trkpt>
   <trkpt lat="25.2049506" lon="121.6662462">
    <ele>22</ele>
    <time>2026-03-14T23:14:43Z</time>
    <extensions>
     <gpxdata:hr>194</gpxdata:hr>
     <gpxdata:distance>5867.00</gpxdata:distance>
     <gpxdata:cadence>93</gpxdata:cadence>
     <gpxdata:speed>3.981</gpxdata:speed>
    </extensions>
   </trkpt>
   <trkpt lat="25.2049729" lon="121.6662153">
    <ele>22</ele>
    <time>2026-03-14T23:14:44Z</time>
    <extensions>
     <gpxdata:hr>194</gpxdata:hr>
     <gpxdata:distance>5871.00</gpxdata:distance>
     <gpxdata:cadence>93</gpxdata:cadence>
     <gpxdata:speed>3.981</gpxdata:speed>
    </extensions>
   </trkpt>
   <trkpt lat="25.2049933" lon="121.6661838">
    <ele>22</ele>
    <time>2026-03-14T23:14:45Z</time>
    <extensions>
     <gpxdata:hr>194</gpxdata:hr>
     <gpxdata:distance>5875.00</gpxdata:distance>
     <gpxdata:cadence>93</gpxdata:cadence>
     <gpxdata:speed>3.981</gpxdata:speed>
    </extensions>
   </trkpt>
   <trkpt lat="25.2050138" lon="121.6661524">
    <ele>22</ele>
    <time>2026-03-14T23:14:46Z</time>
    <extensions>
     <gpxdata:hr>194</gpxdata:hr>
     <gpxdata:distance>5878.50</gpxdata:distance>
     <gpxdata:cadence>93</gpxdata:cadence>
     <gpxdata:speed>3.981</gpxdata:speed>
    </extensions>
   </trkpt>
   <trkpt lat="25.2050322" lon="121.6661197">
    <ele>22</ele>
    <time>2026-03-14T23:14:47Z</time>
    <extensions>
     <gpxdata:hr>194</gpxdata:hr>
     <gpxdata:distance>5882.00</gpxdata:distance>
     <gpxdata:cadence>93</gpxdata:cadence>
     <gpxdata:speed>3.983</gpxdata:speed>
    </extensions>
   </trkpt>
   <trkpt lat="25.2050506" lon="121.6660871">
    <ele>22</ele>
    <time>2026-03-14T23:14:48Z</time>
    <extensions>
     <gpxdata:hr>194</gpxdata:hr>
     <gpxdata:distance>5886.00</gpxdata:distance>
     <gpxdata:cadence>93</gpxdata:cadence>
     <gpxdata:speed>3.983</gpxdata:speed>
    </extensions>
   </trkpt>
   <trkpt lat="25.2050680" lon="121.6660536">
    <ele>22</ele>
    <time>2026-03-14T23:14:49Z</time>
    <extensions>
     <gpxdata:hr>194</gpxdata:hr>
     <gpxdata:distance>5890.00</gpxdata:distance>
     <gpxdata:cadence>93</gpxdata:cadence>
     <gpxdata:speed>3.983</gpxdata:speed>
    </extensions>
   </trkpt>
   <trkpt lat="25.2050854" lon="121.6660202">
    <ele>22</ele>
    <time>2026-03-14T23:14:50Z</time>
    <extensions>
     <gpxdata:hr>194</gpxdata:hr>
     <gpxdata:distance>5894.00</gpxdata:distance>
     <gpxdata:cadence>93</gpxdata:cadence>
     <gpxdata:speed>3.981</gpxdata:speed>
    </extensions>
   </trkpt>
   <trkpt lat="25.2051026" lon="121.6659863">
    <ele>22</ele>
    <time>2026-03-14T23:14:51Z</time>
    <extensions>
     <gpxdata:hr>194</gpxdata:hr>
     <gpxdata:distance>5898.00</gpxdata:distance>
     <gpxdata:cadence>93</gpxdata:cadence>
     <gpxdata:speed>3.981</gpxdata:speed>
    </extensions>
   </trkpt>
   <trkpt lat="25.2051199" lon="121.6659525">
    <ele>22</ele>
    <time>2026-03-14T23:14:52Z</time>
    <extensions>
     <gpxdata:hr>194</gpxdata:hr>
     <gpxdata:distance>5902.00</gpxdata:distance>
     <gpxdata:cadence>93</gpxdata:cadence>
     <gpxdata:speed>3.978</gpxdata:speed>
    </extensions>
   </trkpt>
   <trkpt lat="25.2051370" lon="121.6659187">
    <ele>22</ele>
    <time>2026-03-14T23:14:53Z</time>
    <extensions>
     <gpxdata:hr>194</gpxdata:hr>
     <gpxdata:distance>5906.00</gpxdata:distance>
     <gpxdata:cadence>93</gpxdata:cadence>
     <gpxdata:speed>3.978</gpxdata:speed>
    </extensions>
   </trkpt>
   <trkpt lat="25.2051541" lon="121.6658850">
    <ele>22</ele>
    <time>2026-03-14T23:14:54Z</time>
    <extensions>
     <gpxdata:hr>194</gpxdata:hr>
     <gpxdata:distance>5909.50</gpxdata:distance>
     <gpxdata:cadence>93</gpxdata:cadence>
     <gpxdata:speed>3.975</gpxdata:speed>
    </extensions>
   </trkpt>
   <trkpt lat="25.2051710" lon="121.6658515">
    <ele>22</ele>
    <time>2026-03-14T23:14:55Z</time>
    <extensions>
     <gpxdata:hr>194</gpxdata:hr>
     <gpxdata:distance>5913.00</gpxdata:distance>
     <gpxdata:cadence>93</gpxdata:cadence>
     <gpxdata:speed>3.975</gpxdata:speed>
    </extensions>
   </trkpt>
   <trkpt lat="25.2051879" lon="121.6658181">
    <ele>22</ele>
    <time>2026-03-14T23:14:56Z</time>
    <extensions>
     <gpxdata:hr>194</gpxdata:hr>
     <gpxdata:distance>5917.00</gpxdata:distance>
     <gpxdata:cadence>93</gpxdata:cadence>
     <gpxdata:speed>3.972</gpxdata:speed>
    </extensions>
   </trkpt>
   <trkpt lat="25.2052042" lon="121.6657845">
    <ele>22</ele>
    <time>2026-03-14T23:14:57Z</time>
    <extensions>
     <gpxdata:hr>193</gpxdata:hr>
     <gpxdata:distance>5921.00</gpxdata:distance>
     <gpxdata:cadence>93</gpxdata:cadence>
     <gpxdata:speed>3.972</gpxdata:speed>
    </extensions>
   </trkpt>
   <trkpt lat="25.2052206" lon="121.6657510">
    <ele>22</ele>
    <time>2026-03-14T23:14:58Z</time>
    <extensions>
     <gpxdata:hr>194</gpxdata:hr>
     <gpxdata:distance>5925.00</gpxdata:distance>
     <gpxdata:cadence>93</gpxdata:cadence>
     <gpxdata:speed>3.964</gpxdata:speed>
    </extensions>
   </trkpt>
   <trkpt lat="25.2052356" lon="121.6657167">
    <ele>22</ele>
    <time>2026-03-14T23:14:59Z</time>
    <extensions>
     <gpxdata:hr>194</gpxdata:hr>
     <gpxdata:distance>5929.00</gpxdata:distance>
     <gpxdata:cadence>93</gpxdata:cadence>
     <gpxdata:speed>3.956</gpxdata:speed>
    </extensions>
   </trkpt>
   <trkpt lat="25.2052506" lon="121.6656824">
    <ele>22</ele>
    <time>2026-03-14T23:15:00Z</time>
    <extensions>
     <gpxdata:hr>194</gpxdata:hr>
     <gpxdata:distance>5933.00</gpxdata:distance>
     <gpxdata:cadence>93</gpxdata:cadence>
     <gpxdata:speed>3.953</gpxdata:speed>
    </extensions>
   </trkpt>
   <trkpt lat="25.2052644" lon="121.6656472">
    <ele>22</ele>
    <time>2026-03-14T23:15:01Z</time>
    <extensions>
     <gpxdata:hr>194</gpxdata:hr>
     <gpxdata:distance>5937.00</gpxdata:distance>
     <gpxdata:cadence>93</gpxdata:cadence>
     <gpxdata:speed>3.950</gpxdata:speed>
    </extensions>
   </trkpt>
   <trkpt lat="25.2052782" lon="121.6656120">
    <ele>22</ele>
    <time>2026-03-14T23:15:02Z</time>
    <extensions>
     <gpxdata:hr>194</gpxdata:hr>
     <gpxdata:distance>5940.50</gpxdata:distance>
     <gpxdata:cadence>93</gpxdata:cadence>
     <gpxdata:speed>3.947</gpxdata:speed>
    </extensions>
   </trkpt>
   <trkpt lat="25.2052914" lon="121.6655758">
    <ele>22</ele>
    <time>2026-03-14T23:15:03Z</time>
    <extensions>
     <gpxdata:hr>194</gpxdata:hr>
     <gpxdata:distance>5944.00</gpxdata:distance>
     <gpxdata:cadence>93</gpxdata:cadence>
     <gpxdata:speed>3.947</gpxdata:speed>
    </extensions>
   </trkpt>
   <trkpt lat="25.2053046" lon="121.6655396">
    <ele>22</ele>
    <time>2026-03-14T23:15:04Z</time>
    <extensions>
     <gpxdata:hr>194</gpxdata:hr>
     <gpxdata:distance>5948.50</gpxdata:distance>
     <gpxdata:cadence>93</gpxdata:cadence>
     <gpxdata:speed>3.947</gpxdata:speed>
    </extensions>
   </trkpt>
   <trkpt lat="25.2053177" lon="121.6655028">
    <ele>22</ele>
    <time>2026-03-14T23:15:05Z</time>
    <extensions>
     <gpxdata:hr>194</gpxdata:hr>
     <gpxdata:distance>5953.00</gpxdata:distance>
     <gpxdata:cadence>93</gpxdata:cadence>
     <gpxdata:speed>3.947</gpxdata:speed>
    </extensions>
   </trkpt>
   <trkpt lat="25.2053308" lon="121.6654660">
    <ele>22</ele>
    <time>2026-03-14T23:15:06Z</time>
    <extensions>
     <gpxdata:hr>194</gpxdata:hr>
     <gpxdata:distance>5956.50</gpxdata:distance>
     <gpxdata:cadence>93</gpxdata:cadence>
     <gpxdata:speed>3.944</gpxdata:speed>
    </extensions>
   </trkpt>
   <trkpt lat="25.2053437" lon="121.6654295">
    <ele>22</ele>
    <time>2026-03-14T23:15:07Z</time>
    <extensions>
     <gpxdata:hr>194</gpxdata:hr>
     <gpxdata:distance>5960.00</gpxdata:distance>
     <gpxdata:cadence>93</gpxdata:cadence>
     <gpxdata:speed>3.944</gpxdata:speed>
    </extensions>
   </trkpt>
   <trkpt lat="25.2053566" lon="121.6653930">
    <ele>22</ele>
    <time>2026-03-14T23:15:08Z</time>
    <extensions>
     <gpxdata:hr>194</gpxdata:hr>
     <gpxdata:distance>5964.00</gpxdata:distance>
     <gpxdata:cadence>93</gpxdata:cadence>
     <gpxdata:speed>3.944</gpxdata:speed>
    </extensions>
   </trkpt>
   <trkpt lat="25.2053691" lon="121.6653568">
    <ele>22</ele>
    <time>2026-03-14T23:15:09Z</time>
    <extensions>
     <gpxdata:hr>194</gpxdata:hr>
     <gpxdata:distance>5968.00</gpxdata:distance>
     <gpxdata:cadence>93</gpxdata:cadence>
     <gpxdata:speed>3.944</gpxdata:speed>
    </extensions>
   </trkpt>
   <trkpt lat="25.2053816" lon="121.6653206">
    <ele>22</ele>
    <time>2026-03-14T23:15:10Z</time>
    <extensions>
     <gpxdata:hr>194</gpxdata:hr>
     <gpxdata:distance>5972.00</gpxdata:distance>
     <gpxdata:cadence>93</gpxdata:cadence>
     <gpxdata:speed>3.944</gpxdata:speed>
    </extensions>
   </trkpt>
   <trkpt lat="25.2053938" lon="121.6652843">
    <ele>22</ele>
    <time>2026-03-14T23:15:11Z</time>
    <extensions>
     <gpxdata:hr>194</gpxdata:hr>
     <gpxdata:distance>5976.00</gpxdata:distance>
     <gpxdata:cadence>93</gpxdata:cadence>
     <gpxdata:speed>3.944</gpxdata:speed>
    </extensions>
   </trkpt>
   <trkpt lat="25.2054060" lon="121.6652480">
    <ele>22</ele>
    <time>2026-03-14T23:15:12Z</time>
    <extensions>
     <gpxdata:hr>194</gpxdata:hr>
     <gpxdata:distance>5980.00</gpxdata:distance>
     <gpxdata:cadence>93</gpxdata:cadence>
     <gpxdata:speed>3.944</gpxdata:speed>
    </extensions>
   </trkpt>
   <trkpt lat="25.2054182" lon="121.6652117">
    <ele>22</ele>
    <time>2026-03-14T23:15:13Z</time>
    <extensions>
     <gpxdata:hr>194</gpxdata:hr>
     <gpxdata:distance>5984.00</gpxdata:distance>
     <gpxdata:cadence>93</gpxdata:cadence>
     <gpxdata:speed>3.944</gpxdata:speed>
    </extensions>
   </trkpt>
   <trkpt lat="25.2054304" lon="121.6651754">
    <ele>22</ele>
    <time>2026-03-14T23:15:14Z</time>
    <extensions>
     <gpxdata:hr>194</gpxdata:hr>
     <gpxdata:distance>5987.50</gpxdata:distance>
     <gpxdata:cadence>93</gpxdata:cadence>
     <gpxdata:speed>3.942</gpxdata:speed>
    </extensions>
   </trkpt>
   <trkpt lat="25.2054418" lon="121.6651392">
    <ele>22</ele>
    <time>2026-03-14T23:15:15Z</time>
    <extensions>
     <gpxdata:hr>194</gpxdata:hr>
     <gpxdata:distance>5991.00</gpxdata:distance>
     <gpxdata:cadence>93</gpxdata:cadence>
     <gpxdata:speed>3.942</gpxdata:speed>
    </extensions>
   </trkpt>
   <trkpt lat="25.2054532" lon="121.6651031">
    <ele>22</ele>
    <time>2026-03-14T23:15:16Z</time>
    <extensions>
     <gpxdata:hr>193</gpxdata:hr>
     <gpxdata:distance>5995.00</gpxdata:distance>
     <gpxdata:cadence>93</gpxdata:cadence>
     <gpxdata:speed>3.939</gpxdata:speed>
    </extensions>
   </trkpt>
   <trkpt lat="25.2054637" lon="121.6650671">
    <ele>22</ele>
    <time>2026-03-14T23:15:17Z</time>
    <extensions>
     <gpxdata:hr>193</gpxdata:hr>
     <gpxdata:distance>5999.00</gpxdata:distance>
     <gpxdata:cadence>93</gpxdata:cadence>
     <gpxdata:speed>3.939</gpxdata:speed>
    </extensions>
   </trkpt>
   <trkpt lat="25.2054742" lon="121.6650312">
    <ele>22</ele>
    <time>2026-03-14T23:15:18Z</time>
    <extensions>
     <gpxdata:hr>194</gpxdata:hr>
     <gpxdata:distance>6002.50</gpxdata:distance>
     <gpxdata:cadence>93</gpxdata:cadence>
     <gpxdata:speed>3.936</gpxdata:speed>
    </extensions>
   </trkpt>
   <trkpt lat="25.2054847" lon="121.6649954">
    <ele>22</ele>
    <time>2026-03-14T23:15:19Z</time>
    <extensions>
     <gpxdata:hr>194</gpxdata:hr>
     <gpxdata:distance>6006.00</gpxdata:distance>
     <gpxdata:cadence>93</gpxdata:cadence>
     <gpxdata:speed>3.933</gpxdata:speed>
    </extensions>
   </trkpt>
   <trkpt lat="25.2054952" lon="121.6649597">
    <ele>22</ele>
    <time>2026-03-14T23:15:20Z</time>
    <extensions>
     <gpxdata:hr>194</gpxdata:hr>
     <gpxdata:distance>6010.00</gpxdata:distance>
     <gpxdata:cadence>93</gpxdata:cadence>
     <gpxdata:speed>3.931</gpxdata:speed>
    </extensions>
   </trkpt>
   <trkpt lat="25.2055057" lon="121.6649240">
    <ele>22</ele>
    <time>2026-03-14T23:15:21Z</time>
    <extensions>
     <gpxdata:hr>194</gpxdata:hr>
     <gpxdata:distance>6014.00</gpxdata:distance>
     <gpxdata:cadence>93</gpxdata:cadence>
     <gpxdata:speed>3.931</gpxdata:speed>
    </extensions>
   </trkpt>
   <trkpt lat="25.2055163" lon="121.6648883">
    <ele>22</ele>
    <time>2026-03-14T23:15:22Z</time>
    <extensions>
     <gpxdata:hr>194</gpxdata:hr>
     <gpxdata:distance>6018.00</gpxdata:distance>
     <gpxdata:cadence>92</gpxdata:cadence>
     <gpxdata:speed>3.922</gpxdata:speed>
    </extensions>
   </trkpt>
   <trkpt lat="25.2055269" lon="121.6648523">
    <ele>22</ele>
    <time>2026-03-14T23:15:23Z</time>
    <extensions>
     <gpxdata:hr>194</gpxdata:hr>
     <gpxdata:distance>6022.00</gpxdata:distance>
     <gpxdata:cadence>92</gpxdata:cadence>
     <gpxdata:speed>3.914</gpxdata:speed>
    </extensions>
   </trkpt>
   <trkpt lat="25.2055376" lon="121.6648164">
    <ele>22</ele>
    <time>2026-03-14T23:15:24Z</time>
    <extensions>
     <gpxdata:hr>194</gpxdata:hr>
     <gpxdata:distance>6025.50</gpxdata:distance>
     <gpxdata:cadence>92</gpxdata:cadence>
     <gpxdata:speed>3.908</gpxdata:speed>
    </extensions>
   </trkpt>
   <trkpt lat="25.2055481" lon="121.6647804">
    <ele>22</ele>
    <time>2026-03-14T23:15:25Z</time>
    <extensions>
     <gpxdata:hr>194</gpxdata:hr>
     <gpxdata:distance>6029.00</gpxdata:distance>
     <gpxdata:cadence>91</gpxdata:cadence>
     <gpxdata:speed>3.906</gpxdata:speed>
    </extensions>
   </trkpt>
   <trkpt lat="25.2055586" lon="121.6647444">
    <ele>22</ele>
    <time>2026-03-14T23:15:26Z</time>
    <extensions>
     <gpxdata:hr>194</gpxdata:hr>
     <gpxdata:distance>6033.00</gpxdata:distance>
     <gpxdata:cadence>91</gpxdata:cadence>
     <gpxdata:speed>3.906</gpxdata:speed>
    </extensions>
   </trkpt>
   <trkpt lat="25.2055688" lon="121.6647081">
    <ele>22</ele>
    <time>2026-03-14T23:15:27Z</time>
    <extensions>
     <gpxdata:hr>194</gpxdata:hr>
     <gpxdata:distance>6037.00</gpxdata:distance>
     <gpxdata:cadence>91</gpxdata:cadence>
     <gpxdata:speed>3.906</gpxdata:speed>
    </extensions>
   </trkpt>
   <trkpt lat="25.2055791" lon="121.6646719">
    <ele>22</ele>
    <time>2026-03-14T23:15:28Z</time>
    <extensions>
     <gpxdata:hr>194</gpxdata:hr>
     <gpxdata:distance>6041.00</gpxdata:distance>
     <gpxdata:cadence>91</gpxdata:cadence>
     <gpxdata:speed>3.906</gpxdata:speed>
    </extensions>
   </trkpt>
   <trkpt lat="25.2055893" lon="121.6646355">
    <ele>22</ele>
    <time>2026-03-14T23:15:29Z</time>
    <extensions>
     <gpxdata:hr>194</gpxdata:hr>
     <gpxdata:distance>6045.00</gpxdata:distance>
     <gpxdata:cadence>91</gpxdata:cadence>
     <gpxdata:speed>3.906</gpxdata:speed>
    </extensions>
   </trkpt>
   <trkpt lat="25.2055996" lon="121.6645992">
    <ele>23</ele>
    <time>2026-03-14T23:15:30Z</time>
    <extensions>
     <gpxdata:hr>194</gpxdata:hr>
     <gpxdata:distance>6048.50</gpxdata:distance>
     <gpxdata:cadence>92</gpxdata:cadence>
     <gpxdata:speed>3.906</gpxdata:speed>
    </extensions>
   </trkpt>
   <trkpt lat="25.2056102" lon="121.6645630">
    <ele>23</ele>
    <time>2026-03-14T23:15:31Z</time>
    <extensions>
     <gpxdata:hr>194</gpxdata:hr>
     <gpxdata:distance>6052.00</gpxdata:distance>
     <gpxdata:cadence>93</gpxdata:cadence>
     <gpxdata:speed>3.906</gpxdata:speed>
    </extensions>
   </trkpt>
   <trkpt lat="25.2056208" lon="121.6645268">
    <ele>23</ele>
    <time>2026-03-14T23:15:32Z</time>
    <extensions>
     <gpxdata:hr>194</gpxdata:hr>
     <gpxdata:distance>6056.00</gpxdata:distance>
     <gpxdata:cadence>93</gpxdata:cadence>
     <gpxdata:speed>3.906</gpxdata:speed>
    </extensions>
   </trkpt>
   <trkpt lat="25.2056314" lon="121.6644906">
    <ele>23</ele>
    <time>2026-03-14T23:15:33Z</time>
    <extensions>
     <gpxdata:hr>194</gpxdata:hr>
     <gpxdata:distance>6060.00</gpxdata:distance>
     <gpxdata:cadence>93</gpxdata:cadence>
     <gpxdata:speed>3.906</gpxdata:speed>
    </extensions>
   </trkpt>
   <trkpt lat="25.2056420" lon="121.6644545">
    <ele>23</ele>
    <time>2026-03-14T23:15:34Z</time>
    <extensions>
     <gpxdata:hr>194</gpxdata:hr>
     <gpxdata:distance>6064.00</gpxdata:distance>
     <gpxdata:cadence>93</gpxdata:cadence>
     <gpxdata:speed>3.903</gpxdata:speed>
    </extensions>
   </trkpt>
   <trkpt lat="25.2056527" lon="121.6644186">
    <ele>23</ele>
    <time>2026-03-14T23:15:35Z</time>
    <extensions>
     <gpxdata:hr>194</gpxdata:hr>
     <gpxdata:distance>6068.00</gpxdata:distance>
     <gpxdata:cadence>93</gpxdata:cadence>
     <gpxdata:speed>3.900</gpxdata:speed>
    </extensions>
   </trkpt>
   <trkpt lat="25.2056634" lon="121.6643827">
    <ele>23</ele>
    <time>2026-03-14T23:15:36Z</time>
    <extensions>
     <gpxdata:hr>194</gpxdata:hr>
     <gpxdata:distance>6071.50</gpxdata:distance>
     <gpxdata:cadence>93</gpxdata:cadence>
     <gpxdata:speed>3.897</gpxdata:speed>
    </extensions>
   </trkpt>
   <trkpt lat="25.2056745" lon="121.6643469">
    <ele>23</ele>
    <time>2026-03-14T23:15:37Z</time>
    <extensions>
     <gpxdata:hr>194</gpxdata:hr>
     <gpxdata:distance>6075.00</gpxdata:distance>
     <gpxdata:cadence>94</gpxdata:cadence>
     <gpxdata:speed>3.894</gpxdata:speed>
    </extensions>
   </trkpt>
   <trkpt lat="25.2056856" lon="121.6643112">
    <ele>23</ele>
    <time>2026-03-14T23:15:38Z</time>
    <extensions>
     <gpxdata:hr>194</gpxdata:hr>
     <gpxdata:distance>6079.00</gpxdata:distance>
     <gpxdata:cadence>94</gpxdata:cadence>
     <gpxdata:speed>3.892</gpxdata:speed>
    </extensions>
   </trkpt>
   <trkpt lat="25.2056971" lon="121.6642758">
    <ele>23</ele>
    <time>2026-03-14T23:15:39Z</time>
    <extensions>
     <gpxdata:hr>194</gpxdata:hr>
     <gpxdata:distance>6083.00</gpxdata:distance>
     <gpxdata:cadence>94</gpxdata:cadence>
     <gpxdata:speed>3.889</gpxdata:speed>
    </extensions>
   </trkpt>
   <trkpt lat="25.2057086" lon="121.6642405">
    <ele>23</ele>
    <time>2026-03-14T23:15:40Z</time>
    <extensions>
     <gpxdata:hr>194</gpxdata:hr>
     <gpxdata:distance>6086.50</gpxdata:distance>
     <gpxdata:cadence>94</gpxdata:cadence>
     <gpxdata:speed>3.886</gpxdata:speed>
    </extensions>
   </trkpt>
   <trkpt lat="25.2057200" lon="121.6642052">
    <ele>23</ele>
    <time>2026-03-14T23:15:41Z</time>
    <extensions>
     <gpxdata:hr>194</gpxdata:hr>
     <gpxdata:distance>6090.00</gpxdata:distance>
     <gpxdata:cadence>94</gpxdata:cadence>
     <gpxdata:speed>3.883</gpxdata:speed>
    </extensions>
   </trkpt>
   <trkpt lat="25.2057314" lon="121.6641700">
    <ele>23</ele>
    <time>2026-03-14T23:15:42Z</time>
    <extensions>
     <gpxdata:hr>194</gpxdata:hr>
     <gpxdata:distance>6094.00</gpxdata:distance>
     <gpxdata:cadence>94</gpxdata:cadence>
     <gpxdata:speed>3.878</gpxdata:speed>
    </extensions>
   </trkpt>
   <trkpt lat="25.2057427" lon="121.6641347">
    <ele>23</ele>
    <time>2026-03-14T23:15:43Z</time>
    <extensions>
     <gpxdata:hr>194</gpxdata:hr>
     <gpxdata:distance>6098.00</gpxdata:distance>
     <gpxdata:cadence>94</gpxdata:cadence>
     <gpxdata:speed>3.875</gpxdata:speed>
    </extensions>
   </trkpt>
   <trkpt lat="25.2057541" lon="121.6640995">
    <ele>23</ele>
    <time>2026-03-14T23:15:44Z</time>
    <extensions>
     <gpxdata:hr>194</gpxdata:hr>
     <gpxdata:distance>6101.50</gpxdata:distance>
     <gpxdata:cadence>94</gpxdata:cadence>
     <gpxdata:speed>3.872</gpxdata:speed>
    </extensions>
   </trkpt>
   <trkpt lat="25.2057655" lon="121.6640639">
    <ele>24</ele>
    <time>2026-03-14T23:15:45Z</time>
    <extensions>
     <gpxdata:hr>194</gpxdata:hr>
     <gpxdata:distance>6105.00</gpxdata:distance>
     <gpxdata:cadence>94</gpxdata:cadence>
     <gpxdata:speed>3.869</gpxdata:speed>
    </extensions>
   </trkpt>
   <trkpt lat="25.2057770" lon="121.6640284">
    <ele>24</ele>
    <time>2026-03-14T23:15:46Z</time>
    <extensions>
     <gpxdata:hr>194</gpxdata:hr>
     <gpxdata:distance>6109.00</gpxdata:distance>
     <gpxdata:cadence>93</gpxdata:cadence>
     <gpxdata:speed>3.867</gpxdata:speed>
    </extensions>
   </trkpt>
   <trkpt lat="25.2057884" lon="121.6639930">
    <ele>24</ele>
    <time>2026-03-14T23:15:47Z</time>
    <extensions>
     <gpxdata:hr>194</gpxdata:hr>
     <gpxdata:distance>6113.00</gpxdata:distance>
     <gpxdata:cadence>93</gpxdata:cadence>
     <gpxdata:speed>3.864</gpxdata:speed>
    </extensions>
   </trkpt>
   <trkpt lat="25.2057999" lon="121.6639577">
    <ele>24</ele>
    <time>2026-03-14T23:15:48Z</time>
    <extensions>
     <gpxdata:hr>194</gpxdata:hr>
     <gpxdata:distance>6116.50</gpxdata:distance>
     <gpxdata:cadence>93</gpxdata:cadence>
     <gpxdata:speed>3.861</gpxdata:speed>
    </extensions>
   </trkpt>
   <trkpt lat="25.2058111" lon="121.6639226">
    <ele>24</ele>
    <time>2026-03-14T23:15:49Z</time>
    <extensions>
     <gpxdata:hr>194</gpxdata:hr>
     <gpxdata:distance>6120.00</gpxdata:distance>
     <gpxdata:cadence>93</gpxdata:cadence>
     <gpxdata:speed>3.861</gpxdata:speed>
    </extensions>
   </trkpt>
   <trkpt lat="25.2058224" lon="121.6638875">
    <ele>24</ele>
    <time>2026-03-14T23:15:50Z</time>
    <extensions>
     <gpxdata:hr>194</gpxdata:hr>
     <gpxdata:distance>6124.00</gpxdata:distance>
     <gpxdata:cadence>93</gpxdata:cadence>
     <gpxdata:speed>3.858</gpxdata:speed>
    </extensions>
   </trkpt>
   <trkpt lat="25.2058335" lon="121.6638521">
    <ele>24</ele>
    <time>2026-03-14T23:15:51Z</time>
    <extensions>
     <gpxdata:hr>194</gpxdata:hr>
     <gpxdata:distance>6128.00</gpxdata:distance>
     <gpxdata:cadence>93</gpxdata:cadence>
     <gpxdata:speed>3.856</gpxdata:speed>
    </extensions>
   </trkpt>
   <trkpt lat="25.2058446" lon="121.6638167">
    <ele>24</ele>
    <time>2026-03-14T23:15:52Z</time>
    <extensions>
     <gpxdata:hr>194</gpxdata:hr>
     <gpxdata:distance>6132.00</gpxdata:distance>
     <gpxdata:cadence>93</gpxdata:cadence>
     <gpxdata:speed>3.853</gpxdata:speed>
    </extensions>
   </trkpt>
   <trkpt lat="25.2058558" lon="121.6637803">
    <ele>24</ele>
    <time>2026-03-14T23:15:53Z</time>
    <extensions>
     <gpxdata:hr>194</gpxdata:hr>
     <gpxdata:distance>6136.00</gpxdata:distance>
     <gpxdata:cadence>93</gpxdata:cadence>
     <gpxdata:speed>3.853</gpxdata:speed>
    </extensions>
   </trkpt>
   <trkpt lat="25.2058671" lon="121.6637439">
    <ele>24</ele>
    <time>2026-03-14T23:15:54Z</time>
    <extensions>
     <gpxdata:hr>194</gpxdata:hr>
     <gpxdata:distance>6140.00</gpxdata:distance>
     <gpxdata:cadence>93</gpxdata:cadence>
     <gpxdata:speed>3.850</gpxdata:speed>
    </extensions>
   </trkpt>
   <trkpt lat="25.2058787" lon="121.6637066">
    <ele>24</ele>
    <time>2026-03-14T23:15:55Z</time>
    <extensions>
     <gpxdata:hr>194</gpxdata:hr>
     <gpxdata:distance>6144.00</gpxdata:distance>
     <gpxdata:cadence>94</gpxdata:cadence>
     <gpxdata:speed>3.847</gpxdata:speed>
    </extensions>
   </trkpt>
   <trkpt lat="25.2058904" lon="121.6636693">
    <ele>24</ele>
    <time>2026-03-14T23:15:56Z</time>
    <extensions>
     <gpxdata:hr>194</gpxdata:hr>
     <gpxdata:distance>6148.00</gpxdata:distance>
     <gpxdata:cadence>94</gpxdata:cadence>
     <gpxdata:speed>3.847</gpxdata:speed>
    </extensions>
   </trkpt>
   <trkpt lat="25.2059020" lon="121.6636318">
    <ele>24</ele>
    <time>2026-03-14T23:15:57Z</time>
    <extensions>
     <gpxdata:hr>194</gpxdata:hr>
     <gpxdata:distance>6152.00</gpxdata:distance>
     <gpxdata:cadence>94</gpxdata:cadence>
     <gpxdata:speed>3.847</gpxdata:speed>
    </extensions>
   </trkpt>
   <trkpt lat="25.2059137" lon="121.6635943">
    <ele>24</ele>
    <time>2026-03-14T23:15:58Z</time>
    <extensions>
     <gpxdata:hr>194</gpxdata:hr>
     <gpxdata:distance>6156.00</gpxdata:distance>
     <gpxdata:cadence>94</gpxdata:cadence>
     <gpxdata:speed>3.850</gpxdata:speed>
    </extensions>
   </trkpt>
   <trkpt lat="25.2059254" lon="121.6635563">
    <ele>24</ele>
    <time>2026-03-14T23:15:59Z</time>
    <extensions>
     <gpxdata:hr>194</gpxdata:hr>
     <gpxdata:distance>6160.00</gpxdata:distance>
     <gpxdata:cadence>94</gpxdata:cadence>
     <gpxdata:speed>3.856</gpxdata:speed>
    </extensions>
   </trkpt>
   <trkpt lat="25.2059372" lon="121.6635183">
    <ele>25</ele>
    <time>2026-03-14T23:16:00Z</time>
    <extensions>
     <gpxdata:hr>194</gpxdata:hr>
     <gpxdata:distance>6164.00</gpxdata:distance>
     <gpxdata:cadence>95</gpxdata:cadence>
     <gpxdata:speed>3.867</gpxdata:speed>
    </extensions>
   </trkpt>
   <trkpt lat="25.2059495" lon="121.6634794">
    <ele>25</ele>
    <time>2026-03-14T23:16:01Z</time>
    <extensions>
     <gpxdata:hr>194</gpxdata:hr>
     <gpxdata:distance>6168.00</gpxdata:distance>
     <gpxdata:cadence>95</gpxdata:cadence>
     <gpxdata:speed>3.878</gpxdata:speed>
    </extensions>
   </trkpt>
   <trkpt lat="25.2059619" lon="121.6634406">
    <ele>25</ele>
    <time>2026-03-14T23:16:02Z</time>
    <extensions>
     <gpxdata:hr>194</gpxdata:hr>
     <gpxdata:distance>6172.50</gpxdata:distance>
     <gpxdata:cadence>95</gpxdata:cadence>
     <gpxdata:speed>3.892</gpxdata:speed>
    </extensions>
   </trkpt>
   <trkpt lat="25.2059748" lon="121.6634010">
    <ele>25</ele>
    <time>2026-03-14T23:16:03Z</time>
    <extensions>
     <gpxdata:hr>194</gpxdata:hr>
     <gpxdata:distance>6177.00</gpxdata:distance>
     <gpxdata:cadence>95</gpxdata:cadence>
     <gpxdata:speed>3.906</gpxdata:speed>
    </extensions>
   </trkpt>
   <trkpt lat="25.2059877" lon="121.6633614">
    <ele>25</ele>
    <time>2026-03-14T23:16:04Z</time>
    <extensions>
     <gpxdata:hr>194</gpxdata:hr>
     <gpxdata:distance>6181.50</gpxdata:distance>
     <gpxdata:cadence>95</gpxdata:cadence>
     <gpxdata:speed>3.914</gpxdata:speed>
    </extensions>
   </trkpt>
   <trkpt lat="25.2060005" lon="121.6633210">
    <ele>25</ele>
    <time>2026-03-14T23:16:05Z</time>
    <extensions>
     <gpxdata:hr>194</gpxdata:hr>
     <gpxdata:distance>6186.00</gpxdata:distance>
     <gpxdata:cadence>95</gpxdata:cadence>
     <gpxdata:speed>3.925</gpxdata:speed>
    </extensions>
   </trkpt>
   <trkpt lat="25.2060133" lon="121.6632807">
    <ele>25</ele>
    <time>2026-03-14T23:16:06Z</time>
    <extensions>
     <gpxdata:hr>194</gpxdata:hr>
     <gpxdata:distance>6190.00</gpxdata:distance>
     <gpxdata:cadence>95</gpxdata:cadence>
     <gpxdata:speed>3.931</gpxdata:speed>
    </extensions>
   </trkpt>
   <trkpt lat="25.2060260" lon="121.6632404">
    <ele>25</ele>
    <time>2026-03-14T23:16:07Z</time>
    <extensions>
     <gpxdata:hr>194</gpxdata:hr>
     <gpxdata:distance>6194.00</gpxdata:distance>
     <gpxdata:cadence>95</gpxdata:cadence>
     <gpxdata:speed>3.939</gpxdata:speed>
    </extensions>
   </trkpt>
   <trkpt lat="25.2060388" lon="121.6632002">
    <ele>25</ele>
    <time>2026-03-14T23:16:08Z</time>
    <extensions>
     <gpxdata:hr>195</gpxdata:hr>
     <gpxdata:distance>6198.50</gpxdata:distance>
     <gpxdata:cadence>95</gpxdata:cadence>
     <gpxdata:speed>3.947</gpxdata:speed>
    </extensions>
   </trkpt>
   <trkpt lat="25.2060514" lon="121.6631598">
    <ele>25</ele>
    <time>2026-03-14T23:16:09Z</time>
    <extensions>
     <gpxdata:hr>194</gpxdata:hr>
     <gpxdata:distance>6203.00</gpxdata:distance>
     <gpxdata:cadence>94</gpxdata:cadence>
     <gpxdata:speed>3.956</gpxdata:speed>
    </extensions>
   </trkpt>
   <trkpt lat="25.2060641" lon="121.6631195">
    <ele>25</ele>
    <time>2026-03-14T23:16:10Z</time>
    <extensions>
     <gpxdata:hr>194</gpxdata:hr>
     <gpxdata:distance>6207.00</gpxdata:distance>
     <gpxdata:cadence>94</gpxdata:cadence>
     <gpxdata:speed>3.961</gpxdata:speed>
    </extensions>
   </trkpt>
   <trkpt lat="25.2060770" lon="121.6630790">
    <ele>25</ele>
    <time>2026-03-14T23:16:11Z</time>
    <extensions>
     <gpxdata:hr>194</gpxdata:hr>
     <gpxdata:distance>6211.00</gpxdata:distance>
     <gpxdata:cadence>94</gpxdata:cadence>
     <gpxdata:speed>3.969</gpxdata:speed>
    </extensions>
   </trkpt>
   <trkpt lat="25.2060899" lon="121.6630386">
    <ele>25</ele>
    <time>2026-03-14T23:16:12Z</time>
    <extensions>
     <gpxdata:hr>194</gpxdata:hr>
     <gpxdata:distance>6215.50</gpxdata:distance>
     <gpxdata:cadence>94</gpxdata:cadence>
     <gpxdata:speed>3.975</gpxdata:speed>
    </extensions>
   </trkpt>
   <trkpt lat="25.2061030" lon="121.6629977">
    <ele>25</ele>
    <time>2026-03-14T23:16:13Z</time>
    <extensions>
     <gpxdata:hr>194</gpxdata:hr>
     <gpxdata:distance>6220.00</gpxdata:distance>
     <gpxdata:cadence>94</gpxdata:cadence>
     <gpxdata:speed>3.983</gpxdata:speed>
    </extensions>
   </trkpt>
   <trkpt lat="25.2061162" lon="121.6629568">
    <ele>25</ele>
    <time>2026-03-14T23:16:14Z</time>
    <extensions>
     <gpxdata:hr>194</gpxdata:hr>
     <gpxdata:distance>6224.50</gpxdata:distance>
     <gpxdata:cadence>94</gpxdata:cadence>
     <gpxdata:speed>3.989</gpxdata:speed>
    </extensions>
   </trkpt>
   <trkpt lat="25.2061294" lon="121.6629155">
    <ele>25</ele>
    <time>2026-03-14T23:16:15Z</time>
    <extensions>
     <gpxdata:hr>194</gpxdata:hr>
     <gpxdata:distance>6229.00</gpxdata:distance>
     <gpxdata:cadence>94</gpxdata:cadence>
     <gpxdata:speed>3.997</gpxdata:speed>
    </extensions>
   </trkpt>
   <trkpt lat="25.2061426" lon="121.6628742">
    <ele>24</ele>
    <time>2026-03-14T23:16:16Z</time>
    <extensions>
     <gpxdata:hr>195</gpxdata:hr>
     <gpxdata:distance>6233.50</gpxdata:distance>
     <gpxdata:cadence>94</gpxdata:cadence>
     <gpxdata:speed>4.003</gpxdata:speed>
    </extensions>
   </trkpt>
   <trkpt lat="25.2061556" lon="121.6628332">
    <ele>24</ele>
    <time>2026-03-14T23:16:17Z</time>
    <extensions>
     <gpxdata:hr>195</gpxdata:hr>
     <gpxdata:distance>6238.00</gpxdata:distance>
     <gpxdata:cadence>94</gpxdata:cadence>
     <gpxdata:speed>4.011</gpxdata:speed>
    </extensions>
   </trkpt>
   <trkpt lat="25.2061687" lon="121.6627923">
    <ele>24</ele>
    <time>2026-03-14T23:16:18Z</time>
    <extensions>
     <gpxdata:hr>195</gpxdata:hr>
     <gpxdata:distance>6242.00</gpxdata:distance>
     <gpxdata:cadence>94</gpxdata:cadence>
     <gpxdata:speed>4.017</gpxdata:speed>
    </extensions>
   </trkpt>
   <trkpt lat="25.2061815" lon="121.6627522">
    <ele>24</ele>
    <time>2026-03-14T23:16:19Z</time>
    <extensions>
     <gpxdata:hr>195</gpxdata:hr>
     <gpxdata:distance>6246.00</gpxdata:distance>
     <gpxdata:cadence>94</gpxdata:cadence>
     <gpxdata:speed>4.022</gpxdata:speed>
    </extensions>
   </trkpt>
   <trkpt lat="25.2061944" lon="121.6627122">
    <ele>24</ele>
    <time>2026-03-14T23:16:20Z</time>
    <extensions>
     <gpxdata:hr>194</gpxdata:hr>
     <gpxdata:distance>6250.50</gpxdata:distance>
     <gpxdata:cadence>94</gpxdata:cadence>
     <gpxdata:speed>4.025</gpxdata:speed>
    </extensions>
   </trkpt>
   <trkpt lat="25.2062070" lon="121.6626726">
    <ele>24</ele>
    <time>2026-03-14T23:16:21Z</time>
    <extensions>
     <gpxdata:hr>194</gpxdata:hr>
     <gpxdata:distance>6255.00</gpxdata:distance>
     <gpxdata:cadence>94</gpxdata:cadence>
     <gpxdata:speed>4.031</gpxdata:speed>
    </extensions>
   </trkpt>
   <trkpt lat="25.2062196" lon="121.6626330">
    <ele>24</ele>
    <time>2026-03-14T23:16:22Z</time>
    <extensions>
     <gpxdata:hr>194</gpxdata:hr>
     <gpxdata:distance>6259.00</gpxdata:distance>
     <gpxdata:cadence>94</gpxdata:cadence>
     <gpxdata:speed>4.033</gpxdata:speed>
    </extensions>
   </trkpt>
   <trkpt lat="25.2062324" lon="121.6625935">
    <ele>24</ele>
    <time>2026-03-14T23:16:23Z</time>
    <extensions>
     <gpxdata:hr>194</gpxdata:hr>
     <gpxdata:distance>6263.00</gpxdata:distance>
     <gpxdata:cadence>94</gpxdata:cadence>
     <gpxdata:speed>4.036</gpxdata:speed>
    </extensions>
   </trkpt>
   <trkpt lat="25.2062452" lon="121.6625541">
    <ele>24</ele>
    <time>2026-03-14T23:16:24Z</time>
    <extensions>
     <gpxdata:hr>194</gpxdata:hr>
     <gpxdata:distance>6267.50</gpxdata:distance>
     <gpxdata:cadence>94</gpxdata:cadence>
     <gpxdata:speed>4.039</gpxdata:speed>
    </extensions>
   </trkpt>
   <trkpt lat="25.2062582" lon="121.6625145">
    <ele>24</ele>
    <time>2026-03-14T23:16:25Z</time>
    <extensions>
     <gpxdata:hr>194</gpxdata:hr>
     <gpxdata:distance>6272.00</gpxdata:distance>
     <gpxdata:cadence>94</gpxdata:cadence>
     <gpxdata:speed>4.042</gpxdata:speed>
    </extensions>
   </trkpt>
   <trkpt lat="25.2062712" lon="121.6624750">
    <ele>23</ele>
    <time>2026-03-14T23:16:26Z</time>
    <extensions>
     <gpxdata:hr>194</gpxdata:hr>
     <gpxdata:distance>6276.00</gpxdata:distance>
     <gpxdata:cadence>94</gpxdata:cadence>
     <gpxdata:speed>4.042</gpxdata:speed>
    </extensions>
   </trkpt>
   <trkpt lat="25.2062838" lon="121.6624355">
    <ele>23</ele>
    <time>2026-03-14T23:16:27Z</time>
    <extensions>
     <gpxdata:hr>194</gpxdata:hr>
     <gpxdata:distance>6280.00</gpxdata:distance>
     <gpxdata:cadence>94</gpxdata:cadence>
     <gpxdata:speed>4.044</gpxdata:speed>
    </extensions>
   </trkpt>
   <trkpt lat="25.2062964" lon="121.6623961">
    <ele>23</ele>
    <time>2026-03-14T23:16:28Z</time>
    <extensions>
     <gpxdata:hr>194</gpxdata:hr>
     <gpxdata:distance>6284.00</gpxdata:distance>
     <gpxdata:cadence>94</gpxdata:cadence>
     <gpxdata:speed>4.053</gpxdata:speed>
    </extensions>
   </trkpt>
   <trkpt lat="25.2063084" lon="121.6623570">
    <ele>23</ele>
    <time>2026-03-14T23:16:29Z</time>
    <extensions>
     <gpxdata:hr>194</gpxdata:hr>
     <gpxdata:distance>6288.00</gpxdata:distance>
     <gpxdata:cadence>94</gpxdata:cadence>
     <gpxdata:speed>4.064</gpxdata:speed>
    </extensions>
   </trkpt>
   <trkpt lat="25.2063205" lon="121.6623179">
    <ele>23</ele>
    <time>2026-03-14T23:16:30Z</time>
    <extensions>
     <gpxdata:hr>194</gpxdata:hr>
     <gpxdata:distance>6292.00</gpxdata:distance>
     <gpxdata:cadence>94</gpxdata:cadence>
     <gpxdata:speed>4.081</gpxdata:speed>
    </extensions>
   </trkpt>
   <trkpt lat="25.2063318" lon="121.6622789">
    <ele>22</ele>
    <time>2026-03-14T23:16:31Z</time>
    <extensions>
     <gpxdata:hr>194</gpxdata:hr>
     <gpxdata:distance>6296.00</gpxdata:distance>
     <gpxdata:cadence>94</gpxdata:cadence>
     <gpxdata:speed>4.100</gpxdata:speed>
    </extensions>
   </trkpt>
   <trkpt lat="25.2063431" lon="121.6622399">
    <ele>22</ele>
    <time>2026-03-14T23:16:32Z</time>
    <extensions>
     <gpxdata:hr>194</gpxdata:hr>
     <gpxdata:distance>6300.50</gpxdata:distance>
     <gpxdata:cadence>93</gpxdata:cadence>
     <gpxdata:speed>4.100</gpxdata:speed>
    </extensions>
   </trkpt>
   <trkpt lat="25.2063542" lon="121.6622008">
    <ele>22</ele>
    <time>2026-03-14T23:16:33Z</time>
    <extensions>
     <gpxdata:hr>193</gpxdata:hr>
     <gpxdata:distance>6305.00</gpxdata:distance>
     <gpxdata:cadence>93</gpxdata:cadence>
     <gpxdata:speed>4.103</gpxdata:speed>
    </extensions>
   </trkpt>
   <trkpt lat="25.2063653" lon="121.6621618">
    <ele>22</ele>
    <time>2026-03-14T23:16:34Z</time>
    <extensions>
     <gpxdata:hr>193</gpxdata:hr>
     <gpxdata:distance>6309.00</gpxdata:distance>
     <gpxdata:cadence>93</gpxdata:cadence>
     <gpxdata:speed>4.100</gpxdata:speed>
    </extensions>
   </trkpt>
   <trkpt lat="25.2063763" lon="121.6621228">
    <ele>22</ele>
    <time>2026-03-14T23:16:35Z</time>
    <extensions>
     <gpxdata:hr>193</gpxdata:hr>
     <gpxdata:distance>6313.00</gpxdata:distance>
     <gpxdata:cadence>93</gpxdata:cadence>
     <gpxdata:speed>4.100</gpxdata:speed>
    </extensions>
   </trkpt>
   <trkpt lat="25.2063873" lon="121.6620838">
    <ele>22</ele>
    <time>2026-03-14T23:16:36Z</time>
    <extensions>
     <gpxdata:hr>193</gpxdata:hr>
     <gpxdata:distance>6317.00</gpxdata:distance>
     <gpxdata:cadence>93</gpxdata:cadence>
     <gpxdata:speed>4.097</gpxdata:speed>
    </extensions>
   </trkpt>
   <trkpt lat="25.2063988" lon="121.6620448">
    <ele>22</ele>
    <time>2026-03-14T23:16:37Z</time>
    <extensions>
     <gpxdata:hr>194</gpxdata:hr>
     <gpxdata:distance>6321.00</gpxdata:distance>
     <gpxdata:cadence>94</gpxdata:cadence>
     <gpxdata:speed>4.097</gpxdata:speed>
    </extensions>
   </trkpt>
   <trkpt lat="25.2064104" lon="121.6620058">
    <ele>22</ele>
    <time>2026-03-14T23:16:38Z</time>
    <extensions>
     <gpxdata:hr>194</gpxdata:hr>
     <gpxdata:distance>6325.50</gpxdata:distance>
     <gpxdata:cadence>94</gpxdata:cadence>
     <gpxdata:speed>4.097</gpxdata:speed>
    </extensions>
   </trkpt>
   <trkpt lat="25.2064224" lon="121.6619669">
    <ele>22</ele>
    <time>2026-03-14T23:16:39Z</time>
    <extensions>
     <gpxdata:hr>194</gpxdata:hr>
     <gpxdata:distance>6330.00</gpxdata:distance>
     <gpxdata:cadence>94</gpxdata:cadence>
     <gpxdata:speed>4.097</gpxdata:speed>
    </extensions>
   </trkpt>
   <trkpt lat="25.2064344" lon="121.6619281">
    <ele>22</ele>
    <time>2026-03-14T23:16:40Z</time>
    <extensions>
     <gpxdata:hr>194</gpxdata:hr>
     <gpxdata:distance>6334.00</gpxdata:distance>
     <gpxdata:cadence>94</gpxdata:cadence>
     <gpxdata:speed>4.097</gpxdata:speed>
    </extensions>
   </trkpt>
   <trkpt lat="25.2064468" lon="121.6618896">
    <ele>21</ele>
    <time>2026-03-14T23:16:41Z</time>
    <extensions>
     <gpxdata:hr>194</gpxdata:hr>
     <gpxdata:distance>6338.00</gpxdata:distance>
     <gpxdata:cadence>94</gpxdata:cadence>
     <gpxdata:speed>4.097</gpxdata:speed>
    </extensions>
   </trkpt>
   <trkpt lat="25.2064592" lon="121.6618511">
    <ele>21</ele>
    <time>2026-03-14T23:16:42Z</time>
    <extensions>
     <gpxdata:hr>194</gpxdata:hr>
     <gpxdata:distance>6342.00</gpxdata:distance>
     <gpxdata:cadence>94</gpxdata:cadence>
     <gpxdata:speed>4.094</gpxdata:speed>
    </extensions>
   </trkpt>
   <trkpt lat="25.2064718" lon="121.6618131">
    <ele>21</ele>
    <time>2026-03-14T23:16:43Z</time>
    <extensions>
     <gpxdata:hr>194</gpxdata:hr>
     <gpxdata:distance>6346.00</gpxdata:distance>
     <gpxdata:cadence>94</gpxdata:cadence>
     <gpxdata:speed>4.094</gpxdata:speed>
    </extensions>
   </trkpt>
   <trkpt lat="25.2064845" lon="121.6617751">
    <ele>21</ele>
    <time>2026-03-14T23:16:44Z</time>
    <extensions>
     <gpxdata:hr>194</gpxdata:hr>
     <gpxdata:distance>6350.00</gpxdata:distance>
     <gpxdata:cadence>93</gpxdata:cadence>
     <gpxdata:speed>4.094</gpxdata:speed>
    </extensions>
   </trkpt>
   <trkpt lat="25.2064971" lon="121.6617375">
    <ele>21</ele>
    <time>2026-03-14T23:16:45Z</time>
    <extensions>
     <gpxdata:hr>195</gpxdata:hr>
     <gpxdata:distance>6354.00</gpxdata:distance>
     <gpxdata:cadence>93</gpxdata:cadence>
     <gpxdata:speed>4.094</gpxdata:speed>
    </extensions>
   </trkpt>
   <trkpt lat="25.2065098" lon="121.6616999">
    <ele>21</ele>
    <time>2026-03-14T23:16:46Z</time>
    <extensions>
     <gpxdata:hr>195</gpxdata:hr>
     <gpxdata:distance>6358.00</gpxdata:distance>
     <gpxdata:cadence>93</gpxdata:cadence>
     <gpxdata:speed>4.089</gpxdata:speed>
    </extensions>
   </trkpt>
   <trkpt lat="25.2065223" lon="121.6616626">
    <ele>21</ele>
    <time>2026-03-14T23:16:47Z</time>
    <extensions>
     <gpxdata:hr>194</gpxdata:hr>
     <gpxdata:distance>6362.00</gpxdata:distance>
     <gpxdata:cadence>93</gpxdata:cadence>
     <gpxdata:speed>4.086</gpxdata:speed>
    </extensions>
   </trkpt>
   <trkpt lat="25.2065348" lon="121.6616253">
    <ele>21</ele>
    <time>2026-03-14T23:16:48Z</time>
    <extensions>
     <gpxdata:hr>195</gpxdata:hr>
     <gpxdata:distance>6366.00</gpxdata:distance>
     <gpxdata:cadence>93</gpxdata:cadence>
     <gpxdata:speed>4.083</gpxdata:speed>
    </extensions>
   </trkpt>
   <trkpt lat="25.2065475" lon="121.6615876">
    <ele>21</ele>
    <time>2026-03-14T23:16:49Z</time>
    <extensions>
     <gpxdata:hr>195</gpxdata:hr>
     <gpxdata:distance>6370.00</gpxdata:distance>
     <gpxdata:cadence>93</gpxdata:cadence>
     <gpxdata:speed>4.083</gpxdata:speed>
    </extensions>
   </trkpt>
   <trkpt lat="25.2065602" lon="121.6615500">
    <ele>21</ele>
    <time>2026-03-14T23:16:50Z</time>
    <extensions>
     <gpxdata:hr>194</gpxdata:hr>
     <gpxdata:distance>6374.00</gpxdata:distance>
     <gpxdata:cadence>93</gpxdata:cadence>
     <gpxdata:speed>4.081</gpxdata:speed>
    </extensions>
   </trkpt>
   <trkpt lat="25.2065735" lon="121.6615119">
    <ele>21</ele>
    <time>2026-03-14T23:16:51Z</time>
    <extensions>
     <gpxdata:hr>194</gpxdata:hr>
     <gpxdata:distance>6378.00</gpxdata:distance>
     <gpxdata:cadence>94</gpxdata:cadence>
     <gpxdata:speed>4.081</gpxdata:speed>
    </extensions>
   </trkpt>
   <trkpt lat="25.2065869" lon="121.6614739">
    <ele>21</ele>
    <time>2026-03-14T23:16:52Z</time>
    <extensions>
     <gpxdata:hr>194</gpxdata:hr>
     <gpxdata:distance>6382.50</gpxdata:distance>
     <gpxdata:cadence>94</gpxdata:cadence>
     <gpxdata:speed>4.078</gpxdata:speed>
    </extensions>
   </trkpt>
   <trkpt lat="25.2066004" lon="121.6614357">
    <ele>21</ele>
    <time>2026-03-14T23:16:53Z</time>
    <extensions>
     <gpxdata:hr>195</gpxdata:hr>
     <gpxdata:distance>6387.00</gpxdata:distance>
     <gpxdata:cadence>94</gpxdata:cadence>
     <gpxdata:speed>4.078</gpxdata:speed>
    </extensions>
   </trkpt>
   <trkpt lat="25.2066140" lon="121.6613976">
    <ele>21</ele>
    <time>2026-03-14T23:16:54Z</time>
    <extensions>
     <gpxdata:hr>194</gpxdata:hr>
     <gpxdata:distance>6391.00</gpxdata:distance>
     <gpxdata:cadence>94</gpxdata:cadence>
     <gpxdata:speed>4.078</gpxdata:speed>
    </extensions>
   </trkpt>
   <trkpt lat="25.2066272" lon="121.6613594">
    <ele>21</ele>
    <time>2026-03-14T23:16:55Z</time>
    <extensions>
     <gpxdata:hr>194</gpxdata:hr>
     <gpxdata:distance>6395.00</gpxdata:distance>
     <gpxdata:cadence>94</gpxdata:cadence>
     <gpxdata:speed>4.078</gpxdata:speed>
    </extensions>
   </trkpt>
   <trkpt lat="25.2066405" lon="121.6613213">
    <ele>21</ele>
    <time>2026-03-14T23:16:56Z</time>
    <extensions>
     <gpxdata:hr>194</gpxdata:hr>
     <gpxdata:distance>6399.00</gpxdata:distance>
     <gpxdata:cadence>94</gpxdata:cadence>
     <gpxdata:speed>4.078</gpxdata:speed>
    </extensions>
   </trkpt>
   <trkpt lat="25.2066528" lon="121.6612831">
    <ele>21</ele>
    <time>2026-03-14T23:16:57Z</time>
    <extensions>
     <gpxdata:hr>194</gpxdata:hr>
     <gpxdata:distance>6403.00</gpxdata:distance>
     <gpxdata:cadence>94</gpxdata:cadence>
     <gpxdata:speed>4.081</gpxdata:speed>
    </extensions>
   </trkpt>
   <trkpt lat="25.2066651" lon="121.6612449">
    <ele>21</ele>
    <time>2026-03-14T23:16:58Z</time>
    <extensions>
     <gpxdata:hr>195</gpxdata:hr>
     <gpxdata:distance>6407.00</gpxdata:distance>
     <gpxdata:cadence>94</gpxdata:cadence>
     <gpxdata:speed>4.081</gpxdata:speed>
    </extensions>
   </trkpt>
   <trkpt lat="25.2066767" lon="121.6612065">
    <ele>21</ele>
    <time>2026-03-14T23:16:59Z</time>
    <extensions>
     <gpxdata:hr>195</gpxdata:hr>
     <gpxdata:distance>6411.00</gpxdata:distance>
     <gpxdata:cadence>94</gpxdata:cadence>
     <gpxdata:speed>4.081</gpxdata:speed>
    </extensions>
   </trkpt>
   <trkpt lat="25.2066884" lon="121.6611681">
    <ele>21</ele>
    <time>2026-03-14T23:17:00Z</time>
    <extensions>
     <gpxdata:hr>195</gpxdata:hr>
     <gpxdata:distance>6415.00</gpxdata:distance>
     <gpxdata:cadence>94</gpxdata:cadence>
     <gpxdata:speed>4.081</gpxdata:speed>
    </extensions>
   </trkpt>
   <trkpt lat="25.2066998" lon="121.6611295">
    <ele>20</ele>
    <time>2026-03-14T23:17:01Z</time>
    <extensions>
     <gpxdata:hr>195</gpxdata:hr>
     <gpxdata:distance>6419.00</gpxdata:distance>
     <gpxdata:cadence>94</gpxdata:cadence>
     <gpxdata:speed>4.083</gpxdata:speed>
    </extensions>
   </trkpt>
   <trkpt lat="25.2067112" lon="121.6610909">
    <ele>20</ele>
    <time>2026-03-14T23:17:02Z</time>
    <extensions>
     <gpxdata:hr>195</gpxdata:hr>
     <gpxdata:distance>6423.50</gpxdata:distance>
     <gpxdata:cadence>94</gpxdata:cadence>
     <gpxdata:speed>4.083</gpxdata:speed>
    </extensions>
   </trkpt>
   <trkpt lat="25.2067226" lon="121.6610519">
    <ele>20</ele>
    <time>2026-03-14T23:17:03Z</time>
    <extensions>
     <gpxdata:hr>195</gpxdata:hr>
     <gpxdata:distance>6428.00</gpxdata:distance>
     <gpxdata:cadence>94</gpxdata:cadence>
     <gpxdata:speed>4.086</gpxdata:speed>
    </extensions>
   </trkpt>
   <trkpt lat="25.2067340" lon="121.6610130">
    <ele>20</ele>
    <time>2026-03-14T23:17:04Z</time>
    <extensions>
     <gpxdata:hr>194</gpxdata:hr>
     <gpxdata:distance>6432.00</gpxdata:distance>
     <gpxdata:cadence>94</gpxdata:cadence>
     <gpxdata:speed>4.086</gpxdata:speed>
    </extensions>
   </trkpt>
   <trkpt lat="25.2067460" lon="121.6609742">
    <ele>20</ele>
    <time>2026-03-14T23:17:05Z</time>
    <extensions>
     <gpxdata:hr>194</gpxdata:hr>
     <gpxdata:distance>6436.00</gpxdata:distance>
     <gpxdata:cadence>94</gpxdata:cadence>
     <gpxdata:speed>4.089</gpxdata:speed>
    </extensions>
   </trkpt>
   <trkpt lat="25.2067580" lon="121.6609354">
    <ele>20</ele>
    <time>2026-03-14T23:17:06Z</time>
    <extensions>
     <gpxdata:hr>194</gpxdata:hr>
     <gpxdata:distance>6440.00</gpxdata:distance>
     <gpxdata:cadence>94</gpxdata:cadence>
     <gpxdata:speed>4.089</gpxdata:speed>
    </extensions>
   </trkpt>
   <trkpt lat="25.2067700" lon="121.6608972">
    <ele>20</ele>
    <time>2026-03-14T23:17:07Z</time>
    <extensions>
     <gpxdata:hr>194</gpxdata:hr>
     <gpxdata:distance>6444.00</gpxdata:distance>
     <gpxdata:cadence>94</gpxdata:cadence>
     <gpxdata:speed>4.089</gpxdata:speed>
    </extensions>
   </trkpt>
   <trkpt lat="25.2067821" lon="121.6608590">
    <ele>20</ele>
    <time>2026-03-14T23:17:08Z</time>
    <extensions>
     <gpxdata:hr>194</gpxdata:hr>
     <gpxdata:distance>6448.00</gpxdata:distance>
     <gpxdata:cadence>94</gpxdata:cadence>
     <gpxdata:speed>4.089</gpxdata:speed>
    </extensions>
   </trkpt>
   <trkpt lat="25.2067950" lon="121.6608212">
    <ele>20</ele>
    <time>2026-03-14T23:17:09Z</time>
    <extensions>
     <gpxdata:hr>194</gpxdata:hr>
     <gpxdata:distance>6452.00</gpxdata:distance>
     <gpxdata:cadence>94</gpxdata:cadence>
     <gpxdata:speed>4.089</gpxdata:speed>
    </extensions>
   </trkpt>
   <trkpt lat="25.2068080" lon="121.6607835">
    <ele>20</ele>
    <time>2026-03-14T23:17:10Z</time>
    <extensions>
     <gpxdata:hr>194</gpxdata:hr>
     <gpxdata:distance>6456.00</gpxdata:distance>
     <gpxdata:cadence>94</gpxdata:cadence>
     <gpxdata:speed>4.086</gpxdata:speed>
    </extensions>
   </trkpt>
   <trkpt lat="25.2068224" lon="121.6607461">
    <ele>20</ele>
    <time>2026-03-14T23:17:11Z</time>
    <extensions>
     <gpxdata:hr>194</gpxdata:hr>
     <gpxdata:distance>6460.00</gpxdata:distance>
     <gpxdata:cadence>94</gpxdata:cadence>
     <gpxdata:speed>4.086</gpxdata:speed>
    </extensions>
   </trkpt>
   <trkpt lat="25.2068369" lon="121.6607087">
    <ele>20</ele>
    <time>2026-03-14T23:17:12Z</time>
    <extensions>
     <gpxdata:hr>194</gpxdata:hr>
     <gpxdata:distance>6464.50</gpxdata:distance>
     <gpxdata:cadence>94</gpxdata:cadence>
     <gpxdata:speed>4.083</gpxdata:speed>
    </extensions>
   </trkpt>
   <trkpt lat="25.2068526" lon="121.6606713">
    <ele>20</ele>
    <time>2026-03-14T23:17:13Z</time>
    <extensions>
     <gpxdata:hr>194</gpxdata:hr>
     <gpxdata:distance>6469.00</gpxdata:distance>
     <gpxdata:cadence>95</gpxdata:cadence>
     <gpxdata:speed>4.083</gpxdata:speed>
    </extensions>
   </trkpt>
   <trkpt lat="25.2068683" lon="121.6606340">
    <ele>20</ele>
    <time>2026-03-14T23:17:14Z</time>
    <extensions>
     <gpxdata:hr>194</gpxdata:hr>
     <gpxdata:distance>6473.00</gpxdata:distance>
     <gpxdata:cadence>95</gpxdata:cadence>
     <gpxdata:speed>4.083</gpxdata:speed>
    </extensions>
   </trkpt>
   <trkpt lat="25.2068862" lon="121.6605970">
    <ele>20</ele>
    <time>2026-03-14T23:17:15Z</time>
    <extensions>
     <gpxdata:hr>194</gpxdata:hr>
     <gpxdata:distance>6477.00</gpxdata:distance>
     <gpxdata:cadence>95</gpxdata:cadence>
     <gpxdata:speed>4.083</gpxdata:speed>
    </extensions>
   </trkpt>
   <trkpt lat="25.2069041" lon="121.6605600">
    <ele>20</ele>
    <time>2026-03-14T23:17:16Z</time>
    <extensions>
     <gpxdata:hr>194</gpxdata:hr>
     <gpxdata:distance>6481.50</gpxdata:distance>
     <gpxdata:cadence>95</gpxdata:cadence>
     <gpxdata:speed>4.086</gpxdata:speed>
    </extensions>
   </trkpt>
   <trkpt lat="25.2069280" lon="121.6605275">
    <ele>20</ele>
    <time>2026-03-14T23:17:17Z</time>
    <extensions>
     <gpxdata:hr>194</gpxdata:hr>
     <gpxdata:distance>6486.00</gpxdata:distance>
     <gpxdata:cadence>95</gpxdata:cadence>
     <gpxdata:speed>4.089</gpxdata:speed>
    </extensions>
   </trkpt>
   <trkpt lat="25.2069520" lon="121.6604950">
    <ele>20</ele>
    <time>2026-03-14T23:17:18Z</time>
    <extensions>
     <gpxdata:hr>194</gpxdata:hr>
     <gpxdata:distance>6490.00</gpxdata:distance>
     <gpxdata:cadence>95</gpxdata:cadence>
     <gpxdata:speed>4.092</gpxdata:speed>
    </extensions>
   </trkpt>
   <trkpt lat="25.2069847" lon="121.6604774">
    <ele>20</ele>
    <time>2026-03-14T23:17:19Z</time>
    <extensions>
     <gpxdata:hr>194</gpxdata:hr>
     <gpxdata:distance>6494.00</gpxdata:distance>
     <gpxdata:cadence>95</gpxdata:cadence>
     <gpxdata:speed>4.097</gpxdata:speed>
    </extensions>
   </trkpt>
   <trkpt lat="25.2070174" lon="121.6604598">
    <ele>20</ele>
    <time>2026-03-14T23:17:20Z</time>
    <extensions>
     <gpxdata:hr>194</gpxdata:hr>
     <gpxdata:distance>6498.50</gpxdata:distance>
     <gpxdata:cadence>94</gpxdata:cadence>
     <gpxdata:speed>4.100</gpxdata:speed>
    </extensions>
   </trkpt>
   <trkpt lat="25.2070539" lon="121.6604627">
    <ele>19</ele>
    <time>2026-03-14T23:17:21Z</time>
    <extensions>
     <gpxdata:hr>194</gpxdata:hr>
     <gpxdata:distance>6503.00</gpxdata:distance>
     <gpxdata:cadence>94</gpxdata:cadence>
     <gpxdata:speed>4.106</gpxdata:speed>
    </extensions>
   </trkpt>
   <trkpt lat="25.2070904" lon="121.6604657">
    <ele>19</ele>
    <time>2026-03-14T23:17:22Z</time>
    <extensions>
     <gpxdata:hr>194</gpxdata:hr>
     <gpxdata:distance>6506.00</gpxdata:distance>
     <gpxdata:cadence>94</gpxdata:cadence>
     <gpxdata:speed>4.103</gpxdata:speed>
    </extensions>
   </trkpt>
   <trkpt lat="25.2071209" lon="121.6604737">
    <ele>19</ele>
    <time>2026-03-14T23:17:23Z</time>
    <extensions>
     <gpxdata:hr>194</gpxdata:hr>
     <gpxdata:distance>6509.00</gpxdata:distance>
     <gpxdata:cadence>94</gpxdata:cadence>
     <gpxdata:speed>4.100</gpxdata:speed>
    </extensions>
   </trkpt>
   <trkpt lat="25.2071515" lon="121.6604818">
    <ele>19</ele>
    <time>2026-03-14T23:17:24Z</time>
    <extensions>
     <gpxdata:hr>194</gpxdata:hr>
     <gpxdata:distance>6509.00</gpxdata:distance>
     <gpxdata:cadence>94</gpxdata:cadence>
     <gpxdata:speed>4.069</gpxdata:speed>
    </extensions>
   </trkpt>
   <trkpt lat="25.2071574" lon="121.6604771">
    <ele>19</ele>
    <time>2026-03-14T23:17:25Z</time>
    <extensions>
     <gpxdata:hr>194</gpxdata:hr>
     <gpxdata:distance>6509.00</gpxdata:distance>
     <gpxdata:cadence>95</gpxdata:cadence>
     <gpxdata:speed>4.039</gpxdata:speed>
    </extensions>
   </trkpt>
   <trkpt lat="25.2071633" lon="121.6604725">
    <ele>19</ele>
    <time>2026-03-14T23:17:26Z</time>
    <extensions>
     <gpxdata:hr>194</gpxdata:hr>
     <gpxdata:distance>6514.00</gpxdata:distance>
     <gpxdata:cadence>95</gpxdata:cadence>
     <gpxdata:speed>3.928</gpxdata:speed>
    </extensions>
   </trkpt>
   <trkpt lat="25.2071423" lon="121.6604573">
    <ele>19</ele>
    <time>2026-03-14T23:17:27Z</time>
    <extensions>
     <gpxdata:hr>194</gpxdata:hr>
     <gpxdata:distance>6519.00</gpxdata:distance>
     <gpxdata:cadence>95</gpxdata:cadence>
     <gpxdata:speed>3.819</gpxdata:speed>
    </extensions>
   </trkpt>
   <trkpt lat="25.2071213" lon="121.6604422">
    <ele>19</ele>
    <time>2026-03-14T23:17:28Z</time>
    <extensions>
     <gpxdata:hr>194</gpxdata:hr>
     <gpxdata:distance>6523.00</gpxdata:distance>
     <gpxdata:cadence>94</gpxdata:cadence>
     <gpxdata:speed>3.817</gpxdata:speed>
    </extensions>
   </trkpt>
   <trkpt lat="25.2070858" lon="121.6604288">
    <ele>19</ele>
    <time>2026-03-14T23:17:29Z</time>
    <extensions>
     <gpxdata:hr>194</gpxdata:hr>
     <gpxdata:distance>6527.00</gpxdata:distance>
     <gpxdata:cadence>94</gpxdata:cadence>
     <gpxdata:speed>3.817</gpxdata:speed>
    </extensions>
   </trkpt>
   <trkpt lat="25.2070503" lon="121.6604155">
    <ele>19</ele>
    <time>2026-03-14T23:17:30Z</time>
    <extensions>
     <gpxdata:hr>194</gpxdata:hr>
     <gpxdata:distance>6531.00</gpxdata:distance>
     <gpxdata:cadence>94</gpxdata:cadence>
     <gpxdata:speed>3.894</gpxdata:speed>
    </extensions>
   </trkpt>
   <trkpt lat="25.2070125" lon="121.6604181">
    <ele>19</ele>
    <time>2026-03-14T23:17:31Z</time>
    <extensions>
     <gpxdata:hr>194</gpxdata:hr>
     <gpxdata:distance>6535.00</gpxdata:distance>
     <gpxdata:cadence>94</gpxdata:cadence>
     <gpxdata:speed>3.975</gpxdata:speed>
    </extensions>
   </trkpt>
   <trkpt lat="25.2069747" lon="121.6604208">
    <ele>19</ele>
    <time>2026-03-14T23:17:32Z</time>
    <extensions>
     <gpxdata:hr>194</gpxdata:hr>
     <gpxdata:distance>6539.00</gpxdata:distance>
     <gpxdata:cadence>94</gpxdata:cadence>
     <gpxdata:speed>4.042</gpxdata:speed>
    </extensions>
   </trkpt>
   <trkpt lat="25.2069436" lon="121.6604430">
    <ele>19</ele>
    <time>2026-03-14T23:17:33Z</time>
    <extensions>
     <gpxdata:hr>194</gpxdata:hr>
     <gpxdata:distance>6543.00</gpxdata:distance>
     <gpxdata:cadence>95</gpxdata:cadence>
     <gpxdata:speed>4.108</gpxdata:speed>
    </extensions>
   </trkpt>
   <trkpt lat="25.2069125" lon="121.6604653">
    <ele>19</ele>
    <time>2026-03-14T23:17:34Z</time>
    <extensions>
     <gpxdata:hr>194</gpxdata:hr>
     <gpxdata:distance>6547.50</gpxdata:distance>
     <gpxdata:cadence>96</gpxdata:cadence>
     <gpxdata:speed>4.161</gpxdata:speed>
    </extensions>
   </trkpt>
   <trkpt lat="25.2068898" lon="121.6604999">
    <ele>19</ele>
    <time>2026-03-14T23:17:35Z</time>
    <extensions>
     <gpxdata:hr>194</gpxdata:hr>
     <gpxdata:distance>6552.00</gpxdata:distance>
     <gpxdata:cadence>97</gpxdata:cadence>
     <gpxdata:speed>4.214</gpxdata:speed>
    </extensions>
   </trkpt>
   <trkpt lat="25.2068672" lon="121.6605346">
    <ele>19</ele>
    <time>2026-03-14T23:17:36Z</time>
    <extensions>
     <gpxdata:hr>194</gpxdata:hr>
     <gpxdata:distance>6556.00</gpxdata:distance>
     <gpxdata:cadence>97</gpxdata:cadence>
     <gpxdata:speed>4.247</gpxdata:speed>
    </extensions>
   </trkpt>
   <trkpt lat="25.2068510" lon="121.6605740">
    <ele>19</ele>
    <time>2026-03-14T23:17:37Z</time>
    <extensions>
     <gpxdata:hr>194</gpxdata:hr>
     <gpxdata:distance>6560.00</gpxdata:distance>
     <gpxdata:cadence>97</gpxdata:cadence>
     <gpxdata:speed>4.281</gpxdata:speed>
    </extensions>
   </trkpt>
   <trkpt lat="25.2068349" lon="121.6606135">
    <ele>19</ele>
    <time>2026-03-14T23:17:38Z</time>
    <extensions>
     <gpxdata:hr>194</gpxdata:hr>
     <gpxdata:distance>6564.00</gpxdata:distance>
     <gpxdata:cadence>97</gpxdata:cadence>
     <gpxdata:speed>4.289</gpxdata:speed>
    </extensions>
   </trkpt>
   <trkpt lat="25.2068220" lon="121.6606536">
    <ele>19</ele>
    <time>2026-03-14T23:17:39Z</time>
    <extensions>
     <gpxdata:hr>194</gpxdata:hr>
     <gpxdata:distance>6568.00</gpxdata:distance>
     <gpxdata:cadence>97</gpxdata:cadence>
     <gpxdata:speed>4.297</gpxdata:speed>
    </extensions>
   </trkpt>
   <trkpt lat="25.2068092" lon="121.6606937">
    <ele>19</ele>
    <time>2026-03-14T23:17:40Z</time>
    <extensions>
     <gpxdata:hr>194</gpxdata:hr>
     <gpxdata:distance>6572.00</gpxdata:distance>
     <gpxdata:cadence>97</gpxdata:cadence>
     <gpxdata:speed>4.281</gpxdata:speed>
    </extensions>
   </trkpt>
   <trkpt lat="25.2067979" lon="121.6607329">
    <ele>19</ele>
    <time>2026-03-14T23:17:41Z</time>
    <extensions>
     <gpxdata:hr>194</gpxdata:hr>
     <gpxdata:distance>6576.00</gpxdata:distance>
     <gpxdata:cadence>97</gpxdata:cadence>
     <gpxdata:speed>4.267</gpxdata:speed>
    </extensions>
   </trkpt>
   <trkpt lat="25.2067866" lon="121.6607722">
    <ele>19</ele>
    <time>2026-03-14T23:17:42Z</time>
    <extensions>
     <gpxdata:hr>194</gpxdata:hr>
     <gpxdata:distance>6580.00</gpxdata:distance>
     <gpxdata:cadence>97</gpxdata:cadence>
     <gpxdata:speed>4.250</gpxdata:speed>
    </extensions>
   </trkpt>
   <trkpt lat="25.2067761" lon="121.6608104">
    <ele>19</ele>
    <time>2026-03-14T23:17:43Z</time>
    <extensions>
     <gpxdata:hr>194</gpxdata:hr>
     <gpxdata:distance>6584.00</gpxdata:distance>
     <gpxdata:cadence>97</gpxdata:cadence>
     <gpxdata:speed>4.233</gpxdata:speed>
    </extensions>
   </trkpt>
   <trkpt lat="25.2067657" lon="121.6608486">
    <ele>19</ele>
    <time>2026-03-14T23:17:44Z</time>
    <extensions>
     <gpxdata:hr>194</gpxdata:hr>
     <gpxdata:distance>6588.00</gpxdata:distance>
     <gpxdata:cadence>96</gpxdata:cadence>
     <gpxdata:speed>4.217</gpxdata:speed>
    </extensions>
   </trkpt>
   <trkpt lat="25.2067553" lon="121.6608858">
    <ele>19</ele>
    <time>2026-03-14T23:17:45Z</time>
    <extensions>
     <gpxdata:hr>194</gpxdata:hr>
     <gpxdata:distance>6592.00</gpxdata:distance>
     <gpxdata:cadence>96</gpxdata:cadence>
     <gpxdata:speed>4.200</gpxdata:speed>
    </extensions>
   </trkpt>
   <trkpt lat="25.2067449" lon="121.6609231">
    <ele>19</ele>
    <time>2026-03-14T23:17:46Z</time>
    <extensions>
     <gpxdata:hr>194</gpxdata:hr>
     <gpxdata:distance>6596.00</gpxdata:distance>
     <gpxdata:cadence>96</gpxdata:cadence>
     <gpxdata:speed>4.172</gpxdata:speed>
    </extensions>
   </trkpt>
   <trkpt lat="25.2067343" lon="121.6609599">
    <ele>19</ele>
    <time>2026-03-14T23:17:47Z</time>
    <extensions>
     <gpxdata:hr>194</gpxdata:hr>
     <gpxdata:distance>6600.00</gpxdata:distance>
     <gpxdata:cadence>95</gpxdata:cadence>
     <gpxdata:speed>4.147</gpxdata:speed>
    </extensions>
   </trkpt>
   <trkpt lat="25.2067238" lon="121.6609968">
    <ele>19</ele>
    <time>2026-03-14T23:17:48Z</time>
    <extensions>
     <gpxdata:hr>193</gpxdata:hr>
     <gpxdata:distance>6604.00</gpxdata:distance>
     <gpxdata:cadence>95</gpxdata:cadence>
     <gpxdata:speed>4.131</gpxdata:speed>
    </extensions>
   </trkpt>
   <trkpt lat="25.2067129" lon="121.6610340">
    <ele>19</ele>
    <time>2026-03-14T23:17:49Z</time>
    <extensions>
     <gpxdata:hr>193</gpxdata:hr>
     <gpxdata:distance>6608.00</gpxdata:distance>
     <gpxdata:cadence>95</gpxdata:cadence>
     <gpxdata:speed>4.117</gpxdata:speed>
    </extensions>
   </trkpt>
   <trkpt lat="25.2067020" lon="121.6610713">
    <ele>19</ele>
    <time>2026-03-14T23:17:50Z</time>
    <extensions>
     <gpxdata:hr>193</gpxdata:hr>
     <gpxdata:distance>6611.50</gpxdata:distance>
     <gpxdata:cadence>95</gpxdata:cadence>
     <gpxdata:speed>4.111</gpxdata:speed>
    </extensions>
   </trkpt>
   <trkpt lat="25.2066910" lon="121.6611083">
    <ele>19</ele>
    <time>2026-03-14T23:17:51Z</time>
    <extensions>
     <gpxdata:hr>193</gpxdata:hr>
     <gpxdata:distance>6615.00</gpxdata:distance>
     <gpxdata:cadence>95</gpxdata:cadence>
     <gpxdata:speed>4.108</gpxdata:speed>
    </extensions>
   </trkpt>
   <trkpt lat="25.2066801" lon="121.6611453">
    <ele>19</ele>
    <time>2026-03-14T23:17:52Z</time>
    <extensions>
     <gpxdata:hr>193</gpxdata:hr>
     <gpxdata:distance>6619.00</gpxdata:distance>
     <gpxdata:cadence>95</gpxdata:cadence>
     <gpxdata:speed>4.106</gpxdata:speed>
    </extensions>
   </trkpt>
   <trkpt lat="25.2066688" lon="121.6611818">
    <ele>19</ele>
    <time>2026-03-14T23:17:53Z</time>
    <extensions>
     <gpxdata:hr>193</gpxdata:hr>
     <gpxdata:distance>6623.00</gpxdata:distance>
     <gpxdata:cadence>96</gpxdata:cadence>
     <gpxdata:speed>4.103</gpxdata:speed>
    </extensions>
   </trkpt>
   <trkpt lat="25.2066575" lon="121.6612183">
    <ele>19</ele>
    <time>2026-03-14T23:17:54Z</time>
    <extensions>
     <gpxdata:hr>193</gpxdata:hr>
     <gpxdata:distance>6627.00</gpxdata:distance>
     <gpxdata:cadence>96</gpxdata:cadence>
     <gpxdata:speed>4.100</gpxdata:speed>
    </extensions>
   </trkpt>
   <trkpt lat="25.2066462" lon="121.6612544">
    <ele>20</ele>
    <time>2026-03-14T23:17:55Z</time>
    <extensions>
     <gpxdata:hr>193</gpxdata:hr>
     <gpxdata:distance>6631.00</gpxdata:distance>
     <gpxdata:cadence>96</gpxdata:cadence>
     <gpxdata:speed>4.097</gpxdata:speed>
    </extensions>
   </trkpt>
   <trkpt lat="25.2066350" lon="121.6612905">
    <ele>20</ele>
    <time>2026-03-14T23:17:56Z</time>
    <extensions>
     <gpxdata:hr>193</gpxdata:hr>
     <gpxdata:distance>6635.00</gpxdata:distance>
     <gpxdata:cadence>96</gpxdata:cadence>
     <gpxdata:speed>4.094</gpxdata:speed>
    </extensions>
   </trkpt>
   <trkpt lat="25.2066234" lon="121.6613267">
    <ele>20</ele>
    <time>2026-03-14T23:17:57Z</time>
    <extensions>
     <gpxdata:hr>193</gpxdata:hr>
     <gpxdata:distance>6639.00</gpxdata:distance>
     <gpxdata:cadence>96</gpxdata:cadence>
     <gpxdata:speed>4.092</gpxdata:speed>
    </extensions>
   </trkpt>
   <trkpt lat="25.2066118" lon="121.6613629">
    <ele>20</ele>
    <time>2026-03-14T23:17:58Z</time>
    <extensions>
     <gpxdata:hr>193</gpxdata:hr>
     <gpxdata:distance>6642.50</gpxdata:distance>
     <gpxdata:cadence>96</gpxdata:cadence>
     <gpxdata:speed>4.081</gpxdata:speed>
    </extensions>
   </trkpt>
   <trkpt lat="25.2065998" lon="121.6613991">
    <ele>20</ele>
    <time>2026-03-14T23:17:59Z</time>
    <extensions>
     <gpxdata:hr>194</gpxdata:hr>
     <gpxdata:distance>6646.00</gpxdata:distance>
     <gpxdata:cadence>96</gpxdata:cadence>
     <gpxdata:speed>4.072</gpxdata:speed>
    </extensions>
   </trkpt>
   <trkpt lat="25.2065879" lon="121.6614354">
    <ele>20</ele>
    <time>2026-03-14T23:18:00Z</time>
    <extensions>
     <gpxdata:hr>194</gpxdata:hr>
     <gpxdata:distance>6650.00</gpxdata:distance>
     <gpxdata:cadence>96</gpxdata:cadence>
     <gpxdata:speed>4.067</gpxdata:speed>
    </extensions>
   </trkpt>
   <trkpt lat="25.2065760" lon="121.6614720">
    <ele>20</ele>
    <time>2026-03-14T23:18:01Z</time>
    <extensions>
     <gpxdata:hr>194</gpxdata:hr>
     <gpxdata:distance>6654.00</gpxdata:distance>
     <gpxdata:cadence>96</gpxdata:cadence>
     <gpxdata:speed>4.061</gpxdata:speed>
    </extensions>
   </trkpt>
   <trkpt lat="25.2065642" lon="121.6615086">
    <ele>20</ele>
    <time>2026-03-14T23:18:02Z</time>
    <extensions>
     <gpxdata:hr>194</gpxdata:hr>
     <gpxdata:distance>6658.00</gpxdata:distance>
     <gpxdata:cadence>95</gpxdata:cadence>
     <gpxdata:speed>4.058</gpxdata:speed>
    </extensions>
   </trkpt>
   <trkpt lat="25.2065529" lon="121.6615454">
    <ele>20</ele>
    <time>2026-03-14T23:18:03Z</time>
    <extensions>
     <gpxdata:hr>194</gpxdata:hr>
     <gpxdata:distance>6662.00</gpxdata:distance>
     <gpxdata:cadence>95</gpxdata:cadence>
     <gpxdata:speed>4.056</gpxdata:speed>
    </extensions>
   </trkpt>
   <trkpt lat="25.2065417" lon="121.6615822">
    <ele>20</ele>
    <time>2026-03-14T23:18:04Z</time>
    <extensions>
     <gpxdata:hr>194</gpxdata:hr>
     <gpxdata:distance>6666.00</gpxdata:distance>
     <gpxdata:cadence>95</gpxdata:cadence>
     <gpxdata:speed>4.039</gpxdata:speed>
    </extensions>
   </trkpt>
   <trkpt lat="25.2065314" lon="121.6616191">
    <ele>20</ele>
    <time>2026-03-14T23:18:05Z</time>
    <extensions>
     <gpxdata:hr>194</gpxdata:hr>
     <gpxdata:distance>6670.00</gpxdata:distance>
     <gpxdata:cadence>94</gpxdata:cadence>
     <gpxdata:speed>4.025</gpxdata:speed>
    </extensions>
   </trkpt>
   <trkpt lat="25.2065211" lon="121.6616560">
    <ele>20</ele>
    <time>2026-03-14T23:18:06Z</time>
    <extensions>
     <gpxdata:hr>194</gpxdata:hr>
     <gpxdata:distance>6674.00</gpxdata:distance>
     <gpxdata:cadence>94</gpxdata:cadence>
     <gpxdata:speed>4.017</gpxdata:speed>
    </extensions>
   </trkpt>
   <trkpt lat="25.2065109" lon="121.6616928">
    <ele>20</ele>
    <time>2026-03-14T23:18:07Z</time>
    <extensions>
     <gpxdata:hr>194</gpxdata:hr>
     <gpxdata:distance>6678.00</gpxdata:distance>
     <gpxdata:cadence>94</gpxdata:cadence>
     <gpxdata:speed>4.008</gpxdata:speed>
    </extensions>
   </trkpt>
   <trkpt lat="25.2065007" lon="121.6617296">
    <ele>20</ele>
    <time>2026-03-14T23:18:08Z</time>
    <extensions>
     <gpxdata:hr>194</gpxdata:hr>
     <gpxdata:distance>6681.50</gpxdata:distance>
     <gpxdata:cadence>94</gpxdata:cadence>
     <gpxdata:speed>4.000</gpxdata:speed>
    </extensions>
   </trkpt>
   <trkpt lat="25.2064901" lon="121.6617665">
    <ele>20</ele>
    <time>2026-03-14T23:18:09Z</time>
    <extensions>
     <gpxdata:hr>194</gpxdata:hr>
     <gpxdata:distance>6685.00</gpxdata:distance>
     <gpxdata:cadence>94</gpxdata:cadence>
     <gpxdata:speed>3.994</gpxdata:speed>
    </extensions>
   </trkpt>
   <trkpt lat="25.2064795" lon="121.6618034">
    <ele>20</ele>
    <time>2026-03-14T23:18:10Z</time>
    <extensions>
     <gpxdata:hr>194</gpxdata:hr>
     <gpxdata:distance>6689.00</gpxdata:distance>
     <gpxdata:cadence>94</gpxdata:cadence>
     <gpxdata:speed>3.989</gpxdata:speed>
    </extensions>
   </trkpt>
   <trkpt lat="25.2064684" lon="121.6618400">
    <ele>20</ele>
    <time>2026-03-14T23:18:11Z</time>
    <extensions>
     <gpxdata:hr>194</gpxdata:hr>
     <gpxdata:distance>6693.00</gpxdata:distance>
     <gpxdata:cadence>94</gpxdata:cadence>
     <gpxdata:speed>3.986</gpxdata:speed>
    </extensions>
   </trkpt>
   <trkpt lat="25.2064574" lon="121.6618767">
    <ele>20</ele>
    <time>2026-03-14T23:18:12Z</time>
    <extensions>
     <gpxdata:hr>194</gpxdata:hr>
     <gpxdata:distance>6697.00</gpxdata:distance>
     <gpxdata:cadence>94</gpxdata:cadence>
     <gpxdata:speed>3.983</gpxdata:speed>
    </extensions>
   </trkpt>
   <trkpt lat="25.2064461" lon="121.6619128">
    <ele>20</ele>
    <time>2026-03-14T23:18:13Z</time>
    <extensions>
     <gpxdata:hr>194</gpxdata:hr>
     <gpxdata:distance>6701.00</gpxdata:distance>
     <gpxdata:cadence>94</gpxdata:cadence>
     <gpxdata:speed>3.983</gpxdata:speed>
    </extensions>
   </trkpt>
   <trkpt lat="25.2064348" lon="121.6619490">
    <ele>20</ele>
    <time>2026-03-14T23:18:14Z</time>
    <extensions>
     <gpxdata:hr>194</gpxdata:hr>
     <gpxdata:distance>6704.50</gpxdata:distance>
     <gpxdata:cadence>94</gpxdata:cadence>
     <gpxdata:speed>3.981</gpxdata:speed>
    </extensions>
   </trkpt>
   <trkpt lat="25.2064233" lon="121.6619845">
    <ele>21</ele>
    <time>2026-03-14T23:18:15Z</time>
    <extensions>
     <gpxdata:hr>194</gpxdata:hr>
     <gpxdata:distance>6708.00</gpxdata:distance>
     <gpxdata:cadence>94</gpxdata:cadence>
     <gpxdata:speed>3.981</gpxdata:speed>
    </extensions>
   </trkpt>
   <trkpt lat="25.2064119" lon="121.6620200">
    <ele>21</ele>
    <time>2026-03-14T23:18:16Z</time>
    <extensions>
     <gpxdata:hr>194</gpxdata:hr>
     <gpxdata:distance>6712.00</gpxdata:distance>
     <gpxdata:cadence>94</gpxdata:cadence>
     <gpxdata:speed>3.978</gpxdata:speed>
    </extensions>
   </trkpt>
   <trkpt lat="25.2064002" lon="121.6620552">
    <ele>21</ele>
    <time>2026-03-14T23:18:17Z</time>
    <extensions>
     <gpxdata:hr>194</gpxdata:hr>
     <gpxdata:distance>6716.00</gpxdata:distance>
     <gpxdata:cadence>94</gpxdata:cadence>
     <gpxdata:speed>3.975</gpxdata:speed>
    </extensions>
   </trkpt>
   <trkpt lat="25.2063886" lon="121.6620904">
    <ele>21</ele>
    <time>2026-03-14T23:18:18Z</time>
    <extensions>
     <gpxdata:hr>194</gpxdata:hr>
     <gpxdata:distance>6719.50</gpxdata:distance>
     <gpxdata:cadence>93</gpxdata:cadence>
     <gpxdata:speed>3.958</gpxdata:speed>
    </extensions>
   </trkpt>
   <trkpt lat="25.2063769" lon="121.6621254">
    <ele>21</ele>
    <time>2026-03-14T23:18:19Z</time>
    <extensions>
     <gpxdata:hr>194</gpxdata:hr>
     <gpxdata:distance>6723.00</gpxdata:distance>
     <gpxdata:cadence>93</gpxdata:cadence>
     <gpxdata:speed>3.942</gpxdata:speed>
    </extensions>
   </trkpt>
   <trkpt lat="25.2063653" lon="121.6621605">
    <ele>21</ele>
    <time>2026-03-14T23:18:20Z</time>
    <extensions>
     <gpxdata:hr>194</gpxdata:hr>
     <gpxdata:distance>6727.00</gpxdata:distance>
     <gpxdata:cadence>93</gpxdata:cadence>
     <gpxdata:speed>3.936</gpxdata:speed>
    </extensions>
   </trkpt>
   <trkpt lat="25.2063539" lon="121.6621953">
    <ele>21</ele>
    <time>2026-03-14T23:18:21Z</time>
    <extensions>
     <gpxdata:hr>194</gpxdata:hr>
     <gpxdata:distance>6731.00</gpxdata:distance>
     <gpxdata:cadence>93</gpxdata:cadence>
     <gpxdata:speed>3.931</gpxdata:speed>
    </extensions>
   </trkpt>
   <trkpt lat="25.2063426" lon="121.6622301">
    <ele>21</ele>
    <time>2026-03-14T23:18:22Z</time>
    <extensions>
     <gpxdata:hr>194</gpxdata:hr>
     <gpxdata:distance>6734.50</gpxdata:distance>
     <gpxdata:cadence>93</gpxdata:cadence>
     <gpxdata:speed>3.925</gpxdata:speed>
    </extensions>
   </trkpt>
   <trkpt lat="25.2063311" lon="121.6622650">
    <ele>21</ele>
    <time>2026-03-14T23:18:23Z</time>
    <extensions>
     <gpxdata:hr>194</gpxdata:hr>
     <gpxdata:distance>6738.00</gpxdata:distance>
     <gpxdata:cadence>93</gpxdata:cadence>
     <gpxdata:speed>3.919</gpxdata:speed>
    </extensions>
   </trkpt>
   <trkpt lat="25.2063196" lon="121.6623000">
    <ele>21</ele>
    <time>2026-03-14T23:18:24Z</time>
    <extensions>
     <gpxdata:hr>194</gpxdata:hr>
     <gpxdata:distance>6742.00</gpxdata:distance>
     <gpxdata:cadence>93</gpxdata:cadence>
     <gpxdata:speed>3.914</gpxdata:speed>
    </extensions>
   </trkpt>
   <trkpt lat="25.2063082" lon="121.6623354">
    <ele>21</ele>
    <time>2026-03-14T23:18:25Z</time>
    <extensions>
     <gpxdata:hr>194</gpxdata:hr>
     <gpxdata:distance>6746.00</gpxdata:distance>
     <gpxdata:cadence>93</gpxdata:cadence>
     <gpxdata:speed>3.911</gpxdata:speed>
    </extensions>
   </trkpt>
   <trkpt lat="25.2062969" lon="121.6623708">
    <ele>21</ele>
    <time>2026-03-14T23:18:26Z</time>
    <extensions>
     <gpxdata:hr>194</gpxdata:hr>
     <gpxdata:distance>6749.50</gpxdata:distance>
     <gpxdata:cadence>93</gpxdata:cadence>
     <gpxdata:speed>3.908</gpxdata:speed>
    </extensions>
   </trkpt>
   <trkpt lat="25.2062856" lon="121.6624061">
    <ele>21</ele>
    <time>2026-03-14T23:18:27Z</time>
    <extensions>
     <gpxdata:hr>195</gpxdata:hr>
     <gpxdata:distance>6753.00</gpxdata:distance>
     <gpxdata:cadence>93</gpxdata:cadence>
     <gpxdata:speed>3.906</gpxdata:speed>
    </extensions>
   </trkpt>
   <trkpt lat="25.2062744" lon="121.6624415">
    <ele>21</ele>
    <time>2026-03-14T23:18:28Z</time>
    <extensions>
     <gpxdata:hr>195</gpxdata:hr>
     <gpxdata:distance>6757.00</gpxdata:distance>
     <gpxdata:cadence>93</gpxdata:cadence>
     <gpxdata:speed>3.903</gpxdata:speed>
    </extensions>
   </trkpt>
   <trkpt lat="25.2062634" lon="121.6624762">
    <ele>21</ele>
    <time>2026-03-14T23:18:29Z</time>
    <extensions>
     <gpxdata:hr>195</gpxdata:hr>
     <gpxdata:distance>6761.00</gpxdata:distance>
     <gpxdata:cadence>93</gpxdata:cadence>
     <gpxdata:speed>3.900</gpxdata:speed>
    </extensions>
   </trkpt>
   <trkpt lat="25.2062524" lon="121.6625110">
    <ele>21</ele>
    <time>2026-03-14T23:18:30Z</time>
    <extensions>
     <gpxdata:hr>195</gpxdata:hr>
     <gpxdata:distance>6764.50</gpxdata:distance>
     <gpxdata:cadence>93</gpxdata:cadence>
     <gpxdata:speed>3.894</gpxdata:speed>
    </extensions>
   </trkpt>
   <trkpt lat="25.2062414" lon="121.6625456">
    <ele>21</ele>
    <time>2026-03-14T23:18:31Z</time>
    <extensions>
     <gpxdata:hr>195</gpxdata:hr>
     <gpxdata:distance>6768.00</gpxdata:distance>
     <gpxdata:cadence>94</gpxdata:cadence>
     <gpxdata:speed>3.892</gpxdata:speed>
    </extensions>
   </trkpt>
   <trkpt lat="25.2062305" lon="121.6625803">
    <ele>21</ele>
    <time>2026-03-14T23:18:32Z</time>
    <extensions>
     <gpxdata:hr>195</gpxdata:hr>
     <gpxdata:distance>6772.00</gpxdata:distance>
     <gpxdata:cadence>94</gpxdata:cadence>
     <gpxdata:speed>3.889</gpxdata:speed>
    </extensions>
   </trkpt>
   <trkpt lat="25.2062194" lon="121.6626155">
    <ele>21</ele>
    <time>2026-03-14T23:18:33Z</time>
    <extensions>
     <gpxdata:hr>195</gpxdata:hr>
     <gpxdata:distance>6776.00</gpxdata:distance>
     <gpxdata:cadence>94</gpxdata:cadence>
     <gpxdata:speed>3.886</gpxdata:speed>
    </extensions>
   </trkpt>
   <trkpt lat="25.2062083" lon="121.6626507">
    <ele>21</ele>
    <time>2026-03-14T23:18:34Z</time>
    <extensions>
     <gpxdata:hr>195</gpxdata:hr>
     <gpxdata:distance>6779.50</gpxdata:distance>
     <gpxdata:cadence>94</gpxdata:cadence>
     <gpxdata:speed>3.881</gpxdata:speed>
    </extensions>
   </trkpt>
   <trkpt lat="25.2061967" lon="121.6626855">
    <ele>21</ele>
    <time>2026-03-14T23:18:35Z</time>
    <extensions>
     <gpxdata:hr>195</gpxdata:hr>
     <gpxdata:distance>6783.00</gpxdata:distance>
     <gpxdata:cadence>94</gpxdata:cadence>
     <gpxdata:speed>3.878</gpxdata:speed>
    </extensions>
   </trkpt>
   <trkpt lat="25.2061851" lon="121.6627203">
    <ele>21</ele>
    <time>2026-03-14T23:18:36Z</time>
    <extensions>
     <gpxdata:hr>195</gpxdata:hr>
     <gpxdata:distance>6787.00</gpxdata:distance>
     <gpxdata:cadence>94</gpxdata:cadence>
     <gpxdata:speed>3.875</gpxdata:speed>
    </extensions>
   </trkpt>
   <trkpt lat="25.2061741" lon="121.6627549">
    <ele>21</ele>
    <time>2026-03-14T23:18:37Z</time>
    <extensions>
     <gpxdata:hr>195</gpxdata:hr>
     <gpxdata:distance>6791.00</gpxdata:distance>
     <gpxdata:cadence>94</gpxdata:cadence>
     <gpxdata:speed>3.872</gpxdata:speed>
    </extensions>
   </trkpt>
   <trkpt lat="25.2061631" lon="121.6627895">
    <ele>21</ele>
    <time>2026-03-14T23:18:38Z</time>
    <extensions>
     <gpxdata:hr>195</gpxdata:hr>
     <gpxdata:distance>6794.50</gpxdata:distance>
     <gpxdata:cadence>93</gpxdata:cadence>
     <gpxdata:speed>3.867</gpxdata:speed>
    </extensions>
   </trkpt>
   <trkpt lat="25.2061525" lon="121.6628245">
    <ele>21</ele>
    <time>2026-03-14T23:18:39Z</time>
    <extensions>
     <gpxdata:hr>195</gpxdata:hr>
     <gpxdata:distance>6798.00</gpxdata:distance>
     <gpxdata:cadence>93</gpxdata:cadence>
     <gpxdata:speed>3.864</gpxdata:speed>
    </extensions>
   </trkpt>
   <trkpt lat="25.2061420" lon="121.6628596">
    <ele>22</ele>
    <time>2026-03-14T23:18:40Z</time>
    <extensions>
     <gpxdata:hr>195</gpxdata:hr>
     <gpxdata:distance>6802.00</gpxdata:distance>
     <gpxdata:cadence>93</gpxdata:cadence>
     <gpxdata:speed>3.861</gpxdata:speed>
    </extensions>
   </trkpt>
   <trkpt lat="25.2061311" lon="121.6628949">
    <ele>22</ele>
    <time>2026-03-14T23:18:41Z</time>
    <extensions>
     <gpxdata:hr>195</gpxdata:hr>
     <gpxdata:distance>6806.00</gpxdata:distance>
     <gpxdata:cadence>93</gpxdata:cadence>
     <gpxdata:speed>3.858</gpxdata:speed>
    </extensions>
   </trkpt>
   <trkpt lat="25.2061203" lon="121.6629302">
    <ele>22</ele>
    <time>2026-03-14T23:18:42Z</time>
    <extensions>
     <gpxdata:hr>195</gpxdata:hr>
     <gpxdata:distance>6809.50</gpxdata:distance>
     <gpxdata:cadence>93</gpxdata:cadence>
     <gpxdata:speed>3.850</gpxdata:speed>
    </extensions>
   </trkpt>
   <trkpt lat="25.2061096" lon="121.6629651">
    <ele>22</ele>
    <time>2026-03-14T23:18:43Z</time>
    <extensions>
     <gpxdata:hr>194</gpxdata:hr>
     <gpxdata:distance>6813.00</gpxdata:distance>
     <gpxdata:cadence>93</gpxdata:cadence>
     <gpxdata:speed>3.842</gpxdata:speed>
    </extensions>
   </trkpt>
   <trkpt lat="25.2060990" lon="121.6630000">
    <ele>22</ele>
    <time>2026-03-14T23:18:44Z</time>
    <extensions>
     <gpxdata:hr>195</gpxdata:hr>
     <gpxdata:distance>6816.50</gpxdata:distance>
     <gpxdata:cadence>93</gpxdata:cadence>
     <gpxdata:speed>3.825</gpxdata:speed>
    </extensions>
   </trkpt>
   <trkpt lat="25.2060883" lon="121.6630346">
    <ele>22</ele>
    <time>2026-03-14T23:18:45Z</time>
    <extensions>
     <gpxdata:hr>195</gpxdata:hr>
     <gpxdata:distance>6820.00</gpxdata:distance>
     <gpxdata:cadence>93</gpxdata:cadence>
     <gpxdata:speed>3.811</gpxdata:speed>
    </extensions>
   </trkpt>
   <trkpt lat="25.2060777" lon="121.6630692">
    <ele>22</ele>
    <time>2026-03-14T23:18:46Z</time>
    <extensions>
     <gpxdata:hr>195</gpxdata:hr>
     <gpxdata:distance>6824.00</gpxdata:distance>
     <gpxdata:cadence>93</gpxdata:cadence>
     <gpxdata:speed>3.806</gpxdata:speed>
    </extensions>
   </trkpt>
   <trkpt lat="25.2060671" lon="121.6631041">
    <ele>22</ele>
    <time>2026-03-14T23:18:47Z</time>
    <extensions>
     <gpxdata:hr>195</gpxdata:hr>
     <gpxdata:distance>6828.00</gpxdata:distance>
     <gpxdata:cadence>93</gpxdata:cadence>
     <gpxdata:speed>3.803</gpxdata:speed>
    </extensions>
   </trkpt>
   <trkpt lat="25.2060566" lon="121.6631391">
    <ele>22</ele>
    <time>2026-03-14T23:18:48Z</time>
    <extensions>
     <gpxdata:hr>195</gpxdata:hr>
     <gpxdata:distance>6831.50</gpxdata:distance>
     <gpxdata:cadence>93</gpxdata:cadence>
     <gpxdata:speed>3.800</gpxdata:speed>
    </extensions>
   </trkpt>
   <trkpt lat="25.2060462" lon="121.6631744">
    <ele>22</ele>
    <time>2026-03-14T23:18:49Z</time>
    <extensions>
     <gpxdata:hr>195</gpxdata:hr>
     <gpxdata:distance>6835.00</gpxdata:distance>
     <gpxdata:cadence>93</gpxdata:cadence>
     <gpxdata:speed>3.800</gpxdata:speed>
    </extensions>
   </trkpt>
   <trkpt lat="25.2060358" lon="121.6632097">
    <ele>22</ele>
    <time>2026-03-14T23:18:50Z</time>
    <extensions>
     <gpxdata:hr>195</gpxdata:hr>
     <gpxdata:distance>6839.00</gpxdata:distance>
     <gpxdata:cadence>93</gpxdata:cadence>
     <gpxdata:speed>3.800</gpxdata:speed>
    </extensions>
   </trkpt>
   <trkpt lat="25.2060250" lon="121.6632449">
    <ele>22</ele>
    <time>2026-03-14T23:18:51Z</time>
    <extensions>
     <gpxdata:hr>195</gpxdata:hr>
     <gpxdata:distance>6843.00</gpxdata:distance>
     <gpxdata:cadence>93</gpxdata:cadence>
     <gpxdata:speed>3.800</gpxdata:speed>
    </extensions>
   </trkpt>
   <trkpt lat="25.2060143" lon="121.6632802">
    <ele>22</ele>
    <time>2026-03-14T23:18:52Z</time>
    <extensions>
     <gpxdata:hr>195</gpxdata:hr>
     <gpxdata:distance>6846.50</gpxdata:distance>
     <gpxdata:cadence>93</gpxdata:cadence>
     <gpxdata:speed>3.797</gpxdata:speed>
    </extensions>
   </trkpt>
   <trkpt lat="25.2060034" lon="121.6633151">
    <ele>22</ele>
    <time>2026-03-14T23:18:53Z</time>
    <extensions>
     <gpxdata:hr>194</gpxdata:hr>
     <gpxdata:distance>6850.00</gpxdata:distance>
     <gpxdata:cadence>93</gpxdata:cadence>
     <gpxdata:speed>3.794</gpxdata:speed>
    </extensions>
   </trkpt>
   <trkpt lat="25.2059925" lon="121.6633501">
    <ele>22</ele>
    <time>2026-03-14T23:18:54Z</time>
    <extensions>
     <gpxdata:hr>194</gpxdata:hr>
     <gpxdata:distance>6854.00</gpxdata:distance>
     <gpxdata:cadence>92</gpxdata:cadence>
     <gpxdata:speed>3.792</gpxdata:speed>
    </extensions>
   </trkpt>
   <trkpt lat="25.2059812" lon="121.6633854">
    <ele>23</ele>
    <time>2026-03-14T23:18:55Z</time>
    <extensions>
     <gpxdata:hr>194</gpxdata:hr>
     <gpxdata:distance>6858.00</gpxdata:distance>
     <gpxdata:cadence>92</gpxdata:cadence>
     <gpxdata:speed>3.792</gpxdata:speed>
    </extensions>
   </trkpt>
   <trkpt lat="25.2059699" lon="121.6634208">
    <ele>23</ele>
    <time>2026-03-14T23:18:56Z</time>
    <extensions>
     <gpxdata:hr>194</gpxdata:hr>
     <gpxdata:distance>6862.00</gpxdata:distance>
     <gpxdata:cadence>92</gpxdata:cadence>
     <gpxdata:speed>3.792</gpxdata:speed>
    </extensions>
   </trkpt>
   <trkpt lat="25.2059580" lon="121.6634571">
    <ele>23</ele>
    <time>2026-03-14T23:18:57Z</time>
    <extensions>
     <gpxdata:hr>194</gpxdata:hr>
     <gpxdata:distance>6866.00</gpxdata:distance>
     <gpxdata:cadence>93</gpxdata:cadence>
     <gpxdata:speed>3.794</gpxdata:speed>
    </extensions>
   </trkpt>
   <trkpt lat="25.2059462" lon="121.6634934">
    <ele>23</ele>
    <time>2026-03-14T23:18:58Z</time>
    <extensions>
     <gpxdata:hr>194</gpxdata:hr>
     <gpxdata:distance>6870.00</gpxdata:distance>
     <gpxdata:cadence>93</gpxdata:cadence>
     <gpxdata:speed>3.794</gpxdata:speed>
    </extensions>
   </trkpt>
   <trkpt lat="25.2059341" lon="121.6635296">
    <ele>23</ele>
    <time>2026-03-14T23:18:59Z</time>
    <extensions>
     <gpxdata:hr>194</gpxdata:hr>
     <gpxdata:distance>6874.00</gpxdata:distance>
     <gpxdata:cadence>93</gpxdata:cadence>
     <gpxdata:speed>3.797</gpxdata:speed>
    </extensions>
   </trkpt>
   <trkpt lat="25.2059220" lon="121.6635658">
    <ele>24</ele>
    <time>2026-03-14T23:19:00Z</time>
    <extensions>
     <gpxdata:hr>194</gpxdata:hr>
     <gpxdata:distance>6877.50</gpxdata:distance>
     <gpxdata:cadence>93</gpxdata:cadence>
     <gpxdata:speed>3.803</gpxdata:speed>
    </extensions>
   </trkpt>
   <trkpt lat="25.2059101" lon="121.6636015">
    <ele>24</ele>
    <time>2026-03-14T23:19:01Z</time>
    <extensions>
     <gpxdata:hr>194</gpxdata:hr>
     <gpxdata:distance>6881.00</gpxdata:distance>
     <gpxdata:cadence>94</gpxdata:cadence>
     <gpxdata:speed>3.811</gpxdata:speed>
    </extensions>
   </trkpt>
   <trkpt lat="25.2058983" lon="121.6636372">
    <ele>24</ele>
    <time>2026-03-14T23:19:02Z</time>
    <extensions>
     <gpxdata:hr>194</gpxdata:hr>
     <gpxdata:distance>6885.00</gpxdata:distance>
     <gpxdata:cadence>94</gpxdata:cadence>
     <gpxdata:speed>3.811</gpxdata:speed>
    </extensions>
   </trkpt>
   <trkpt lat="25.2058864" lon="121.6636731">
    <ele>24</ele>
    <time>2026-03-14T23:19:03Z</time>
    <extensions>
     <gpxdata:hr>195</gpxdata:hr>
     <gpxdata:distance>6889.00</gpxdata:distance>
     <gpxdata:cadence>94</gpxdata:cadence>
     <gpxdata:speed>3.814</gpxdata:speed>
    </extensions>
   </trkpt>
   <trkpt lat="25.2058745" lon="121.6637091">
    <ele>24</ele>
    <time>2026-03-14T23:19:04Z</time>
    <extensions>
     <gpxdata:hr>195</gpxdata:hr>
     <gpxdata:distance>6893.00</gpxdata:distance>
     <gpxdata:cadence>94</gpxdata:cadence>
     <gpxdata:speed>3.814</gpxdata:speed>
    </extensions>
   </trkpt>
   <trkpt lat="25.2058626" lon="121.6637457">
    <ele>24</ele>
    <time>2026-03-14T23:19:05Z</time>
    <extensions>
     <gpxdata:hr>195</gpxdata:hr>
     <gpxdata:distance>6897.00</gpxdata:distance>
     <gpxdata:cadence>94</gpxdata:cadence>
     <gpxdata:speed>3.817</gpxdata:speed>
    </extensions>
   </trkpt>
   <trkpt lat="25.2058507" lon="121.6637823">
    <ele>24</ele>
    <time>2026-03-14T23:19:06Z</time>
    <extensions>
     <gpxdata:hr>195</gpxdata:hr>
     <gpxdata:distance>6901.00</gpxdata:distance>
     <gpxdata:cadence>94</gpxdata:cadence>
     <gpxdata:speed>3.819</gpxdata:speed>
    </extensions>
   </trkpt>
   <trkpt lat="25.2058385" lon="121.6638193">
    <ele>24</ele>
    <time>2026-03-14T23:19:07Z</time>
    <extensions>
     <gpxdata:hr>195</gpxdata:hr>
     <gpxdata:distance>6905.00</gpxdata:distance>
     <gpxdata:cadence>94</gpxdata:cadence>
     <gpxdata:speed>3.822</gpxdata:speed>
    </extensions>
   </trkpt>
   <trkpt lat="25.2058263" lon="121.6638564">
    <ele>24</ele>
    <time>2026-03-14T23:19:08Z</time>
    <extensions>
     <gpxdata:hr>195</gpxdata:hr>
     <gpxdata:distance>6909.00</gpxdata:distance>
     <gpxdata:cadence>93</gpxdata:cadence>
     <gpxdata:speed>3.825</gpxdata:speed>
    </extensions>
   </trkpt>
   <trkpt lat="25.2058140" lon="121.6638936">
    <ele>24</ele>
    <time>2026-03-14T23:19:09Z</time>
    <extensions>
     <gpxdata:hr>195</gpxdata:hr>
     <gpxdata:distance>6913.00</gpxdata:distance>
     <gpxdata:cadence>93</gpxdata:cadence>
     <gpxdata:speed>3.831</gpxdata:speed>
    </extensions>
   </trkpt>
   <trkpt lat="25.2058018" lon="121.6639309">
    <ele>25</ele>
    <time>2026-03-14T23:19:10Z</time>
    <extensions>
     <gpxdata:hr>195</gpxdata:hr>
     <gpxdata:distance>6917.00</gpxdata:distance>
     <gpxdata:cadence>93</gpxdata:cadence>
     <gpxdata:speed>3.833</gpxdata:speed>
    </extensions>
   </trkpt>
   <trkpt lat="25.2057900" lon="121.6639684">
    <ele>25</ele>
    <time>2026-03-14T23:19:11Z</time>
    <extensions>
     <gpxdata:hr>195</gpxdata:hr>
     <gpxdata:distance>6921.00</gpxdata:distance>
     <gpxdata:cadence>93</gpxdata:cadence>
     <gpxdata:speed>3.839</gpxdata:speed>
    </extensions>
   </trkpt>
   <trkpt lat="25.2057783" lon="121.6640060">
    <ele>25</ele>
    <time>2026-03-14T23:19:12Z</time>
    <extensions>
     <gpxdata:hr>196</gpxdata:hr>
     <gpxdata:distance>6925.00</gpxdata:distance>
     <gpxdata:cadence>93</gpxdata:cadence>
     <gpxdata:speed>3.844</gpxdata:speed>
    </extensions>
   </trkpt>
   <trkpt lat="25.2057667" lon="121.6640438">
    <ele>25</ele>
    <time>2026-03-14T23:19:13Z</time>
    <extensions>
     <gpxdata:hr>196</gpxdata:hr>
     <gpxdata:distance>6929.00</gpxdata:distance>
     <gpxdata:cadence>93</gpxdata:cadence>
     <gpxdata:speed>3.850</gpxdata:speed>
    </extensions>
   </trkpt>
   <trkpt lat="25.2057552" lon="121.6640817">
    <ele>25</ele>
    <time>2026-03-14T23:19:14Z</time>
    <extensions>
     <gpxdata:hr>196</gpxdata:hr>
     <gpxdata:distance>6933.00</gpxdata:distance>
     <gpxdata:cadence>93</gpxdata:cadence>
     <gpxdata:speed>3.856</gpxdata:speed>
    </extensions>
   </trkpt>
   <trkpt lat="25.2057438" lon="121.6641200">
    <ele>25</ele>
    <time>2026-03-14T23:19:15Z</time>
    <extensions>
     <gpxdata:hr>196</gpxdata:hr>
     <gpxdata:distance>6937.00</gpxdata:distance>
     <gpxdata:cadence>93</gpxdata:cadence>
     <gpxdata:speed>3.864</gpxdata:speed>
    </extensions>
   </trkpt>
   <trkpt lat="25.2057325" lon="121.6641583">
    <ele>25</ele>
    <time>2026-03-14T23:19:16Z</time>
    <extensions>
     <gpxdata:hr>197</gpxdata:hr>
     <gpxdata:distance>6941.00</gpxdata:distance>
     <gpxdata:cadence>93</gpxdata:cadence>
     <gpxdata:speed>3.869</gpxdata:speed>
    </extensions>
   </trkpt>
   <trkpt lat="25.2057213" lon="121.6641970">
    <ele>25</ele>
    <time>2026-03-14T23:19:17Z</time>
    <extensions>
     <gpxdata:hr>197</gpxdata:hr>
     <gpxdata:distance>6945.00</gpxdata:distance>
     <gpxdata:cadence>94</gpxdata:cadence>
     <gpxdata:speed>3.875</gpxdata:speed>
    </extensions>
   </trkpt>
   <trkpt lat="25.2057101" lon="121.6642357">
    <ele>25</ele>
    <time>2026-03-14T23:19:18Z</time>
    <extensions>
     <gpxdata:hr>196</gpxdata:hr>
     <gpxdata:distance>6949.00</gpxdata:distance>
     <gpxdata:cadence>94</gpxdata:cadence>
     <gpxdata:speed>3.881</gpxdata:speed>
    </extensions>
   </trkpt>
   <trkpt lat="25.2056989" lon="121.6642746">
    <ele>25</ele>
    <time>2026-03-14T23:19:19Z</time>
    <extensions>
     <gpxdata:hr>197</gpxdata:hr>
     <gpxdata:distance>6953.00</gpxdata:distance>
     <gpxdata:cadence>94</gpxdata:cadence>
     <gpxdata:speed>3.886</gpxdata:speed>
    </extensions>
   </trkpt>
   <trkpt lat="25.2056878" lon="121.6643136">
    <ele>25</ele>
    <time>2026-03-14T23:19:20Z</time>
    <extensions>
     <gpxdata:hr>197</gpxdata:hr>
     <gpxdata:distance>6957.50</gpxdata:distance>
     <gpxdata:cadence>94</gpxdata:cadence>
     <gpxdata:speed>3.892</gpxdata:speed>
    </extensions>
   </trkpt>
   <trkpt lat="25.2056765" lon="121.6643528">
    <ele>25</ele>
    <time>2026-03-14T23:19:21Z</time>
    <extensions>
     <gpxdata:hr>196</gpxdata:hr>
     <gpxdata:distance>6962.00</gpxdata:distance>
     <gpxdata:cadence>94</gpxdata:cadence>
     <gpxdata:speed>3.897</gpxdata:speed>
    </extensions>
   </trkpt>
   <trkpt lat="25.2056652" lon="121.6643920">
    <ele>25</ele>
    <time>2026-03-14T23:19:22Z</time>
    <extensions>
     <gpxdata:hr>196</gpxdata:hr>
     <gpxdata:distance>6966.00</gpxdata:distance>
     <gpxdata:cadence>94</gpxdata:cadence>
     <gpxdata:speed>3.900</gpxdata:speed>
    </extensions>
   </trkpt>
   <trkpt lat="25.2056539" lon="121.6644312">
    <ele>25</ele>
    <time>2026-03-14T23:19:23Z</time>
    <extensions>
     <gpxdata:hr>196</gpxdata:hr>
     <gpxdata:distance>6970.00</gpxdata:distance>
     <gpxdata:cadence>94</gpxdata:cadence>
     <gpxdata:speed>3.906</gpxdata:speed>
    </extensions>
   </trkpt>
   <trkpt lat="25.2056427" lon="121.6644705">
    <ele>25</ele>
    <time>2026-03-14T23:19:24Z</time>
    <extensions>
     <gpxdata:hr>195</gpxdata:hr>
     <gpxdata:distance>6974.00</gpxdata:distance>
     <gpxdata:cadence>94</gpxdata:cadence>
     <gpxdata:speed>3.917</gpxdata:speed>
    </extensions>
   </trkpt>
   <trkpt lat="25.2056320" lon="121.6645093">
    <ele>25</ele>
    <time>2026-03-14T23:19:25Z</time>
    <extensions>
     <gpxdata:hr>195</gpxdata:hr>
     <gpxdata:distance>6978.00</gpxdata:distance>
     <gpxdata:cadence>94</gpxdata:cadence>
     <gpxdata:speed>3.928</gpxdata:speed>
    </extensions>
   </trkpt>
   <trkpt lat="25.2056214" lon="121.6645482">
    <ele>25</ele>
    <time>2026-03-14T23:19:26Z</time>
    <extensions>
     <gpxdata:hr>195</gpxdata:hr>
     <gpxdata:distance>6982.00</gpxdata:distance>
     <gpxdata:cadence>94</gpxdata:cadence>
     <gpxdata:speed>3.939</gpxdata:speed>
    </extensions>
   </trkpt>
   <trkpt lat="25.2056106" lon="121.6645866">
    <ele>25</ele>
    <time>2026-03-14T23:19:27Z</time>
    <extensions>
     <gpxdata:hr>194</gpxdata:hr>
     <gpxdata:distance>6986.00</gpxdata:distance>
     <gpxdata:cadence>95</gpxdata:cadence>
     <gpxdata:speed>3.950</gpxdata:speed>
    </extensions>
   </trkpt>
   <trkpt lat="25.2055999" lon="121.6646251">
    <ele>25</ele>
    <time>2026-03-14T23:19:28Z</time>
    <extensions>
     <gpxdata:hr>194</gpxdata:hr>
     <gpxdata:distance>6990.00</gpxdata:distance>
     <gpxdata:cadence>95</gpxdata:cadence>
     <gpxdata:speed>3.964</gpxdata:speed>
    </extensions>
   </trkpt>
   <trkpt lat="25.2055890" lon="121.6646637">
    <ele>25</ele>
    <time>2026-03-14T23:19:29Z</time>
    <extensions>
     <gpxdata:hr>194</gpxdata:hr>
     <gpxdata:distance>6994.00</gpxdata:distance>
     <gpxdata:cadence>95</gpxdata:cadence>
     <gpxdata:speed>3.978</gpxdata:speed>
    </extensions>
   </trkpt>
   <trkpt lat="25.2055781" lon="121.6647024">
    <ele>25</ele>
    <time>2026-03-14T23:19:30Z</time>
    <extensions>
     <gpxdata:hr>194</gpxdata:hr>
     <gpxdata:distance>6998.50</gpxdata:distance>
     <gpxdata:cadence>95</gpxdata:cadence>
     <gpxdata:speed>3.983</gpxdata:speed>
    </extensions>
   </trkpt>
   <trkpt lat="25.2055664" lon="121.6647412">
    <ele>24</ele>
    <time>2026-03-14T23:19:31Z</time>
    <extensions>
     <gpxdata:hr>194</gpxdata:hr>
     <gpxdata:distance>7003.00</gpxdata:distance>
     <gpxdata:cadence>95</gpxdata:cadence>
     <gpxdata:speed>3.989</gpxdata:speed>
    </extensions>
   </trkpt>
   <trkpt lat="25.2055548" lon="121.6647800">
    <ele>24</ele>
    <time>2026-03-14T23:19:32Z</time>
    <extensions>
     <gpxdata:hr>194</gpxdata:hr>
     <gpxdata:distance>7007.00</gpxdata:distance>
     <gpxdata:cadence>95</gpxdata:cadence>
     <gpxdata:speed>3.989</gpxdata:speed>
    </extensions>
   </trkpt>
   <trkpt lat="25.2055421" lon="121.6648190">
    <ele>24</ele>
    <time>2026-03-14T23:19:33Z</time>
    <extensions>
     <gpxdata:hr>194</gpxdata:hr>
     <gpxdata:distance>7011.00</gpxdata:distance>
     <gpxdata:cadence>95</gpxdata:cadence>
     <gpxdata:speed>3.992</gpxdata:speed>
    </extensions>
   </trkpt>
   <trkpt lat="25.2055294" lon="121.6648581">
    <ele>24</ele>
    <time>2026-03-14T23:19:34Z</time>
    <extensions>
     <gpxdata:hr>194</gpxdata:hr>
     <gpxdata:distance>7015.50</gpxdata:distance>
     <gpxdata:cadence>95</gpxdata:cadence>
     <gpxdata:speed>3.994</gpxdata:speed>
    </extensions>
   </trkpt>
   <trkpt lat="25.2055160" lon="121.6648974">
    <ele>24</ele>
    <time>2026-03-14T23:19:35Z</time>
    <extensions>
     <gpxdata:hr>194</gpxdata:hr>
     <gpxdata:distance>7020.00</gpxdata:distance>
     <gpxdata:cadence>95</gpxdata:cadence>
     <gpxdata:speed>3.997</gpxdata:speed>
    </extensions>
   </trkpt>
   <trkpt lat="25.2055026" lon="121.6649367">
    <ele>24</ele>
    <time>2026-03-14T23:19:36Z</time>
    <extensions>
     <gpxdata:hr>194</gpxdata:hr>
     <gpxdata:distance>7024.00</gpxdata:distance>
     <gpxdata:cadence>95</gpxdata:cadence>
     <gpxdata:speed>4.000</gpxdata:speed>
    </extensions>
   </trkpt>
   <trkpt lat="25.2054890" lon="121.6649759">
    <ele>24</ele>
    <time>2026-03-14T23:19:37Z</time>
    <extensions>
     <gpxdata:hr>194</gpxdata:hr>
     <gpxdata:distance>7028.00</gpxdata:distance>
     <gpxdata:cadence>95</gpxdata:cadence>
     <gpxdata:speed>4.006</gpxdata:speed>
    </extensions>
   </trkpt>
   <trkpt lat="25.2054755" lon="121.6650151">
    <ele>24</ele>
    <time>2026-03-14T23:19:38Z</time>
    <extensions>
     <gpxdata:hr>194</gpxdata:hr>
     <gpxdata:distance>7032.00</gpxdata:distance>
     <gpxdata:cadence>94</gpxdata:cadence>
     <gpxdata:speed>4.008</gpxdata:speed>
    </extensions>
   </trkpt>
   <trkpt lat="25.2054621" lon="121.6650544">
    <ele>24</ele>
    <time>2026-03-14T23:19:39Z</time>
    <extensions>
     <gpxdata:hr>193</gpxdata:hr>
     <gpxdata:distance>7036.00</gpxdata:distance>
     <gpxdata:cadence>94</gpxdata:cadence>
     <gpxdata:speed>4.011</gpxdata:speed>
    </extensions>
   </trkpt>
   <trkpt lat="25.2054487" lon="121.6650937">
    <ele>24</ele>
    <time>2026-03-14T23:19:40Z</time>
    <extensions>
     <gpxdata:hr>193</gpxdata:hr>
     <gpxdata:distance>7040.50</gpxdata:distance>
     <gpxdata:cadence>94</gpxdata:cadence>
     <gpxdata:speed>4.014</gpxdata:speed>
    </extensions>
   </trkpt>
   <trkpt lat="25.2054356" lon="121.6651332">
    <ele>23</ele>
    <time>2026-03-14T23:19:41Z</time>
    <extensions>
     <gpxdata:hr>192</gpxdata:hr>
     <gpxdata:distance>7045.00</gpxdata:distance>
     <gpxdata:cadence>94</gpxdata:cadence>
     <gpxdata:speed>4.017</gpxdata:speed>
    </extensions>
   </trkpt>
   <trkpt lat="25.2054226" lon="121.6651728">
    <ele>23</ele>
    <time>2026-03-14T23:19:42Z</time>
    <extensions>
     <gpxdata:hr>192</gpxdata:hr>
     <gpxdata:distance>7049.00</gpxdata:distance>
     <gpxdata:cadence>94</gpxdata:cadence>
     <gpxdata:speed>4.019</gpxdata:speed>
    </extensions>
   </trkpt>
   <trkpt lat="25.2054104" lon="121.6652127">
    <ele>23</ele>
    <time>2026-03-14T23:19:43Z</time>
    <extensions>
     <gpxdata:hr>192</gpxdata:hr>
     <gpxdata:distance>7053.00</gpxdata:distance>
     <gpxdata:cadence>94</gpxdata:cadence>
     <gpxdata:speed>4.022</gpxdata:speed>
    </extensions>
   </trkpt>
   <trkpt lat="25.2053982" lon="121.6652527">
    <ele>23</ele>
    <time>2026-03-14T23:19:44Z</time>
    <extensions>
     <gpxdata:hr>193</gpxdata:hr>
     <gpxdata:distance>7057.50</gpxdata:distance>
     <gpxdata:cadence>94</gpxdata:cadence>
     <gpxdata:speed>4.025</gpxdata:speed>
    </extensions>
   </trkpt>
   <trkpt lat="25.2053861" lon="121.6652928">
    <ele>23</ele>
    <time>2026-03-14T23:19:45Z</time>
    <extensions>
     <gpxdata:hr>193</gpxdata:hr>
     <gpxdata:distance>7062.00</gpxdata:distance>
     <gpxdata:cadence>94</gpxdata:cadence>
     <gpxdata:speed>4.031</gpxdata:speed>
    </extensions>
   </trkpt>
   <trkpt lat="25.2053741" lon="121.6653330">
    <ele>23</ele>
    <time>2026-03-14T23:19:46Z</time>
    <extensions>
     <gpxdata:hr>193</gpxdata:hr>
     <gpxdata:distance>7066.00</gpxdata:distance>
     <gpxdata:cadence>94</gpxdata:cadence>
     <gpxdata:speed>4.033</gpxdata:speed>
    </extensions>
   </trkpt>
   <trkpt lat="25.2053616" lon="121.6653726">
    <ele>23</ele>
    <time>2026-03-14T23:19:47Z</time>
    <extensions>
     <gpxdata:hr>193</gpxdata:hr>
     <gpxdata:distance>7070.00</gpxdata:distance>
     <gpxdata:cadence>94</gpxdata:cadence>
     <gpxdata:speed>4.036</gpxdata:speed>
    </extensions>
   </trkpt>
   <trkpt lat="25.2053492" lon="121.6654122">
    <ele>23</ele>
    <time>2026-03-14T23:19:48Z</time>
    <extensions>
     <gpxdata:hr>193</gpxdata:hr>
     <gpxdata:distance>7074.50</gpxdata:distance>
     <gpxdata:cadence>94</gpxdata:cadence>
     <gpxdata:speed>4.039</gpxdata:speed>
    </extensions>
   </trkpt>
   <trkpt lat="25.2053363" lon="121.6654509">
    <ele>23</ele>
    <time>2026-03-14T23:19:49Z</time>
    <extensions>
     <gpxdata:hr>195</gpxdata:hr>
     <gpxdata:distance>7079.00</gpxdata:distance>
     <gpxdata:cadence>94</gpxdata:cadence>
     <gpxdata:speed>4.044</gpxdata:speed>
    </extensions>
   </trkpt>
   <trkpt lat="25.2053234" lon="121.6654896">
    <ele>23</ele>
    <time>2026-03-14T23:19:50Z</time>
    <extensions>
     <gpxdata:hr>194</gpxdata:hr>
     <gpxdata:distance>7083.00</gpxdata:distance>
     <gpxdata:cadence>94</gpxdata:cadence>
     <gpxdata:speed>4.044</gpxdata:speed>
    </extensions>
   </trkpt>
   <trkpt lat="25.2053097" lon="121.6655274">
    <ele>22</ele>
    <time>2026-03-14T23:19:51Z</time>
    <extensions>
     <gpxdata:hr>194</gpxdata:hr>
     <gpxdata:distance>7087.00</gpxdata:distance>
     <gpxdata:cadence>94</gpxdata:cadence>
     <gpxdata:speed>4.047</gpxdata:speed>
    </extensions>
   </trkpt>
   <trkpt lat="25.2052961" lon="121.6655653">
    <ele>22</ele>
    <time>2026-03-14T23:19:52Z</time>
    <extensions>
     <gpxdata:hr>194</gpxdata:hr>
     <gpxdata:distance>7091.00</gpxdata:distance>
     <gpxdata:cadence>94</gpxdata:cadence>
     <gpxdata:speed>4.050</gpxdata:speed>
    </extensions>
   </trkpt>
   <trkpt lat="25.2052811" lon="121.6656025">
    <ele>22</ele>
    <time>2026-03-14T23:19:53Z</time>
    <extensions>
     <gpxdata:hr>193</gpxdata:hr>
     <gpxdata:distance>7095.00</gpxdata:distance>
     <gpxdata:cadence>94</gpxdata:cadence>
     <gpxdata:speed>4.053</gpxdata:speed>
    </extensions>
   </trkpt>
   <trkpt lat="25.2052662" lon="121.6656398">
    <ele>22</ele>
    <time>2026-03-14T23:19:54Z</time>
    <extensions>
     <gpxdata:hr>193</gpxdata:hr>
     <gpxdata:distance>7099.00</gpxdata:distance>
     <gpxdata:cadence>94</gpxdata:cadence>
     <gpxdata:speed>4.053</gpxdata:speed>
    </extensions>
   </trkpt>
   <trkpt lat="25.2052501" lon="121.6656767">
    <ele>22</ele>
    <time>2026-03-14T23:19:55Z</time>
    <extensions>
     <gpxdata:hr>192</gpxdata:hr>
     <gpxdata:distance>7103.00</gpxdata:distance>
     <gpxdata:cadence>94</gpxdata:cadence>
     <gpxdata:speed>4.053</gpxdata:speed>
    </extensions>
   </trkpt>
   <trkpt lat="25.2052341" lon="121.6657137">
    <ele>22</ele>
    <time>2026-03-14T23:19:56Z</time>
    <extensions>
     <gpxdata:hr>192</gpxdata:hr>
     <gpxdata:distance>7107.00</gpxdata:distance>
     <gpxdata:cadence>94</gpxdata:cadence>
     <gpxdata:speed>4.053</gpxdata:speed>
    </extensions>
   </trkpt>
   <trkpt lat="25.2052173" lon="121.6657501">
    <ele>22</ele>
    <time>2026-03-14T23:19:57Z</time>
    <extensions>
     <gpxdata:hr>192</gpxdata:hr>
     <gpxdata:distance>7111.00</gpxdata:distance>
     <gpxdata:cadence>94</gpxdata:cadence>
     <gpxdata:speed>4.056</gpxdata:speed>
    </extensions>
   </trkpt>
   <trkpt lat="25.2052006" lon="121.6657865">
    <ele>22</ele>
    <time>2026-03-14T23:19:58Z</time>
    <extensions>
     <gpxdata:hr>193</gpxdata:hr>
     <gpxdata:distance>7115.50</gpxdata:distance>
     <gpxdata:cadence>94</gpxdata:cadence>
     <gpxdata:speed>4.056</gpxdata:speed>
    </extensions>
   </trkpt>
   <trkpt lat="25.2051837" lon="121.6658226">
    <ele>22</ele>
    <time>2026-03-14T23:19:59Z</time>
    <extensions>
     <gpxdata:hr>193</gpxdata:hr>
     <gpxdata:distance>7120.00</gpxdata:distance>
     <gpxdata:cadence>94</gpxdata:cadence>
     <gpxdata:speed>4.058</gpxdata:speed>
    </extensions>
   </trkpt>
   <trkpt lat="25.2051668" lon="121.6658588">
    <ele>22</ele>
    <time>2026-03-14T23:20:00Z</time>
    <extensions>
     <gpxdata:hr>193</gpxdata:hr>
     <gpxdata:distance>7124.00</gpxdata:distance>
     <gpxdata:cadence>93</gpxdata:cadence>
     <gpxdata:speed>4.058</gpxdata:speed>
    </extensions>
   </trkpt>
   <trkpt lat="25.2051491" lon="121.6658944">
    <ele>22</ele>
    <time>2026-03-14T23:20:01Z</time>
    <extensions>
     <gpxdata:hr>193</gpxdata:hr>
     <gpxdata:distance>7128.00</gpxdata:distance>
     <gpxdata:cadence>93</gpxdata:cadence>
     <gpxdata:speed>4.061</gpxdata:speed>
    </extensions>
   </trkpt>
   <trkpt lat="25.2051314" lon="121.6659301">
    <ele>22</ele>
    <time>2026-03-14T23:20:02Z</time>
    <extensions>
     <gpxdata:hr>193</gpxdata:hr>
     <gpxdata:distance>7132.00</gpxdata:distance>
     <gpxdata:cadence>93</gpxdata:cadence>
     <gpxdata:speed>4.061</gpxdata:speed>
    </extensions>
   </trkpt>
   <trkpt lat="25.2051127" lon="121.6659652">
    <ele>22</ele>
    <time>2026-03-14T23:20:03Z</time>
    <extensions>
     <gpxdata:hr>193</gpxdata:hr>
     <gpxdata:distance>7136.00</gpxdata:distance>
     <gpxdata:cadence>93</gpxdata:cadence>
     <gpxdata:speed>4.061</gpxdata:speed>
    </extensions>
   </trkpt>
   <trkpt lat="25.2050941" lon="121.6660003">
    <ele>22</ele>
    <time>2026-03-14T23:20:04Z</time>
    <extensions>
     <gpxdata:hr>193</gpxdata:hr>
     <gpxdata:distance>7140.00</gpxdata:distance>
     <gpxdata:cadence>93</gpxdata:cadence>
     <gpxdata:speed>4.061</gpxdata:speed>
    </extensions>
   </trkpt>
   <trkpt lat="25.2050748" lon="121.6660352">
    <ele>22</ele>
    <time>2026-03-14T23:20:05Z</time>
    <extensions>
     <gpxdata:hr>192</gpxdata:hr>
     <gpxdata:distance>7144.00</gpxdata:distance>
     <gpxdata:cadence>93</gpxdata:cadence>
     <gpxdata:speed>4.064</gpxdata:speed>
    </extensions>
   </trkpt>
   <trkpt lat="25.2050556" lon="121.6660701">
    <ele>22</ele>
    <time>2026-03-14T23:20:06Z</time>
    <extensions>
     <gpxdata:hr>192</gpxdata:hr>
     <gpxdata:distance>7148.50</gpxdata:distance>
     <gpxdata:cadence>93</gpxdata:cadence>
     <gpxdata:speed>4.064</gpxdata:speed>
    </extensions>
   </trkpt>
   <trkpt lat="25.2050355" lon="121.6661046">
    <ele>22</ele>
    <time>2026-03-14T23:20:07Z</time>
    <extensions>
     <gpxdata:hr>192</gpxdata:hr>
     <gpxdata:distance>7153.00</gpxdata:distance>
     <gpxdata:cadence>93</gpxdata:cadence>
     <gpxdata:speed>4.067</gpxdata:speed>
    </extensions>
   </trkpt>
   <trkpt lat="25.2050154" lon="121.6661392">
    <ele>22</ele>
    <time>2026-03-14T23:20:08Z</time>
    <extensions>
     <gpxdata:hr>192</gpxdata:hr>
     <gpxdata:distance>7157.00</gpxdata:distance>
     <gpxdata:cadence>93</gpxdata:cadence>
     <gpxdata:speed>4.067</gpxdata:speed>
    </extensions>
   </trkpt>
   <trkpt lat="25.2049943" lon="121.6661734">
    <ele>22</ele>
    <time>2026-03-14T23:20:09Z</time>
    <extensions>
     <gpxdata:hr>192</gpxdata:hr>
     <gpxdata:distance>7161.00</gpxdata:distance>
     <gpxdata:cadence>94</gpxdata:cadence>
     <gpxdata:speed>4.069</gpxdata:speed>
    </extensions>
   </trkpt>
   <trkpt lat="25.2049732" lon="121.6662077">
    <ele>22</ele>
    <time>2026-03-14T23:20:10Z</time>
    <extensions>
     <gpxdata:hr>192</gpxdata:hr>
     <gpxdata:distance>7165.00</gpxdata:distance>
     <gpxdata:cadence>94</gpxdata:cadence>
     <gpxdata:speed>4.069</gpxdata:speed>
    </extensions>
   </trkpt>
   <trkpt lat="25.2049511" lon="121.6662411">
    <ele>22</ele>
    <time>2026-03-14T23:20:11Z</time>
    <extensions>
     <gpxdata:hr>192</gpxdata:hr>
     <gpxdata:distance>7169.00</gpxdata:distance>
     <gpxdata:cadence>94</gpxdata:cadence>
     <gpxdata:speed>4.072</gpxdata:speed>
    </extensions>
   </trkpt>
   <trkpt lat="25.2049290" lon="121.6662746">
    <ele>22</ele>
    <time>2026-03-14T23:20:12Z</time>
    <extensions>
     <gpxdata:hr>192</gpxdata:hr>
     <gpxdata:distance>7173.50</gpxdata:distance>
     <gpxdata:cadence>94</gpxdata:cadence>
     <gpxdata:speed>4.075</gpxdata:speed>
    </extensions>
   </trkpt>
   <trkpt lat="25.2049062" lon="121.6663070">
    <ele>22</ele>
    <time>2026-03-14T23:20:13Z</time>
    <extensions>
     <gpxdata:hr>192</gpxdata:hr>
     <gpxdata:distance>7178.00</gpxdata:distance>
     <gpxdata:cadence>94</gpxdata:cadence>
     <gpxdata:speed>4.078</gpxdata:speed>
    </extensions>
   </trkpt>
   <trkpt lat="25.2048835" lon="121.6663395">
    <ele>22</ele>
    <time>2026-03-14T23:20:14Z</time>
    <extensions>
     <gpxdata:hr>192</gpxdata:hr>
     <gpxdata:distance>7182.00</gpxdata:distance>
     <gpxdata:cadence>94</gpxdata:cadence>
     <gpxdata:speed>4.078</gpxdata:speed>
    </extensions>
   </trkpt>
   <trkpt lat="25.2048602" lon="121.6663714">
    <ele>22</ele>
    <time>2026-03-14T23:20:15Z</time>
    <extensions>
     <gpxdata:hr>194</gpxdata:hr>
     <gpxdata:distance>7186.00</gpxdata:distance>
     <gpxdata:cadence>94</gpxdata:cadence>
     <gpxdata:speed>4.081</gpxdata:speed>
    </extensions>
   </trkpt>
   <trkpt lat="25.2048370" lon="121.6664033">
    <ele>22</ele>
    <time>2026-03-14T23:20:16Z</time>
    <extensions>
     <gpxdata:hr>196</gpxdata:hr>
     <gpxdata:distance>7190.00</gpxdata:distance>
     <gpxdata:cadence>94</gpxdata:cadence>
     <gpxdata:speed>4.081</gpxdata:speed>
    </extensions>
   </trkpt>
   <trkpt lat="25.2048134" lon="121.6664351">
    <ele>22</ele>
    <time>2026-03-14T23:20:17Z</time>
    <extensions>
     <gpxdata:hr>195</gpxdata:hr>
     <gpxdata:distance>7194.00</gpxdata:distance>
     <gpxdata:cadence>94</gpxdata:cadence>
     <gpxdata:speed>4.083</gpxdata:speed>
    </extensions>
   </trkpt>
   <trkpt lat="25.2047898" lon="121.6664670">
    <ele>22</ele>
    <time>2026-03-14T23:20:18Z</time>
    <extensions>
     <gpxdata:hr>197</gpxdata:hr>
     <gpxdata:distance>7198.00</gpxdata:distance>
     <gpxdata:cadence>94</gpxdata:cadence>
     <gpxdata:speed>4.083</gpxdata:speed>
    </extensions>
   </trkpt>
   <trkpt lat="25.2047665" lon="121.6664985">
    <ele>22</ele>
    <time>2026-03-14T23:20:19Z</time>
    <extensions>
     <gpxdata:hr>197</gpxdata:hr>
     <gpxdata:distance>7202.00</gpxdata:distance>
     <gpxdata:cadence>94</gpxdata:cadence>
     <gpxdata:speed>4.086</gpxdata:speed>
    </extensions>
   </trkpt>
   <trkpt lat="25.2047433" lon="121.6665301">
    <ele>22</ele>
    <time>2026-03-14T23:20:20Z</time>
    <extensions>
     <gpxdata:hr>197</gpxdata:hr>
     <gpxdata:distance>7206.00</gpxdata:distance>
     <gpxdata:cadence>93</gpxdata:cadence>
     <gpxdata:speed>4.086</gpxdata:speed>
    </extensions>
   </trkpt>
   <trkpt lat="25.2047199" lon="121.6665613">
    <ele>22</ele>
    <time>2026-03-14T23:20:21Z</time>
    <extensions>
     <gpxdata:hr>198</gpxdata:hr>
     <gpxdata:distance>7210.00</gpxdata:distance>
     <gpxdata:cadence>93</gpxdata:cadence>
     <gpxdata:speed>4.086</gpxdata:speed>
    </extensions>
   </trkpt>
   <trkpt lat="25.2046966" lon="121.6665925">
    <ele>22</ele>
    <time>2026-03-14T23:20:22Z</time>
    <extensions>
     <gpxdata:hr>197</gpxdata:hr>
     <gpxdata:distance>7214.50</gpxdata:distance>
     <gpxdata:cadence>92</gpxdata:cadence>
     <gpxdata:speed>4.089</gpxdata:speed>
    </extensions>
   </trkpt>
   <trkpt lat="25.2046728" lon="121.6666232">
    <ele>22</ele>
    <time>2026-03-14T23:20:23Z</time>
    <extensions>
     <gpxdata:hr>197</gpxdata:hr>
     <gpxdata:distance>7219.00</gpxdata:distance>
     <gpxdata:cadence>92</gpxdata:cadence>
     <gpxdata:speed>4.092</gpxdata:speed>
    </extensions>
   </trkpt>
   <trkpt lat="25.2046491" lon="121.6666539">
    <ele>22</ele>
    <time>2026-03-14T23:20:24Z</time>
    <extensions>
     <gpxdata:hr>197</gpxdata:hr>
     <gpxdata:distance>7223.00</gpxdata:distance>
     <gpxdata:cadence>92</gpxdata:cadence>
     <gpxdata:speed>4.092</gpxdata:speed>
    </extensions>
   </trkpt>
   <trkpt lat="25.2046252" lon="121.6666843">
    <ele>22</ele>
    <time>2026-03-14T23:20:25Z</time>
    <extensions>
     <gpxdata:hr>196</gpxdata:hr>
     <gpxdata:distance>7227.00</gpxdata:distance>
     <gpxdata:cadence>92</gpxdata:cadence>
     <gpxdata:speed>4.092</gpxdata:speed>
    </extensions>
   </trkpt>
   <trkpt lat="25.2046014" lon="121.6667147">
    <ele>22</ele>
    <time>2026-03-14T23:20:26Z</time>
    <extensions>
     <gpxdata:hr>196</gpxdata:hr>
     <gpxdata:distance>7231.00</gpxdata:distance>
     <gpxdata:cadence>92</gpxdata:cadence>
     <gpxdata:speed>4.089</gpxdata:speed>
    </extensions>
   </trkpt>
   <trkpt lat="25.2045777" lon="121.6667451">
    <ele>22</ele>
    <time>2026-03-14T23:20:27Z</time>
    <extensions>
     <gpxdata:hr>196</gpxdata:hr>
     <gpxdata:distance>7235.00</gpxdata:distance>
     <gpxdata:cadence>92</gpxdata:cadence>
     <gpxdata:speed>4.089</gpxdata:speed>
    </extensions>
   </trkpt>
   <trkpt lat="25.2045540" lon="121.6667755">
    <ele>22</ele>
    <time>2026-03-14T23:20:28Z</time>
    <extensions>
     <gpxdata:hr>195</gpxdata:hr>
     <gpxdata:distance>7239.00</gpxdata:distance>
     <gpxdata:cadence>92</gpxdata:cadence>
     <gpxdata:speed>4.086</gpxdata:speed>
    </extensions>
   </trkpt>
   <trkpt lat="25.2045305" lon="121.6668058">
    <ele>22</ele>
    <time>2026-03-14T23:20:29Z</time>
    <extensions>
     <gpxdata:hr>195</gpxdata:hr>
     <gpxdata:distance>7243.00</gpxdata:distance>
     <gpxdata:cadence>93</gpxdata:cadence>
     <gpxdata:speed>4.086</gpxdata:speed>
    </extensions>
   </trkpt>
   <trkpt lat="25.2045070" lon="121.6668362">
    <ele>22</ele>
    <time>2026-03-14T23:20:30Z</time>
    <extensions>
     <gpxdata:hr>195</gpxdata:hr>
     <gpxdata:distance>7247.00</gpxdata:distance>
     <gpxdata:cadence>93</gpxdata:cadence>
     <gpxdata:speed>4.083</gpxdata:speed>
    </extensions>
   </trkpt>
   <trkpt lat="25.2044829" lon="121.6668661">
    <ele>21</ele>
    <time>2026-03-14T23:20:31Z</time>
    <extensions>
     <gpxdata:hr>195</gpxdata:hr>
     <gpxdata:distance>7251.00</gpxdata:distance>
     <gpxdata:cadence>93</gpxdata:cadence>
     <gpxdata:speed>4.083</gpxdata:speed>
    </extensions>
   </trkpt>
   <trkpt lat="25.2044589" lon="121.6668961">
    <ele>21</ele>
    <time>2026-03-14T23:20:32Z</time>
    <extensions>
     <gpxdata:hr>195</gpxdata:hr>
     <gpxdata:distance>7255.00</gpxdata:distance>
     <gpxdata:cadence>93</gpxdata:cadence>
     <gpxdata:speed>4.083</gpxdata:speed>
    </extensions>
   </trkpt>
   <trkpt lat="25.2044339" lon="121.6669256">
    <ele>21</ele>
    <time>2026-03-14T23:20:33Z</time>
    <extensions>
     <gpxdata:hr>195</gpxdata:hr>
     <gpxdata:distance>7259.00</gpxdata:distance>
     <gpxdata:cadence>93</gpxdata:cadence>
     <gpxdata:speed>4.083</gpxdata:speed>
    </extensions>
   </trkpt>
   <trkpt lat="25.2044089" lon="121.6669552">
    <ele>21</ele>
    <time>2026-03-14T23:20:34Z</time>
    <extensions>
     <gpxdata:hr>196</gpxdata:hr>
     <gpxdata:distance>7263.00</gpxdata:distance>
     <gpxdata:cadence>93</gpxdata:cadence>
     <gpxdata:speed>4.081</gpxdata:speed>
    </extensions>
   </trkpt>
   <trkpt lat="25.2043834" lon="121.6669846">
    <ele>21</ele>
    <time>2026-03-14T23:20:35Z</time>
    <extensions>
     <gpxdata:hr>195</gpxdata:hr>
     <gpxdata:distance>7267.00</gpxdata:distance>
     <gpxdata:cadence>93</gpxdata:cadence>
     <gpxdata:speed>4.081</gpxdata:speed>
    </extensions>
   </trkpt>
   <trkpt lat="25.2043580" lon="121.6670141">
    <ele>21</ele>
    <time>2026-03-14T23:20:36Z</time>
    <extensions>
     <gpxdata:hr>196</gpxdata:hr>
     <gpxdata:distance>7271.00</gpxdata:distance>
     <gpxdata:cadence>93</gpxdata:cadence>
     <gpxdata:speed>4.081</gpxdata:speed>
    </extensions>
   </trkpt>
   <trkpt lat="25.2043325" lon="121.6670437">
    <ele>21</ele>
    <time>2026-03-14T23:20:37Z</time>
    <extensions>
     <gpxdata:hr>195</gpxdata:hr>
     <gpxdata:distance>7275.00</gpxdata:distance>
     <gpxdata:cadence>93</gpxdata:cadence>
     <gpxdata:speed>4.081</gpxdata:speed>
    </extensions>
   </trkpt>
   <trkpt lat="25.2043071" lon="121.6670733">
    <ele>21</ele>
    <time>2026-03-14T23:20:38Z</time>
    <extensions>
     <gpxdata:hr>196</gpxdata:hr>
     <gpxdata:distance>7279.50</gpxdata:distance>
     <gpxdata:cadence>93</gpxdata:cadence>
     <gpxdata:speed>4.081</gpxdata:speed>
    </extensions>
   </trkpt>
   <trkpt lat="25.2042821" lon="121.6671034">
    <ele>21</ele>
    <time>2026-03-14T23:20:39Z</time>
    <extensions>
     <gpxdata:hr>196</gpxdata:hr>
     <gpxdata:distance>7284.00</gpxdata:distance>
     <gpxdata:cadence>94</gpxdata:cadence>
     <gpxdata:speed>4.081</gpxdata:speed>
    </extensions>
   </trkpt>
   <trkpt lat="25.2042571" lon="121.6671335">
    <ele>21</ele>
    <time>2026-03-14T23:20:40Z</time>
    <extensions>
     <gpxdata:hr>196</gpxdata:hr>
     <gpxdata:distance>7288.00</gpxdata:distance>
     <gpxdata:cadence>94</gpxdata:cadence>
     <gpxdata:speed>4.081</gpxdata:speed>
    </extensions>
   </trkpt>
   <trkpt lat="25.2042332" lon="121.6671642">
    <ele>21</ele>
    <time>2026-03-14T23:20:41Z</time>
    <extensions>
     <gpxdata:hr>196</gpxdata:hr>
     <gpxdata:distance>7292.00</gpxdata:distance>
     <gpxdata:cadence>94</gpxdata:cadence>
     <gpxdata:speed>4.081</gpxdata:speed>
    </extensions>
   </trkpt>
   <trkpt lat="25.2042093" lon="121.6671950">
    <ele>21</ele>
    <time>2026-03-14T23:20:42Z</time>
    <extensions>
     <gpxdata:hr>196</gpxdata:hr>
     <gpxdata:distance>7296.00</gpxdata:distance>
     <gpxdata:cadence>94</gpxdata:cadence>
     <gpxdata:speed>4.081</gpxdata:speed>
    </extensions>
   </trkpt>
   <trkpt lat="25.2041860" lon="121.6672264">
    <ele>21</ele>
    <time>2026-03-14T23:20:43Z</time>
    <extensions>
     <gpxdata:hr>195</gpxdata:hr>
     <gpxdata:distance>7300.00</gpxdata:distance>
     <gpxdata:cadence>94</gpxdata:cadence>
     <gpxdata:speed>4.081</gpxdata:speed>
    </extensions>
   </trkpt>
   <trkpt lat="25.2041628" lon="121.6672578">
    <ele>21</ele>
    <time>2026-03-14T23:20:44Z</time>
    <extensions>
     <gpxdata:hr>195</gpxdata:hr>
     <gpxdata:distance>7304.00</gpxdata:distance>
     <gpxdata:cadence>94</gpxdata:cadence>
     <gpxdata:speed>4.081</gpxdata:speed>
    </extensions>
   </trkpt>
   <trkpt lat="25.2041399" lon="121.6672896">
    <ele>21</ele>
    <time>2026-03-14T23:20:45Z</time>
    <extensions>
     <gpxdata:hr>195</gpxdata:hr>
     <gpxdata:distance>7308.00</gpxdata:distance>
     <gpxdata:cadence>94</gpxdata:cadence>
     <gpxdata:speed>4.081</gpxdata:speed>
    </extensions>
   </trkpt>
   <trkpt lat="25.2041171" lon="121.6673214">
    <ele>21</ele>
    <time>2026-03-14T23:20:46Z</time>
    <extensions>
     <gpxdata:hr>196</gpxdata:hr>
     <gpxdata:distance>7312.00</gpxdata:distance>
     <gpxdata:cadence>94</gpxdata:cadence>
     <gpxdata:speed>4.081</gpxdata:speed>
    </extensions>
   </trkpt>
   <trkpt lat="25.2040946" lon="121.6673531">
    <ele>21</ele>
    <time>2026-03-14T23:20:47Z</time>
    <extensions>
     <gpxdata:hr>195</gpxdata:hr>
     <gpxdata:distance>7316.00</gpxdata:distance>
     <gpxdata:cadence>94</gpxdata:cadence>
     <gpxdata:speed>4.081</gpxdata:speed>
    </extensions>
   </trkpt>
   <trkpt lat="25.2040722" lon="121.6673849">
    <ele>21</ele>
    <time>2026-03-14T23:20:48Z</time>
    <extensions>
     <gpxdata:hr>196</gpxdata:hr>
     <gpxdata:distance>7320.00</gpxdata:distance>
     <gpxdata:cadence>94</gpxdata:cadence>
     <gpxdata:speed>4.078</gpxdata:speed>
    </extensions>
   </trkpt>
   <trkpt lat="25.2040503" lon="121.6674167">
    <ele>21</ele>
    <time>2026-03-14T23:20:49Z</time>
    <extensions>
     <gpxdata:hr>196</gpxdata:hr>
     <gpxdata:distance>7324.00</gpxdata:distance>
     <gpxdata:cadence>94</gpxdata:cadence>
     <gpxdata:speed>4.078</gpxdata:speed>
    </extensions>
   </trkpt>
   <trkpt lat="25.2040284" lon="121.6674486">
    <ele>21</ele>
    <time>2026-03-14T23:20:50Z</time>
    <extensions>
     <gpxdata:hr>196</gpxdata:hr>
     <gpxdata:distance>7328.00</gpxdata:distance>
     <gpxdata:cadence>94</gpxdata:cadence>
     <gpxdata:speed>4.078</gpxdata:speed>
    </extensions>
   </trkpt>
   <trkpt lat="25.2040070" lon="121.6674809">
    <ele>21</ele>
    <time>2026-03-14T23:20:51Z</time>
    <extensions>
     <gpxdata:hr>196</gpxdata:hr>
     <gpxdata:distance>7332.00</gpxdata:distance>
     <gpxdata:cadence>94</gpxdata:cadence>
     <gpxdata:speed>4.078</gpxdata:speed>
    </extensions>
   </trkpt>
   <trkpt lat="25.2039856" lon="121.6675132">
    <ele>21</ele>
    <time>2026-03-14T23:20:52Z</time>
    <extensions>
     <gpxdata:hr>196</gpxdata:hr>
     <gpxdata:distance>7336.00</gpxdata:distance>
     <gpxdata:cadence>93</gpxdata:cadence>
     <gpxdata:speed>4.078</gpxdata:speed>
    </extensions>
   </trkpt>
   <trkpt lat="25.2039644" lon="121.6675456">
    <ele>21</ele>
    <time>2026-03-14T23:20:53Z</time>
    <extensions>
     <gpxdata:hr>196</gpxdata:hr>
     <gpxdata:distance>7340.00</gpxdata:distance>
     <gpxdata:cadence>93</gpxdata:cadence>
     <gpxdata:speed>4.078</gpxdata:speed>
    </extensions>
   </trkpt>
   <trkpt lat="25.2039433" lon="121.6675781">
    <ele>21</ele>
    <time>2026-03-14T23:20:54Z</time>
    <extensions>
     <gpxdata:hr>196</gpxdata:hr>
     <gpxdata:distance>7344.00</gpxdata:distance>
     <gpxdata:cadence>93</gpxdata:cadence>
     <gpxdata:speed>4.075</gpxdata:speed>
    </extensions>
   </trkpt>
   <trkpt lat="25.2039222" lon="121.6676102">
    <ele>21</ele>
    <time>2026-03-14T23:20:55Z</time>
    <extensions>
     <gpxdata:hr>196</gpxdata:hr>
     <gpxdata:distance>7348.00</gpxdata:distance>
     <gpxdata:cadence>93</gpxdata:cadence>
     <gpxdata:speed>4.075</gpxdata:speed>
    </extensions>
   </trkpt>
   <trkpt lat="25.2039011" lon="121.6676424">
    <ele>21</ele>
    <time>2026-03-14T23:20:56Z</time>
    <extensions>
     <gpxdata:hr>196</gpxdata:hr>
     <gpxdata:distance>7352.00</gpxdata:distance>
     <gpxdata:cadence>92</gpxdata:cadence>
     <gpxdata:speed>4.072</gpxdata:speed>
    </extensions>
   </trkpt>
   <trkpt lat="25.2038801" lon="121.6676745">
    <ele>21</ele>
    <time>2026-03-14T23:20:57Z</time>
    <extensions>
     <gpxdata:hr>196</gpxdata:hr>
     <gpxdata:distance>7356.00</gpxdata:distance>
     <gpxdata:cadence>92</gpxdata:cadence>
     <gpxdata:speed>4.069</gpxdata:speed>
    </extensions>
   </trkpt>
   <trkpt lat="25.2038591" lon="121.6677066">
    <ele>21</ele>
    <time>2026-03-14T23:20:58Z</time>
    <extensions>
     <gpxdata:hr>195</gpxdata:hr>
     <gpxdata:distance>7360.00</gpxdata:distance>
     <gpxdata:cadence>92</gpxdata:cadence>
     <gpxdata:speed>4.067</gpxdata:speed>
    </extensions>
   </trkpt>
   <trkpt lat="25.2038385" lon="121.6677389">
    <ele>21</ele>
    <time>2026-03-14T23:20:59Z</time>
    <extensions>
     <gpxdata:hr>195</gpxdata:hr>
     <gpxdata:distance>7364.00</gpxdata:distance>
     <gpxdata:cadence>92</gpxdata:cadence>
     <gpxdata:speed>4.067</gpxdata:speed>
    </extensions>
   </trkpt>
   <trkpt lat="25.2038180" lon="121.6677712">
    <ele>21</ele>
    <time>2026-03-14T23:21:00Z</time>
    <extensions>
     <gpxdata:hr>194</gpxdata:hr>
     <gpxdata:distance>7368.00</gpxdata:distance>
     <gpxdata:cadence>92</gpxdata:cadence>
     <gpxdata:speed>4.067</gpxdata:speed>
    </extensions>
   </trkpt>
   <trkpt lat="25.2037975" lon="121.6678037">
    <ele>21</ele>
    <time>2026-03-14T23:21:01Z</time>
    <extensions>
     <gpxdata:hr>196</gpxdata:hr>
     <gpxdata:distance>7372.00</gpxdata:distance>
     <gpxdata:cadence>92</gpxdata:cadence>
     <gpxdata:speed>4.067</gpxdata:speed>
    </extensions>
   </trkpt>
   <trkpt lat="25.2037770" lon="121.6678362">
    <ele>21</ele>
    <time>2026-03-14T23:21:02Z</time>
    <extensions>
     <gpxdata:hr>195</gpxdata:hr>
     <gpxdata:distance>7376.00</gpxdata:distance>
     <gpxdata:cadence>92</gpxdata:cadence>
     <gpxdata:speed>4.064</gpxdata:speed>
    </extensions>
   </trkpt>
   <trkpt lat="25.2037567" lon="121.6678683">
    <ele>21</ele>
    <time>2026-03-14T23:21:03Z</time>
    <extensions>
     <gpxdata:hr>195</gpxdata:hr>
     <gpxdata:distance>7380.00</gpxdata:distance>
     <gpxdata:cadence>92</gpxdata:cadence>
     <gpxdata:speed>4.064</gpxdata:speed>
    </extensions>
   </trkpt>
   <trkpt lat="25.2037364" lon="121.6679004">
    <ele>21</ele>
    <time>2026-03-14T23:21:04Z</time>
    <extensions>
     <gpxdata:hr>195</gpxdata:hr>
     <gpxdata:distance>7384.00</gpxdata:distance>
     <gpxdata:cadence>92</gpxdata:cadence>
     <gpxdata:speed>4.058</gpxdata:speed>
    </extensions>
   </trkpt>
   <trkpt lat="25.2037165" lon="121.6679328">
    <ele>21</ele>
    <time>2026-03-14T23:21:05Z</time>
    <extensions>
     <gpxdata:hr>194</gpxdata:hr>
     <gpxdata:distance>7388.00</gpxdata:distance>
     <gpxdata:cadence>92</gpxdata:cadence>
     <gpxdata:speed>4.056</gpxdata:speed>
    </extensions>
   </trkpt>
   <trkpt lat="25.2036967" lon="121.6679652">
    <ele>21</ele>
    <time>2026-03-14T23:21:06Z</time>
    <extensions>
     <gpxdata:hr>196</gpxdata:hr>
     <gpxdata:distance>7392.00</gpxdata:distance>
     <gpxdata:cadence>92</gpxdata:cadence>
     <gpxdata:speed>4.053</gpxdata:speed>
    </extensions>
   </trkpt>
   <trkpt lat="25.2036766" lon="121.6679980">
    <ele>21</ele>
    <time>2026-03-14T23:21:07Z</time>
    <extensions>
     <gpxdata:hr>196</gpxdata:hr>
     <gpxdata:distance>7396.00</gpxdata:distance>
     <gpxdata:cadence>92</gpxdata:cadence>
     <gpxdata:speed>4.050</gpxdata:speed>
    </extensions>
   </trkpt>
   <trkpt lat="25.2036565" lon="121.6680309">
    <ele>21</ele>
    <time>2026-03-14T23:21:08Z</time>
    <extensions>
     <gpxdata:hr>196</gpxdata:hr>
     <gpxdata:distance>7400.00</gpxdata:distance>
     <gpxdata:cadence>92</gpxdata:cadence>
     <gpxdata:speed>4.050</gpxdata:speed>
    </extensions>
   </trkpt>
   <trkpt lat="25.2036361" lon="121.6680640">
    <ele>21</ele>
    <time>2026-03-14T23:21:09Z</time>
    <extensions>
     <gpxdata:hr>196</gpxdata:hr>
     <gpxdata:distance>7404.00</gpxdata:distance>
     <gpxdata:cadence>92</gpxdata:cadence>
     <gpxdata:speed>4.050</gpxdata:speed>
    </extensions>
   </trkpt>
   <trkpt lat="25.2036157" lon="121.6680971">
    <ele>21</ele>
    <time>2026-03-14T23:21:10Z</time>
    <extensions>
     <gpxdata:hr>196</gpxdata:hr>
     <gpxdata:distance>7408.00</gpxdata:distance>
     <gpxdata:cadence>92</gpxdata:cadence>
     <gpxdata:speed>4.047</gpxdata:speed>
    </extensions>
   </trkpt>
   <trkpt lat="25.2035957" lon="121.6681296">
    <ele>21</ele>
    <time>2026-03-14T23:21:11Z</time>
    <extensions>
     <gpxdata:hr>196</gpxdata:hr>
     <gpxdata:distance>7412.00</gpxdata:distance>
     <gpxdata:cadence>92</gpxdata:cadence>
     <gpxdata:speed>4.047</gpxdata:speed>
    </extensions>
   </trkpt>
   <trkpt lat="25.2035758" lon="121.6681621">
    <ele>21</ele>
    <time>2026-03-14T23:21:12Z</time>
    <extensions>
     <gpxdata:hr>196</gpxdata:hr>
     <gpxdata:distance>7416.00</gpxdata:distance>
     <gpxdata:cadence>93</gpxdata:cadence>
     <gpxdata:speed>4.047</gpxdata:speed>
    </extensions>
   </trkpt>
   <trkpt lat="25.2035561" lon="121.6681948">
    <ele>21</ele>
    <time>2026-03-14T23:21:13Z</time>
    <extensions>
     <gpxdata:hr>196</gpxdata:hr>
     <gpxdata:distance>7420.00</gpxdata:distance>
     <gpxdata:cadence>94</gpxdata:cadence>
     <gpxdata:speed>4.047</gpxdata:speed>
    </extensions>
   </trkpt>
   <trkpt lat="25.2035365" lon="121.6682276">
    <ele>21</ele>
    <time>2026-03-14T23:21:14Z</time>
    <extensions>
     <gpxdata:hr>196</gpxdata:hr>
     <gpxdata:distance>7424.00</gpxdata:distance>
     <gpxdata:cadence>95</gpxdata:cadence>
     <gpxdata:speed>4.044</gpxdata:speed>
    </extensions>
   </trkpt>
   <trkpt lat="25.2035171" lon="121.6682606">
    <ele>21</ele>
    <time>2026-03-14T23:21:15Z</time>
    <extensions>
     <gpxdata:hr>196</gpxdata:hr>
     <gpxdata:distance>7428.00</gpxdata:distance>
     <gpxdata:cadence>96</gpxdata:cadence>
     <gpxdata:speed>4.044</gpxdata:speed>
    </extensions>
   </trkpt>
   <trkpt lat="25.2034977" lon="121.6682936">
    <ele>21</ele>
    <time>2026-03-14T23:21:16Z</time>
    <extensions>
     <gpxdata:hr>195</gpxdata:hr>
     <gpxdata:distance>7431.50</gpxdata:distance>
     <gpxdata:cadence>96</gpxdata:cadence>
     <gpxdata:speed>4.042</gpxdata:speed>
    </extensions>
   </trkpt>
   <trkpt lat="25.2034790" lon="121.6683257">
    <ele>21</ele>
    <time>2026-03-14T23:21:17Z</time>
    <extensions>
     <gpxdata:hr>195</gpxdata:hr>
     <gpxdata:distance>7435.00</gpxdata:distance>
     <gpxdata:cadence>97</gpxdata:cadence>
     <gpxdata:speed>4.042</gpxdata:speed>
    </extensions>
   </trkpt>
   <trkpt lat="25.2034603" lon="121.6683579">
    <ele>21</ele>
    <time>2026-03-14T23:21:18Z</time>
    <extensions>
     <gpxdata:hr>195</gpxdata:hr>
     <gpxdata:distance>7439.00</gpxdata:distance>
     <gpxdata:cadence>96</gpxdata:cadence>
     <gpxdata:speed>4.031</gpxdata:speed>
    </extensions>
   </trkpt>
   <trkpt lat="25.2034429" lon="121.6683892">
    <ele>21</ele>
    <time>2026-03-14T23:21:19Z</time>
    <extensions>
     <gpxdata:hr>195</gpxdata:hr>
     <gpxdata:distance>7443.00</gpxdata:distance>
     <gpxdata:cadence>96</gpxdata:cadence>
     <gpxdata:speed>4.022</gpxdata:speed>
    </extensions>
   </trkpt>
   <trkpt lat="25.2034256" lon="121.6684206">
    <ele>21</ele>
    <time>2026-03-14T23:21:20Z</time>
    <extensions>
     <gpxdata:hr>195</gpxdata:hr>
     <gpxdata:distance>7446.50</gpxdata:distance>
     <gpxdata:cadence>95</gpxdata:cadence>
     <gpxdata:speed>4.006</gpxdata:speed>
    </extensions>
   </trkpt>
   <trkpt lat="25.2034088" lon="121.6684510">
    <ele>21</ele>
    <time>2026-03-14T23:21:21Z</time>
    <extensions>
     <gpxdata:hr>197</gpxdata:hr>
     <gpxdata:distance>7450.00</gpxdata:distance>
     <gpxdata:cadence>95</gpxdata:cadence>
     <gpxdata:speed>3.989</gpxdata:speed>
    </extensions>
   </trkpt>
   <trkpt lat="25.2033920" lon="121.6684814">
    <ele>21</ele>
    <time>2026-03-14T23:21:22Z</time>
    <extensions>
     <gpxdata:hr>197</gpxdata:hr>
     <gpxdata:distance>7453.50</gpxdata:distance>
     <gpxdata:cadence>93</gpxdata:cadence>
     <gpxdata:speed>3.967</gpxdata:speed>
    </extensions>
   </trkpt>
   <trkpt lat="25.2033740" lon="121.6685114">
    <ele>21</ele>
    <time>2026-03-14T23:21:23Z</time>
    <extensions>
     <gpxdata:hr>198</gpxdata:hr>
     <gpxdata:distance>7457.00</gpxdata:distance>
     <gpxdata:cadence>92</gpxdata:cadence>
     <gpxdata:speed>3.947</gpxdata:speed>
    </extensions>
   </trkpt>
   <trkpt lat="25.2033561" lon="121.6685414">
    <ele>21</ele>
    <time>2026-03-14T23:21:24Z</time>
    <extensions>
     <gpxdata:hr>199</gpxdata:hr>
     <gpxdata:distance>7461.00</gpxdata:distance>
     <gpxdata:cadence>92</gpxdata:cadence>
     <gpxdata:speed>3.925</gpxdata:speed>
    </extensions>
   </trkpt>
   <trkpt lat="25.2033372" lon="121.6685719">
    <ele>21</ele>
    <time>2026-03-14T23:21:25Z</time>
    <extensions>
     <gpxdata:hr>199</gpxdata:hr>
     <gpxdata:distance>7465.00</gpxdata:distance>
     <gpxdata:cadence>92</gpxdata:cadence>
     <gpxdata:speed>3.906</gpxdata:speed>
    </extensions>
   </trkpt>
   <trkpt lat="25.2033183" lon="121.6686024">
    <ele>21</ele>
    <time>2026-03-14T23:21:26Z</time>
    <extensions>
     <gpxdata:hr>198</gpxdata:hr>
     <gpxdata:distance>7468.50</gpxdata:distance>
     <gpxdata:cadence>92</gpxdata:cadence>
     <gpxdata:speed>3.892</gpxdata:speed>
    </extensions>
   </trkpt>
   <trkpt lat="25.2032998" lon="121.6686342">
    <ele>21</ele>
    <time>2026-03-14T23:21:27Z</time>
    <extensions>
     <gpxdata:hr>198</gpxdata:hr>
     <gpxdata:distance>7472.00</gpxdata:distance>
     <gpxdata:cadence>92</gpxdata:cadence>
     <gpxdata:speed>3.878</gpxdata:speed>
    </extensions>
   </trkpt>
   <trkpt lat="25.2032814" lon="121.6686661">
    <ele>21</ele>
    <time>2026-03-14T23:21:28Z</time>
    <extensions>
     <gpxdata:hr>197</gpxdata:hr>
     <gpxdata:distance>7476.00</gpxdata:distance>
     <gpxdata:cadence>92</gpxdata:cadence>
     <gpxdata:speed>3.875</gpxdata:speed>
    </extensions>
   </trkpt>
   <trkpt lat="25.2032635" lon="121.6686992">
    <ele>21</ele>
    <time>2026-03-14T23:21:29Z</time>
    <extensions>
     <gpxdata:hr>197</gpxdata:hr>
     <gpxdata:distance>7480.00</gpxdata:distance>
     <gpxdata:cadence>92</gpxdata:cadence>
     <gpxdata:speed>3.872</gpxdata:speed>
    </extensions>
   </trkpt>
   <trkpt lat="25.2032456" lon="121.6687323">
    <ele>21</ele>
    <time>2026-03-14T23:21:30Z</time>
    <extensions>
     <gpxdata:hr>196</gpxdata:hr>
     <gpxdata:distance>7484.00</gpxdata:distance>
     <gpxdata:cadence>92</gpxdata:cadence>
     <gpxdata:speed>3.850</gpxdata:speed>
    </extensions>
   </trkpt>
   <trkpt lat="25.2032281" lon="121.6687660">
    <ele>21</ele>
    <time>2026-03-14T23:21:31Z</time>
    <extensions>
     <gpxdata:hr>196</gpxdata:hr>
     <gpxdata:distance>7488.00</gpxdata:distance>
     <gpxdata:cadence>93</gpxdata:cadence>
     <gpxdata:speed>3.831</gpxdata:speed>
    </extensions>
   </trkpt>
   <trkpt lat="25.2032107" lon="121.6687998">
    <ele>21</ele>
    <time>2026-03-14T23:21:32Z</time>
    <extensions>
     <gpxdata:hr>195</gpxdata:hr>
     <gpxdata:distance>7492.00</gpxdata:distance>
     <gpxdata:cadence>92</gpxdata:cadence>
     <gpxdata:speed>3.825</gpxdata:speed>
    </extensions>
   </trkpt>
   <trkpt lat="25.2031934" lon="121.6688338">
    <ele>21</ele>
    <time>2026-03-14T23:21:33Z</time>
    <extensions>
     <gpxdata:hr>195</gpxdata:hr>
     <gpxdata:distance>7496.00</gpxdata:distance>
     <gpxdata:cadence>92</gpxdata:cadence>
     <gpxdata:speed>3.822</gpxdata:speed>
    </extensions>
   </trkpt>
   <trkpt lat="25.2031761" lon="121.6688679">
    <ele>21</ele>
    <time>2026-03-14T23:21:34Z</time>
    <extensions>
     <gpxdata:hr>194</gpxdata:hr>
     <gpxdata:distance>7500.00</gpxdata:distance>
     <gpxdata:cadence>91</gpxdata:cadence>
     <gpxdata:speed>3.828</gpxdata:speed>
    </extensions>
   </trkpt>
   <trkpt lat="25.2031586" lon="121.6689014">
    <ele>21</ele>
    <time>2026-03-14T23:21:35Z</time>
    <extensions>
     <gpxdata:hr>194</gpxdata:hr>
     <gpxdata:distance>7504.00</gpxdata:distance>
     <gpxdata:cadence>91</gpxdata:cadence>
     <gpxdata:speed>3.833</gpxdata:speed>
    </extensions>
   </trkpt>
   <trkpt lat="25.2031412" lon="121.6689350">
    <ele>21</ele>
    <time>2026-03-14T23:21:36Z</time>
    <extensions>
     <gpxdata:hr>194</gpxdata:hr>
     <gpxdata:distance>7507.50</gpxdata:distance>
     <gpxdata:cadence>91</gpxdata:cadence>
     <gpxdata:speed>3.836</gpxdata:speed>
    </extensions>
   </trkpt>
   <trkpt lat="25.2031236" lon="121.6689676">
    <ele>21</ele>
    <time>2026-03-14T23:21:37Z</time>
    <extensions>
     <gpxdata:hr>193</gpxdata:hr>
     <gpxdata:distance>7511.00</gpxdata:distance>
     <gpxdata:cadence>91</gpxdata:cadence>
     <gpxdata:speed>3.839</gpxdata:speed>
    </extensions>
   </trkpt>
   <trkpt lat="25.2031060" lon="121.6690002">
    <ele>21</ele>
    <time>2026-03-14T23:21:38Z</time>
    <extensions>
     <gpxdata:hr>194</gpxdata:hr>
     <gpxdata:distance>7515.00</gpxdata:distance>
     <gpxdata:cadence>91</gpxdata:cadence>
     <gpxdata:speed>3.842</gpxdata:speed>
    </extensions>
   </trkpt>
   <trkpt lat="25.2030884" lon="121.6690324">
    <ele>21</ele>
    <time>2026-03-14T23:21:39Z</time>
    <extensions>
     <gpxdata:hr>194</gpxdata:hr>
     <gpxdata:distance>7519.00</gpxdata:distance>
     <gpxdata:cadence>91</gpxdata:cadence>
     <gpxdata:speed>3.844</gpxdata:speed>
    </extensions>
   </trkpt>
   <trkpt lat="25.2030709" lon="121.6690647">
    <ele>22</ele>
    <time>2026-03-14T23:21:40Z</time>
    <extensions>
     <gpxdata:hr>194</gpxdata:hr>
     <gpxdata:distance>7522.50</gpxdata:distance>
     <gpxdata:cadence>92</gpxdata:cadence>
     <gpxdata:speed>3.844</gpxdata:speed>
    </extensions>
   </trkpt>
   <trkpt lat="25.2030534" lon="121.6690968">
    <ele>22</ele>
    <time>2026-03-14T23:21:41Z</time>
    <extensions>
     <gpxdata:hr>194</gpxdata:hr>
     <gpxdata:distance>7526.00</gpxdata:distance>
     <gpxdata:cadence>92</gpxdata:cadence>
     <gpxdata:speed>3.844</gpxdata:speed>
    </extensions>
   </trkpt>
   <trkpt lat="25.2030359" lon="121.6691289">
    <ele>22</ele>
    <time>2026-03-14T23:21:42Z</time>
    <extensions>
     <gpxdata:hr>194</gpxdata:hr>
     <gpxdata:distance>7530.00</gpxdata:distance>
     <gpxdata:cadence>92</gpxdata:cadence>
     <gpxdata:speed>3.842</gpxdata:speed>
    </extensions>
   </trkpt>
   <trkpt lat="25.2030186" lon="121.6691610">
    <ele>22</ele>
    <time>2026-03-14T23:21:43Z</time>
    <extensions>
     <gpxdata:hr>194</gpxdata:hr>
     <gpxdata:distance>7534.00</gpxdata:distance>
     <gpxdata:cadence>92</gpxdata:cadence>
     <gpxdata:speed>3.842</gpxdata:speed>
    </extensions>
   </trkpt>
   <trkpt lat="25.2030013" lon="121.6691931">
    <ele>22</ele>
    <time>2026-03-14T23:21:44Z</time>
    <extensions>
     <gpxdata:hr>194</gpxdata:hr>
     <gpxdata:distance>7537.50</gpxdata:distance>
     <gpxdata:cadence>92</gpxdata:cadence>
     <gpxdata:speed>3.839</gpxdata:speed>
    </extensions>
   </trkpt>
   <trkpt lat="25.2029845" lon="121.6692250">
    <ele>22</ele>
    <time>2026-03-14T23:21:45Z</time>
    <extensions>
     <gpxdata:hr>194</gpxdata:hr>
     <gpxdata:distance>7541.00</gpxdata:distance>
     <gpxdata:cadence>92</gpxdata:cadence>
     <gpxdata:speed>3.836</gpxdata:speed>
    </extensions>
   </trkpt>
   <trkpt lat="25.2029677" lon="121.6692570">
    <ele>22</ele>
    <time>2026-03-14T23:21:46Z</time>
    <extensions>
     <gpxdata:hr>194</gpxdata:hr>
     <gpxdata:distance>7545.00</gpxdata:distance>
     <gpxdata:cadence>92</gpxdata:cadence>
     <gpxdata:speed>3.831</gpxdata:speed>
    </extensions>
   </trkpt>
   <trkpt lat="25.2029507" lon="121.6692894">
    <ele>22</ele>
    <time>2026-03-14T23:21:47Z</time>
    <extensions>
     <gpxdata:hr>194</gpxdata:hr>
     <gpxdata:distance>7549.00</gpxdata:distance>
     <gpxdata:cadence>91</gpxdata:cadence>
     <gpxdata:speed>3.828</gpxdata:speed>
    </extensions>
   </trkpt>
   <trkpt lat="25.2029338" lon="121.6693218">
    <ele>22</ele>
    <time>2026-03-14T23:21:48Z</time>
    <extensions>
     <gpxdata:hr>194</gpxdata:hr>
     <gpxdata:distance>7553.00</gpxdata:distance>
     <gpxdata:cadence>91</gpxdata:cadence>
     <gpxdata:speed>3.817</gpxdata:speed>
    </extensions>
   </trkpt>
   <trkpt lat="25.2029165" lon="121.6693546">
    <ele>22</ele>
    <time>2026-03-14T23:21:49Z</time>
    <extensions>
     <gpxdata:hr>194</gpxdata:hr>
     <gpxdata:distance>7557.00</gpxdata:distance>
     <gpxdata:cadence>91</gpxdata:cadence>
     <gpxdata:speed>3.806</gpxdata:speed>
    </extensions>
   </trkpt>
   <trkpt lat="25.2028992" lon="121.6693874">
    <ele>22</ele>
    <time>2026-03-14T23:21:50Z</time>
    <extensions>
     <gpxdata:hr>194</gpxdata:hr>
     <gpxdata:distance>7560.50</gpxdata:distance>
     <gpxdata:cadence>91</gpxdata:cadence>
     <gpxdata:speed>3.803</gpxdata:speed>
    </extensions>
   </trkpt>
   <trkpt lat="25.2028815" lon="121.6694199">
    <ele>22</ele>
    <time>2026-03-14T23:21:51Z</time>
    <extensions>
     <gpxdata:hr>193</gpxdata:hr>
     <gpxdata:distance>7564.00</gpxdata:distance>
     <gpxdata:cadence>91</gpxdata:cadence>
     <gpxdata:speed>3.803</gpxdata:speed>
    </extensions>
   </trkpt>
   <trkpt lat="25.2028638" lon="121.6694525">
    <ele>22</ele>
    <time>2026-03-14T23:21:52Z</time>
    <extensions>
     <gpxdata:hr>194</gpxdata:hr>
     <gpxdata:distance>7568.00</gpxdata:distance>
     <gpxdata:cadence>91</gpxdata:cadence>
     <gpxdata:speed>3.800</gpxdata:speed>
    </extensions>
   </trkpt>
   <trkpt lat="25.2028456" lon="121.6694848">
    <ele>22</ele>
    <time>2026-03-14T23:21:53Z</time>
    <extensions>
     <gpxdata:hr>194</gpxdata:hr>
     <gpxdata:distance>7572.00</gpxdata:distance>
     <gpxdata:cadence>92</gpxdata:cadence>
     <gpxdata:speed>3.800</gpxdata:speed>
    </extensions>
   </trkpt>
   <trkpt lat="25.2028274" lon="121.6695172">
    <ele>22</ele>
    <time>2026-03-14T23:21:54Z</time>
    <extensions>
     <gpxdata:hr>194</gpxdata:hr>
     <gpxdata:distance>7576.00</gpxdata:distance>
     <gpxdata:cadence>92</gpxdata:cadence>
     <gpxdata:speed>3.800</gpxdata:speed>
    </extensions>
   </trkpt>
   <trkpt lat="25.2028090" lon="121.6695500">
    <ele>22</ele>
    <time>2026-03-14T23:21:55Z</time>
    <extensions>
     <gpxdata:hr>194</gpxdata:hr>
     <gpxdata:distance>7580.00</gpxdata:distance>
     <gpxdata:cadence>92</gpxdata:cadence>
     <gpxdata:speed>3.800</gpxdata:speed>
    </extensions>
   </trkpt>
   <trkpt lat="25.2027907" lon="121.6695828">
    <ele>22</ele>
    <time>2026-03-14T23:21:56Z</time>
    <extensions>
     <gpxdata:hr>194</gpxdata:hr>
     <gpxdata:distance>7583.50</gpxdata:distance>
     <gpxdata:cadence>92</gpxdata:cadence>
     <gpxdata:speed>3.803</gpxdata:speed>
    </extensions>
   </trkpt>
   <trkpt lat="25.2027730" lon="121.6696160">
    <ele>22</ele>
    <time>2026-03-14T23:21:57Z</time>
    <extensions>
     <gpxdata:hr>194</gpxdata:hr>
     <gpxdata:distance>7587.00</gpxdata:distance>
     <gpxdata:cadence>92</gpxdata:cadence>
     <gpxdata:speed>3.808</gpxdata:speed>
    </extensions>
   </trkpt>
   <trkpt lat="25.2027553" lon="121.6696492">
    <ele>22</ele>
    <time>2026-03-14T23:21:58Z</time>
    <extensions>
     <gpxdata:hr>194</gpxdata:hr>
     <gpxdata:distance>7591.00</gpxdata:distance>
     <gpxdata:cadence>92</gpxdata:cadence>
     <gpxdata:speed>3.811</gpxdata:speed>
    </extensions>
   </trkpt>
   <trkpt lat="25.2027381" lon="121.6696824">
    <ele>22</ele>
    <time>2026-03-14T23:21:59Z</time>
    <extensions>
     <gpxdata:hr>194</gpxdata:hr>
     <gpxdata:distance>7595.00</gpxdata:distance>
     <gpxdata:cadence>92</gpxdata:cadence>
     <gpxdata:speed>3.814</gpxdata:speed>
    </extensions>
   </trkpt>
   <trkpt lat="25.2027210" lon="121.6697156">
    <ele>23</ele>
    <time>2026-03-14T23:22:00Z</time>
    <extensions>
     <gpxdata:hr>194</gpxdata:hr>
     <gpxdata:distance>7599.00</gpxdata:distance>
     <gpxdata:cadence>92</gpxdata:cadence>
     <gpxdata:speed>3.814</gpxdata:speed>
    </extensions>
   </trkpt>
   <trkpt lat="25.2027040" lon="121.6697483">
    <ele>23</ele>
    <time>2026-03-14T23:22:01Z</time>
    <extensions>
     <gpxdata:hr>194</gpxdata:hr>
     <gpxdata:distance>7603.00</gpxdata:distance>
     <gpxdata:cadence>92</gpxdata:cadence>
     <gpxdata:speed>3.817</gpxdata:speed>
    </extensions>
   </trkpt>
   <trkpt lat="25.2026871" lon="121.6697811">
    <ele>23</ele>
    <time>2026-03-14T23:22:02Z</time>
    <extensions>
     <gpxdata:hr>194</gpxdata:hr>
     <gpxdata:distance>7606.50</gpxdata:distance>
     <gpxdata:cadence>92</gpxdata:cadence>
     <gpxdata:speed>3.817</gpxdata:speed>
    </extensions>
   </trkpt>
   <trkpt lat="25.2026695" lon="121.6698133">
    <ele>23</ele>
    <time>2026-03-14T23:22:03Z</time>
    <extensions>
     <gpxdata:hr>194</gpxdata:hr>
     <gpxdata:distance>7610.00</gpxdata:distance>
     <gpxdata:cadence>92</gpxdata:cadence>
     <gpxdata:speed>3.817</gpxdata:speed>
    </extensions>
   </trkpt>
   <trkpt lat="25.2026520" lon="121.6698455">
    <ele>23</ele>
    <time>2026-03-14T23:22:04Z</time>
    <extensions>
     <gpxdata:hr>194</gpxdata:hr>
     <gpxdata:distance>7614.00</gpxdata:distance>
     <gpxdata:cadence>92</gpxdata:cadence>
     <gpxdata:speed>3.817</gpxdata:speed>
    </extensions>
   </trkpt>
   <trkpt lat="25.2026341" lon="121.6698776">
    <ele>23</ele>
    <time>2026-03-14T23:22:05Z</time>
    <extensions>
     <gpxdata:hr>194</gpxdata:hr>
     <gpxdata:distance>7618.00</gpxdata:distance>
     <gpxdata:cadence>92</gpxdata:cadence>
     <gpxdata:speed>3.817</gpxdata:speed>
    </extensions>
   </trkpt>
   <trkpt lat="25.2026163" lon="121.6699097">
    <ele>23</ele>
    <time>2026-03-14T23:22:06Z</time>
    <extensions>
     <gpxdata:hr>194</gpxdata:hr>
     <gpxdata:distance>7621.50</gpxdata:distance>
     <gpxdata:cadence>92</gpxdata:cadence>
     <gpxdata:speed>3.817</gpxdata:speed>
    </extensions>
   </trkpt>
   <trkpt lat="25.2025984" lon="121.6699419">
    <ele>23</ele>
    <time>2026-03-14T23:22:07Z</time>
    <extensions>
     <gpxdata:hr>194</gpxdata:hr>
     <gpxdata:distance>7625.00</gpxdata:distance>
     <gpxdata:cadence>92</gpxdata:cadence>
     <gpxdata:speed>3.819</gpxdata:speed>
    </extensions>
   </trkpt>
   <trkpt lat="25.2025806" lon="121.6699741">
    <ele>23</ele>
    <time>2026-03-14T23:22:08Z</time>
    <extensions>
     <gpxdata:hr>194</gpxdata:hr>
     <gpxdata:distance>7629.00</gpxdata:distance>
     <gpxdata:cadence>92</gpxdata:cadence>
     <gpxdata:speed>3.817</gpxdata:speed>
    </extensions>
   </trkpt>
   <trkpt lat="25.2025628" lon="121.6700066">
    <ele>23</ele>
    <time>2026-03-14T23:22:09Z</time>
    <extensions>
     <gpxdata:hr>194</gpxdata:hr>
     <gpxdata:distance>7633.00</gpxdata:distance>
     <gpxdata:cadence>92</gpxdata:cadence>
     <gpxdata:speed>3.817</gpxdata:speed>
    </extensions>
   </trkpt>
   <trkpt lat="25.2025451" lon="121.6700391">
    <ele>23</ele>
    <time>2026-03-14T23:22:10Z</time>
    <extensions>
     <gpxdata:hr>194</gpxdata:hr>
     <gpxdata:distance>7637.00</gpxdata:distance>
     <gpxdata:cadence>92</gpxdata:cadence>
     <gpxdata:speed>3.817</gpxdata:speed>
    </extensions>
   </trkpt>
   <trkpt lat="25.2025267" lon="121.6700714">
    <ele>23</ele>
    <time>2026-03-14T23:22:11Z</time>
    <extensions>
     <gpxdata:hr>194</gpxdata:hr>
     <gpxdata:distance>7641.00</gpxdata:distance>
     <gpxdata:cadence>92</gpxdata:cadence>
     <gpxdata:speed>3.817</gpxdata:speed>
    </extensions>
   </trkpt>
   <trkpt lat="25.2025083" lon="121.6701037">
    <ele>23</ele>
    <time>2026-03-14T23:22:12Z</time>
    <extensions>
     <gpxdata:hr>194</gpxdata:hr>
     <gpxdata:distance>7645.00</gpxdata:distance>
     <gpxdata:cadence>92</gpxdata:cadence>
     <gpxdata:speed>3.817</gpxdata:speed>
    </extensions>
   </trkpt>
   <trkpt lat="25.2024879" lon="121.6701349">
    <ele>23</ele>
    <time>2026-03-14T23:22:13Z</time>
    <extensions>
     <gpxdata:hr>194</gpxdata:hr>
     <gpxdata:distance>7649.00</gpxdata:distance>
     <gpxdata:cadence>92</gpxdata:cadence>
     <gpxdata:speed>3.817</gpxdata:speed>
    </extensions>
   </trkpt>
   <trkpt lat="25.2024675" lon="121.6701662">
    <ele>23</ele>
    <time>2026-03-14T23:22:14Z</time>
    <extensions>
     <gpxdata:hr>194</gpxdata:hr>
     <gpxdata:distance>7652.50</gpxdata:distance>
     <gpxdata:cadence>92</gpxdata:cadence>
     <gpxdata:speed>3.817</gpxdata:speed>
    </extensions>
   </trkpt>
   <trkpt lat="25.2024460" lon="121.6701968">
    <ele>23</ele>
    <time>2026-03-14T23:22:15Z</time>
    <extensions>
     <gpxdata:hr>194</gpxdata:hr>
     <gpxdata:distance>7656.00</gpxdata:distance>
     <gpxdata:cadence>92</gpxdata:cadence>
     <gpxdata:speed>3.819</gpxdata:speed>
    </extensions>
   </trkpt>
   <trkpt lat="25.2024245" lon="121.6702274">
    <ele>23</ele>
    <time>2026-03-14T23:22:16Z</time>
    <extensions>
     <gpxdata:hr>194</gpxdata:hr>
     <gpxdata:distance>7660.00</gpxdata:distance>
     <gpxdata:cadence>92</gpxdata:cadence>
     <gpxdata:speed>3.819</gpxdata:speed>
    </extensions>
   </trkpt>
   <trkpt lat="25.2024024" lon="121.6702584">
    <ele>23</ele>
    <time>2026-03-14T23:22:17Z</time>
    <extensions>
     <gpxdata:hr>194</gpxdata:hr>
     <gpxdata:distance>7664.00</gpxdata:distance>
     <gpxdata:cadence>92</gpxdata:cadence>
     <gpxdata:speed>3.822</gpxdata:speed>
    </extensions>
   </trkpt>
   <trkpt lat="25.2023803" lon="121.6702894">
    <ele>23</ele>
    <time>2026-03-14T23:22:18Z</time>
    <extensions>
     <gpxdata:hr>194</gpxdata:hr>
     <gpxdata:distance>7668.50</gpxdata:distance>
     <gpxdata:cadence>92</gpxdata:cadence>
     <gpxdata:speed>3.825</gpxdata:speed>
    </extensions>
   </trkpt>
   <trkpt lat="25.2023571" lon="121.6703205">
    <ele>23</ele>
    <time>2026-03-14T23:22:19Z</time>
    <extensions>
     <gpxdata:hr>195</gpxdata:hr>
     <gpxdata:distance>7673.00</gpxdata:distance>
     <gpxdata:cadence>92</gpxdata:cadence>
     <gpxdata:speed>3.828</gpxdata:speed>
    </extensions>
   </trkpt>
   <trkpt lat="25.2023339" lon="121.6703517">
    <ele>24</ele>
    <time>2026-03-14T23:22:20Z</time>
    <extensions>
     <gpxdata:hr>195</gpxdata:hr>
     <gpxdata:distance>7677.00</gpxdata:distance>
     <gpxdata:cadence>92</gpxdata:cadence>
     <gpxdata:speed>3.833</gpxdata:speed>
    </extensions>
   </trkpt>
   <trkpt lat="25.2023097" lon="121.6703821">
    <ele>24</ele>
    <time>2026-03-14T23:22:21Z</time>
    <extensions>
     <gpxdata:hr>195</gpxdata:hr>
     <gpxdata:distance>7681.00</gpxdata:distance>
     <gpxdata:cadence>92</gpxdata:cadence>
     <gpxdata:speed>3.839</gpxdata:speed>
    </extensions>
   </trkpt>
   <trkpt lat="25.2022855" lon="121.6704126">
    <ele>24</ele>
    <time>2026-03-14T23:22:22Z</time>
    <extensions>
     <gpxdata:hr>195</gpxdata:hr>
     <gpxdata:distance>7685.00</gpxdata:distance>
     <gpxdata:cadence>92</gpxdata:cadence>
     <gpxdata:speed>3.856</gpxdata:speed>
    </extensions>
   </trkpt>
   <trkpt lat="25.2022605" lon="121.6704416">
    <ele>24</ele>
    <time>2026-03-14T23:22:23Z</time>
    <extensions>
     <gpxdata:hr>194</gpxdata:hr>
     <gpxdata:distance>7689.00</gpxdata:distance>
     <gpxdata:cadence>93</gpxdata:cadence>
     <gpxdata:speed>3.872</gpxdata:speed>
    </extensions>
   </trkpt>
   <trkpt lat="25.2022356" lon="121.6704707">
    <ele>24</ele>
    <time>2026-03-14T23:22:24Z</time>
    <extensions>
     <gpxdata:hr>194</gpxdata:hr>
     <gpxdata:distance>7693.00</gpxdata:distance>
     <gpxdata:cadence>92</gpxdata:cadence>
     <gpxdata:speed>3.878</gpxdata:speed>
    </extensions>
   </trkpt>
   <trkpt lat="25.2022100" lon="121.6704983">
    <ele>24</ele>
    <time>2026-03-14T23:22:25Z</time>
    <extensions>
     <gpxdata:hr>195</gpxdata:hr>
     <gpxdata:distance>7697.00</gpxdata:distance>
     <gpxdata:cadence>92</gpxdata:cadence>
     <gpxdata:speed>3.883</gpxdata:speed>
    </extensions>
   </trkpt>
   <trkpt lat="25.2021844" lon="121.6705259">
    <ele>24</ele>
    <time>2026-03-14T23:22:26Z</time>
    <extensions>
     <gpxdata:hr>195</gpxdata:hr>
     <gpxdata:distance>7701.00</gpxdata:distance>
     <gpxdata:cadence>92</gpxdata:cadence>
     <gpxdata:speed>3.886</gpxdata:speed>
    </extensions>
   </trkpt>
   <trkpt lat="25.2021584" lon="121.6705521">
    <ele>24</ele>
    <time>2026-03-14T23:22:27Z</time>
    <extensions>
     <gpxdata:hr>195</gpxdata:hr>
     <gpxdata:distance>7705.00</gpxdata:distance>
     <gpxdata:cadence>92</gpxdata:cadence>
     <gpxdata:speed>3.889</gpxdata:speed>
    </extensions>
   </trkpt>
   <trkpt lat="25.2021324" lon="121.6705784">
    <ele>24</ele>
    <time>2026-03-14T23:22:28Z</time>
    <extensions>
     <gpxdata:hr>195</gpxdata:hr>
     <gpxdata:distance>7708.50</gpxdata:distance>
     <gpxdata:cadence>92</gpxdata:cadence>
     <gpxdata:speed>3.889</gpxdata:speed>
    </extensions>
   </trkpt>
   <trkpt lat="25.2021060" lon="121.6706035">
    <ele>24</ele>
    <time>2026-03-14T23:22:29Z</time>
    <extensions>
     <gpxdata:hr>196</gpxdata:hr>
     <gpxdata:distance>7712.00</gpxdata:distance>
     <gpxdata:cadence>92</gpxdata:cadence>
     <gpxdata:speed>3.889</gpxdata:speed>
    </extensions>
   </trkpt>
   <trkpt lat="25.2020797" lon="121.6706287">
    <ele>24</ele>
    <time>2026-03-14T23:22:30Z</time>
    <extensions>
     <gpxdata:hr>196</gpxdata:hr>
     <gpxdata:distance>7716.00</gpxdata:distance>
     <gpxdata:cadence>92</gpxdata:cadence>
     <gpxdata:speed>3.889</gpxdata:speed>
    </extensions>
   </trkpt>
   <trkpt lat="25.2020530" lon="121.6706527">
    <ele>24</ele>
    <time>2026-03-14T23:22:31Z</time>
    <extensions>
     <gpxdata:hr>196</gpxdata:hr>
     <gpxdata:distance>7720.00</gpxdata:distance>
     <gpxdata:cadence>92</gpxdata:cadence>
     <gpxdata:speed>3.892</gpxdata:speed>
    </extensions>
   </trkpt>
   <trkpt lat="25.2020263" lon="121.6706767">
    <ele>24</ele>
    <time>2026-03-14T23:22:32Z</time>
    <extensions>
     <gpxdata:hr>195</gpxdata:hr>
     <gpxdata:distance>7723.50</gpxdata:distance>
     <gpxdata:cadence>92</gpxdata:cadence>
     <gpxdata:speed>3.886</gpxdata:speed>
    </extensions>
   </trkpt>
   <trkpt lat="25.2019992" lon="121.6706993">
    <ele>24</ele>
    <time>2026-03-14T23:22:33Z</time>
    <extensions>
     <gpxdata:hr>195</gpxdata:hr>
     <gpxdata:distance>7727.00</gpxdata:distance>
     <gpxdata:cadence>92</gpxdata:cadence>
     <gpxdata:speed>3.883</gpxdata:speed>
    </extensions>
   </trkpt>
   <trkpt lat="25.2019721" lon="121.6707220">
    <ele>24</ele>
    <time>2026-03-14T23:22:34Z</time>
    <extensions>
     <gpxdata:hr>195</gpxdata:hr>
     <gpxdata:distance>7731.00</gpxdata:distance>
     <gpxdata:cadence>92</gpxdata:cadence>
     <gpxdata:speed>3.881</gpxdata:speed>
    </extensions>
   </trkpt>
   <trkpt lat="25.2019449" lon="121.6707441">
    <ele>24</ele>
    <time>2026-03-14T23:22:35Z</time>
    <extensions>
     <gpxdata:hr>195</gpxdata:hr>
     <gpxdata:distance>7735.00</gpxdata:distance>
     <gpxdata:cadence>92</gpxdata:cadence>
     <gpxdata:speed>3.878</gpxdata:speed>
    </extensions>
   </trkpt>
   <trkpt lat="25.2019178" lon="121.6707662">
    <ele>24</ele>
    <time>2026-03-14T23:22:36Z</time>
    <extensions>
     <gpxdata:hr>195</gpxdata:hr>
     <gpxdata:distance>7739.00</gpxdata:distance>
     <gpxdata:cadence>92</gpxdata:cadence>
     <gpxdata:speed>3.872</gpxdata:speed>
    </extensions>
   </trkpt>
   <trkpt lat="25.2018904" lon="121.6707891">
    <ele>24</ele>
    <time>2026-03-14T23:22:37Z</time>
    <extensions>
     <gpxdata:hr>194</gpxdata:hr>
     <gpxdata:distance>7743.00</gpxdata:distance>
     <gpxdata:cadence>92</gpxdata:cadence>
     <gpxdata:speed>3.869</gpxdata:speed>
    </extensions>
   </trkpt>
   <trkpt lat="25.2018631" lon="121.6708121">
    <ele>24</ele>
    <time>2026-03-14T23:22:38Z</time>
    <extensions>
     <gpxdata:hr>194</gpxdata:hr>
     <gpxdata:distance>7747.00</gpxdata:distance>
     <gpxdata:cadence>91</gpxdata:cadence>
     <gpxdata:speed>3.861</gpxdata:speed>
    </extensions>
   </trkpt>
   <trkpt lat="25.2018353" lon="121.6708365">
    <ele>24</ele>
    <time>2026-03-14T23:22:39Z</time>
    <extensions>
     <gpxdata:hr>194</gpxdata:hr>
     <gpxdata:distance>7751.00</gpxdata:distance>
     <gpxdata:cadence>91</gpxdata:cadence>
     <gpxdata:speed>3.853</gpxdata:speed>
    </extensions>
   </trkpt>
   <trkpt lat="25.2018076" lon="121.6708609">
    <ele>25</ele>
    <time>2026-03-14T23:22:40Z</time>
    <extensions>
     <gpxdata:hr>194</gpxdata:hr>
     <gpxdata:distance>7755.00</gpxdata:distance>
     <gpxdata:cadence>91</gpxdata:cadence>
     <gpxdata:speed>3.850</gpxdata:speed>
    </extensions>
   </trkpt>
   <trkpt lat="25.2017789" lon="121.6708861">
    <ele>25</ele>
    <time>2026-03-14T23:22:41Z</time>
    <extensions>
     <gpxdata:hr>194</gpxdata:hr>
     <gpxdata:distance>7759.00</gpxdata:distance>
     <gpxdata:cadence>91</gpxdata:cadence>
     <gpxdata:speed>3.847</gpxdata:speed>
    </extensions>
   </trkpt>
   <trkpt lat="25.2017503" lon="121.6709113">
    <ele>25</ele>
    <time>2026-03-14T23:22:42Z</time>
    <extensions>
     <gpxdata:hr>194</gpxdata:hr>
     <gpxdata:distance>7763.00</gpxdata:distance>
     <gpxdata:cadence>91</gpxdata:cadence>
     <gpxdata:speed>3.850</gpxdata:speed>
    </extensions>
   </trkpt>
   <trkpt lat="25.2017208" lon="121.6709357">
    <ele>25</ele>
    <time>2026-03-14T23:22:43Z</time>
    <extensions>
     <gpxdata:hr>194</gpxdata:hr>
     <gpxdata:distance>7767.00</gpxdata:distance>
     <gpxdata:cadence>91</gpxdata:cadence>
     <gpxdata:speed>3.856</gpxdata:speed>
    </extensions>
   </trkpt>
   <trkpt lat="25.2016913" lon="121.6709601">
    <ele>25</ele>
    <time>2026-03-14T23:22:44Z</time>
    <extensions>
     <gpxdata:hr>194</gpxdata:hr>
     <gpxdata:distance>7771.00</gpxdata:distance>
     <gpxdata:cadence>91</gpxdata:cadence>
     <gpxdata:speed>3.867</gpxdata:speed>
    </extensions>
   </trkpt>
   <trkpt lat="25.2016622" lon="121.6709848">
    <ele>25</ele>
    <time>2026-03-14T23:22:45Z</time>
    <extensions>
     <gpxdata:hr>194</gpxdata:hr>
     <gpxdata:distance>7775.00</gpxdata:distance>
     <gpxdata:cadence>92</gpxdata:cadence>
     <gpxdata:speed>3.881</gpxdata:speed>
    </extensions>
   </trkpt>
   <trkpt lat="25.2016331" lon="121.6710096">
    <ele>25</ele>
    <time>2026-03-14T23:22:46Z</time>
    <extensions>
     <gpxdata:hr>194</gpxdata:hr>
     <gpxdata:distance>7779.00</gpxdata:distance>
     <gpxdata:cadence>92</gpxdata:cadence>
     <gpxdata:speed>3.897</gpxdata:speed>
    </extensions>
   </trkpt>
   <trkpt lat="25.2016048" lon="121.6710356">
    <ele>25</ele>
    <time>2026-03-14T23:22:47Z</time>
    <extensions>
     <gpxdata:hr>194</gpxdata:hr>
     <gpxdata:distance>7783.00</gpxdata:distance>
     <gpxdata:cadence>93</gpxdata:cadence>
     <gpxdata:speed>3.917</gpxdata:speed>
    </extensions>
   </trkpt>
   <trkpt lat="25.2015766" lon="121.6710616">
    <ele>25</ele>
    <time>2026-03-14T23:22:48Z</time>
    <extensions>
     <gpxdata:hr>194</gpxdata:hr>
     <gpxdata:distance>7787.50</gpxdata:distance>
     <gpxdata:cadence>93</gpxdata:cadence>
     <gpxdata:speed>3.928</gpxdata:speed>
    </extensions>
   </trkpt>
   <trkpt lat="25.2015493" lon="121.6710893">
    <ele>25</ele>
    <time>2026-03-14T23:22:49Z</time>
    <extensions>
     <gpxdata:hr>194</gpxdata:hr>
     <gpxdata:distance>7792.00</gpxdata:distance>
     <gpxdata:cadence>93</gpxdata:cadence>
     <gpxdata:speed>3.942</gpxdata:speed>
    </extensions>
   </trkpt>
   <trkpt lat="25.2015220" lon="121.6711171">
    <ele>25</ele>
    <time>2026-03-14T23:22:50Z</time>
    <extensions>
     <gpxdata:hr>194</gpxdata:hr>
     <gpxdata:distance>7796.00</gpxdata:distance>
     <gpxdata:cadence>93</gpxdata:cadence>
     <gpxdata:speed>3.950</gpxdata:speed>
    </extensions>
   </trkpt>
   <trkpt lat="25.2014959" lon="121.6711468">
    <ele>25</ele>
    <time>2026-03-14T23:22:51Z</time>
    <extensions>
     <gpxdata:hr>194</gpxdata:hr>
     <gpxdata:distance>7800.00</gpxdata:distance>
     <gpxdata:cadence>94</gpxdata:cadence>
     <gpxdata:speed>3.961</gpxdata:speed>
    </extensions>
   </trkpt>
   <trkpt lat="25.2014698" lon="121.6711766">
    <ele>25</ele>
    <time>2026-03-14T23:22:52Z</time>
    <extensions>
     <gpxdata:hr>194</gpxdata:hr>
     <gpxdata:distance>7804.50</gpxdata:distance>
     <gpxdata:cadence>94</gpxdata:cadence>
     <gpxdata:speed>3.972</gpxdata:speed>
    </extensions>
   </trkpt>
   <trkpt lat="25.2014455" lon="121.6712082">
    <ele>25</ele>
    <time>2026-03-14T23:22:53Z</time>
    <extensions>
     <gpxdata:hr>194</gpxdata:hr>
     <gpxdata:distance>7809.00</gpxdata:distance>
     <gpxdata:cadence>94</gpxdata:cadence>
     <gpxdata:speed>3.983</gpxdata:speed>
    </extensions>
   </trkpt>
   <trkpt lat="25.2014212" lon="121.6712399">
    <ele>25</ele>
    <time>2026-03-14T23:22:54Z</time>
    <extensions>
     <gpxdata:hr>194</gpxdata:hr>
     <gpxdata:distance>7813.00</gpxdata:distance>
     <gpxdata:cadence>94</gpxdata:cadence>
     <gpxdata:speed>3.986</gpxdata:speed>
    </extensions>
   </trkpt>
   <trkpt lat="25.2013987" lon="121.6712728">
    <ele>25</ele>
    <time>2026-03-14T23:22:55Z</time>
    <extensions>
     <gpxdata:hr>193</gpxdata:hr>
     <gpxdata:distance>7817.00</gpxdata:distance>
     <gpxdata:cadence>94</gpxdata:cadence>
     <gpxdata:speed>3.992</gpxdata:speed>
    </extensions>
   </trkpt>
   <trkpt lat="25.2013762" lon="121.6713057">
    <ele>25</ele>
    <time>2026-03-14T23:22:56Z</time>
    <extensions>
     <gpxdata:hr>194</gpxdata:hr>
     <gpxdata:distance>7821.00</gpxdata:distance>
     <gpxdata:cadence>93</gpxdata:cadence>
     <gpxdata:speed>3.994</gpxdata:speed>
    </extensions>
   </trkpt>
   <trkpt lat="25.2013556" lon="121.6713397">
    <ele>25</ele>
    <time>2026-03-14T23:22:57Z</time>
    <extensions>
     <gpxdata:hr>193</gpxdata:hr>
     <gpxdata:distance>7825.00</gpxdata:distance>
     <gpxdata:cadence>93</gpxdata:cadence>
     <gpxdata:speed>3.997</gpxdata:speed>
    </extensions>
   </trkpt>
   <trkpt lat="25.2013351" lon="121.6713738">
    <ele>25</ele>
    <time>2026-03-14T23:22:58Z</time>
    <extensions>
     <gpxdata:hr>193</gpxdata:hr>
     <gpxdata:distance>7829.00</gpxdata:distance>
     <gpxdata:cadence>93</gpxdata:cadence>
     <gpxdata:speed>4.000</gpxdata:speed>
    </extensions>
   </trkpt>
   <trkpt lat="25.2013164" lon="121.6714092">
    <ele>25</ele>
    <time>2026-03-14T23:22:59Z</time>
    <extensions>
     <gpxdata:hr>193</gpxdata:hr>
     <gpxdata:distance>7833.00</gpxdata:distance>
     <gpxdata:cadence>93</gpxdata:cadence>
     <gpxdata:speed>4.003</gpxdata:speed>
    </extensions>
   </trkpt>
   <trkpt lat="25.2012978" lon="121.6714447">
    <ele>25</ele>
    <time>2026-03-14T23:23:00Z</time>
    <extensions>
     <gpxdata:hr>193</gpxdata:hr>
     <gpxdata:distance>7837.50</gpxdata:distance>
     <gpxdata:cadence>93</gpxdata:cadence>
     <gpxdata:speed>4.006</gpxdata:speed>
    </extensions>
   </trkpt>
   <trkpt lat="25.2012805" lon="121.6714816">
    <ele>25</ele>
    <time>2026-03-14T23:23:01Z</time>
    <extensions>
     <gpxdata:hr>193</gpxdata:hr>
     <gpxdata:distance>7842.00</gpxdata:distance>
     <gpxdata:cadence>93</gpxdata:cadence>
     <gpxdata:speed>4.008</gpxdata:speed>
    </extensions>
   </trkpt>
   <trkpt lat="25.2012633" lon="121.6715186">
    <ele>25</ele>
    <time>2026-03-14T23:23:02Z</time>
    <extensions>
     <gpxdata:hr>193</gpxdata:hr>
     <gpxdata:distance>7846.00</gpxdata:distance>
     <gpxdata:cadence>93</gpxdata:cadence>
     <gpxdata:speed>4.011</gpxdata:speed>
    </extensions>
   </trkpt>
   <trkpt lat="25.2012479" lon="121.6715568">
    <ele>25</ele>
    <time>2026-03-14T23:23:03Z</time>
    <extensions>
     <gpxdata:hr>193</gpxdata:hr>
     <gpxdata:distance>7850.00</gpxdata:distance>
     <gpxdata:cadence>93</gpxdata:cadence>
     <gpxdata:speed>4.014</gpxdata:speed>
    </extensions>
   </trkpt>
   <trkpt lat="25.2012326" lon="121.6715950">
    <ele>25</ele>
    <time>2026-03-14T23:23:04Z</time>
    <extensions>
     <gpxdata:hr>193</gpxdata:hr>
     <gpxdata:distance>7854.50</gpxdata:distance>
     <gpxdata:cadence>93</gpxdata:cadence>
     <gpxdata:speed>4.017</gpxdata:speed>
    </extensions>
   </trkpt>
   <trkpt lat="25.2012197" lon="121.6716347">
    <ele>25</ele>
    <time>2026-03-14T23:23:05Z</time>
    <extensions>
     <gpxdata:hr>193</gpxdata:hr>
     <gpxdata:distance>7859.00</gpxdata:distance>
     <gpxdata:cadence>93</gpxdata:cadence>
     <gpxdata:speed>4.019</gpxdata:speed>
    </extensions>
   </trkpt>
   <trkpt lat="25.2012068" lon="121.6716744">
    <ele>24</ele>
    <time>2026-03-14T23:23:06Z</time>
    <extensions>
     <gpxdata:hr>193</gpxdata:hr>
     <gpxdata:distance>7863.00</gpxdata:distance>
     <gpxdata:cadence>93</gpxdata:cadence>
     <gpxdata:speed>4.022</gpxdata:speed>
    </extensions>
   </trkpt>
   <trkpt lat="25.2011964" lon="121.6717156">
    <ele>24</ele>
    <time>2026-03-14T23:23:07Z</time>
    <extensions>
     <gpxdata:hr>193</gpxdata:hr>
     <gpxdata:distance>7867.00</gpxdata:distance>
     <gpxdata:cadence>93</gpxdata:cadence>
     <gpxdata:speed>4.025</gpxdata:speed>
    </extensions>
   </trkpt>
   <trkpt lat="25.2011861" lon="121.6717568">
    <ele>24</ele>
    <time>2026-03-14T23:23:08Z</time>
    <extensions>
     <gpxdata:hr>193</gpxdata:hr>
     <gpxdata:distance>7871.50</gpxdata:distance>
     <gpxdata:cadence>93</gpxdata:cadence>
     <gpxdata:speed>4.031</gpxdata:speed>
    </extensions>
   </trkpt>
   <trkpt lat="25.2011782" lon="121.6717987">
    <ele>24</ele>
    <time>2026-03-14T23:23:09Z</time>
    <extensions>
     <gpxdata:hr>193</gpxdata:hr>
     <gpxdata:distance>7876.00</gpxdata:distance>
     <gpxdata:cadence>94</gpxdata:cadence>
     <gpxdata:speed>4.036</gpxdata:speed>
    </extensions>
   </trkpt>
   <trkpt lat="25.2011703" lon="121.6718406">
    <ele>24</ele>
    <time>2026-03-14T23:23:10Z</time>
    <extensions>
     <gpxdata:hr>193</gpxdata:hr>
     <gpxdata:distance>7880.50</gpxdata:distance>
     <gpxdata:cadence>94</gpxdata:cadence>
     <gpxdata:speed>4.042</gpxdata:speed>
    </extensions>
   </trkpt>
   <trkpt lat="25.2011650" lon="121.6718829">
    <ele>24</ele>
    <time>2026-03-14T23:23:11Z</time>
    <extensions>
     <gpxdata:hr>193</gpxdata:hr>
     <gpxdata:distance>7885.00</gpxdata:distance>
     <gpxdata:cadence>94</gpxdata:cadence>
     <gpxdata:speed>4.047</gpxdata:speed>
    </extensions>
   </trkpt>
   <trkpt lat="25.2011597" lon="121.6719252">
    <ele>24</ele>
    <time>2026-03-14T23:23:12Z</time>
    <extensions>
     <gpxdata:hr>193</gpxdata:hr>
     <gpxdata:distance>7889.00</gpxdata:distance>
     <gpxdata:cadence>94</gpxdata:cadence>
     <gpxdata:speed>4.056</gpxdata:speed>
    </extensions>
   </trkpt>
   <trkpt lat="25.2011567" lon="121.6719672">
    <ele>24</ele>
    <time>2026-03-14T23:23:13Z</time>
    <extensions>
     <gpxdata:hr>193</gpxdata:hr>
     <gpxdata:distance>7893.00</gpxdata:distance>
     <gpxdata:cadence>94</gpxdata:cadence>
     <gpxdata:speed>4.064</gpxdata:speed>
    </extensions>
   </trkpt>
   <trkpt lat="25.2011538" lon="121.6720093">
    <ele>24</ele>
    <time>2026-03-14T23:23:14Z</time>
    <extensions>
     <gpxdata:hr>193</gpxdata:hr>
     <gpxdata:distance>7897.00</gpxdata:distance>
     <gpxdata:cadence>93</gpxdata:cadence>
     <gpxdata:speed>4.081</gpxdata:speed>
    </extensions>
   </trkpt>
   <trkpt lat="25.2011526" lon="121.6720511">
    <ele>24</ele>
    <time>2026-03-14T23:23:15Z</time>
    <extensions>
     <gpxdata:hr>193</gpxdata:hr>
     <gpxdata:distance>7901.00</gpxdata:distance>
     <gpxdata:cadence>93</gpxdata:cadence>
     <gpxdata:speed>4.100</gpxdata:speed>
    </extensions>
   </trkpt>
   <trkpt lat="25.2011515" lon="121.6720929">
    <ele>23</ele>
    <time>2026-03-14T23:23:16Z</time>
    <extensions>
     <gpxdata:hr>195</gpxdata:hr>
     <gpxdata:distance>7905.50</gpxdata:distance>
     <gpxdata:cadence>93</gpxdata:cadence>
     <gpxdata:speed>4.103</gpxdata:speed>
    </extensions>
   </trkpt>
   <trkpt lat="25.2011516" lon="121.6721343">
    <ele>23</ele>
    <time>2026-03-14T23:23:17Z</time>
    <extensions>
     <gpxdata:hr>195</gpxdata:hr>
     <gpxdata:distance>7910.00</gpxdata:distance>
     <gpxdata:cadence>93</gpxdata:cadence>
     <gpxdata:speed>4.108</gpxdata:speed>
    </extensions>
   </trkpt>
   <trkpt lat="25.2011517" lon="121.6721757">
    <ele>23</ele>
    <time>2026-03-14T23:23:18Z</time>
    <extensions>
     <gpxdata:hr>195</gpxdata:hr>
     <gpxdata:distance>7914.00</gpxdata:distance>
     <gpxdata:cadence>93</gpxdata:cadence>
     <gpxdata:speed>4.108</gpxdata:speed>
    </extensions>
   </trkpt>
   <trkpt lat="25.2011538" lon="121.6722169">
    <ele>23</ele>
    <time>2026-03-14T23:23:19Z</time>
    <extensions>
     <gpxdata:hr>195</gpxdata:hr>
     <gpxdata:distance>7918.00</gpxdata:distance>
     <gpxdata:cadence>93</gpxdata:cadence>
     <gpxdata:speed>4.108</gpxdata:speed>
    </extensions>
   </trkpt>
   <trkpt lat="25.2011559" lon="121.6722581">
    <ele>23</ele>
    <time>2026-03-14T23:23:20Z</time>
    <extensions>
     <gpxdata:hr>196</gpxdata:hr>
     <gpxdata:distance>7922.00</gpxdata:distance>
     <gpxdata:cadence>93</gpxdata:cadence>
     <gpxdata:speed>4.106</gpxdata:speed>
    </extensions>
   </trkpt>
   <trkpt lat="25.2011595" lon="121.6722987">
    <ele>23</ele>
    <time>2026-03-14T23:23:21Z</time>
    <extensions>
     <gpxdata:hr>196</gpxdata:hr>
     <gpxdata:distance>7926.00</gpxdata:distance>
     <gpxdata:cadence>93</gpxdata:cadence>
     <gpxdata:speed>4.103</gpxdata:speed>
    </extensions>
   </trkpt>
   <trkpt lat="25.2011632" lon="121.6723394">
    <ele>23</ele>
    <time>2026-03-14T23:23:22Z</time>
    <extensions>
     <gpxdata:hr>196</gpxdata:hr>
     <gpxdata:distance>7930.00</gpxdata:distance>
     <gpxdata:cadence>93</gpxdata:cadence>
     <gpxdata:speed>4.100</gpxdata:speed>
    </extensions>
   </trkpt>
   <trkpt lat="25.2011676" lon="121.6723797">
    <ele>23</ele>
    <time>2026-03-14T23:23:23Z</time>
    <extensions>
     <gpxdata:hr>196</gpxdata:hr>
     <gpxdata:distance>7934.00</gpxdata:distance>
     <gpxdata:cadence>93</gpxdata:cadence>
     <gpxdata:speed>4.100</gpxdata:speed>
    </extensions>
   </trkpt>
   <trkpt lat="25.2011720" lon="121.6724200">
    <ele>23</ele>
    <time>2026-03-14T23:23:24Z</time>
    <extensions>
     <gpxdata:hr>196</gpxdata:hr>
     <gpxdata:distance>7938.50</gpxdata:distance>
     <gpxdata:cadence>93</gpxdata:cadence>
     <gpxdata:speed>4.097</gpxdata:speed>
    </extensions>
   </trkpt>
   <trkpt lat="25.2011772" lon="121.6724605">
    <ele>23</ele>
    <time>2026-03-14T23:23:25Z</time>
    <extensions>
     <gpxdata:hr>196</gpxdata:hr>
     <gpxdata:distance>7943.00</gpxdata:distance>
     <gpxdata:cadence>93</gpxdata:cadence>
     <gpxdata:speed>4.094</gpxdata:speed>
    </extensions>
   </trkpt>
   <trkpt lat="25.2011824" lon="121.6725010">
    <ele>22</ele>
    <time>2026-03-14T23:23:26Z</time>
    <extensions>
     <gpxdata:hr>196</gpxdata:hr>
     <gpxdata:distance>7947.00</gpxdata:distance>
     <gpxdata:cadence>93</gpxdata:cadence>
     <gpxdata:speed>4.092</gpxdata:speed>
    </extensions>
   </trkpt>
   <trkpt lat="25.2011872" lon="121.6725415">
    <ele>22</ele>
    <time>2026-03-14T23:23:27Z</time>
    <extensions>
     <gpxdata:hr>196</gpxdata:hr>
     <gpxdata:distance>7951.00</gpxdata:distance>
     <gpxdata:cadence>93</gpxdata:cadence>
     <gpxdata:speed>4.092</gpxdata:speed>
    </extensions>
   </trkpt>
   <trkpt lat="25.2011920" lon="121.6725821">
    <ele>22</ele>
    <time>2026-03-14T23:23:28Z</time>
    <extensions>
     <gpxdata:hr>196</gpxdata:hr>
     <gpxdata:distance>7955.00</gpxdata:distance>
     <gpxdata:cadence>93</gpxdata:cadence>
     <gpxdata:speed>4.089</gpxdata:speed>
    </extensions>
   </trkpt>
   <trkpt lat="25.2011963" lon="121.6726224">
    <ele>22</ele>
    <time>2026-03-14T23:23:29Z</time>
    <extensions>
     <gpxdata:hr>196</gpxdata:hr>
     <gpxdata:distance>7959.00</gpxdata:distance>
     <gpxdata:cadence>93</gpxdata:cadence>
     <gpxdata:speed>4.089</gpxdata:speed>
    </extensions>
   </trkpt>
   <trkpt lat="25.2012006" lon="121.6726627">
    <ele>22</ele>
    <time>2026-03-14T23:23:30Z</time>
    <extensions>
     <gpxdata:hr>196</gpxdata:hr>
     <gpxdata:distance>7963.00</gpxdata:distance>
     <gpxdata:cadence>93</gpxdata:cadence>
     <gpxdata:speed>4.086</gpxdata:speed>
    </extensions>
   </trkpt>
   <trkpt lat="25.2012047" lon="121.6727030">
    <ele>22</ele>
    <time>2026-03-14T23:23:31Z</time>
    <extensions>
     <gpxdata:hr>195</gpxdata:hr>
     <gpxdata:distance>7967.00</gpxdata:distance>
     <gpxdata:cadence>93</gpxdata:cadence>
     <gpxdata:speed>4.086</gpxdata:speed>
    </extensions>
   </trkpt>
   <trkpt lat="25.2012089" lon="121.6727434">
    <ele>22</ele>
    <time>2026-03-14T23:23:32Z</time>
    <extensions>
     <gpxdata:hr>196</gpxdata:hr>
     <gpxdata:distance>7971.00</gpxdata:distance>
     <gpxdata:cadence>93</gpxdata:cadence>
     <gpxdata:speed>4.086</gpxdata:speed>
    </extensions>
   </trkpt>
   <trkpt lat="25.2012128" lon="121.6727838">
    <ele>22</ele>
    <time>2026-03-14T23:23:33Z</time>
    <extensions>
     <gpxdata:hr>195</gpxdata:hr>
     <gpxdata:distance>7975.00</gpxdata:distance>
     <gpxdata:cadence>93</gpxdata:cadence>
     <gpxdata:speed>4.086</gpxdata:speed>
    </extensions>
   </trkpt>
   <trkpt lat="25.2012167" lon="121.6728243">
    <ele>22</ele>
    <time>2026-03-14T23:23:34Z</time>
    <extensions>
     <gpxdata:hr>195</gpxdata:hr>
     <gpxdata:distance>7979.50</gpxdata:distance>
     <gpxdata:cadence>93</gpxdata:cadence>
     <gpxdata:speed>4.083</gpxdata:speed>
    </extensions>
   </trkpt>
   <trkpt lat="25.2012203" lon="121.6728649">
    <ele>22</ele>
    <time>2026-03-14T23:23:35Z</time>
    <extensions>
     <gpxdata:hr>195</gpxdata:hr>
     <gpxdata:distance>7984.00</gpxdata:distance>
     <gpxdata:cadence>93</gpxdata:cadence>
     <gpxdata:speed>4.083</gpxdata:speed>
    </extensions>
   </trkpt>
   <trkpt lat="25.2012240" lon="121.6729056">
    <ele>22</ele>
    <time>2026-03-14T23:23:36Z</time>
    <extensions>
     <gpxdata:hr>194</gpxdata:hr>
     <gpxdata:distance>7988.00</gpxdata:distance>
     <gpxdata:cadence>92</gpxdata:cadence>
     <gpxdata:speed>4.081</gpxdata:speed>
    </extensions>
   </trkpt>
   <trkpt lat="25.2012274" lon="121.6729464">
    <ele>22</ele>
    <time>2026-03-14T23:23:37Z</time>
    <extensions>
     <gpxdata:hr>194</gpxdata:hr>
     <gpxdata:distance>7992.00</gpxdata:distance>
     <gpxdata:cadence>92</gpxdata:cadence>
     <gpxdata:speed>4.081</gpxdata:speed>
    </extensions>
   </trkpt>
   <trkpt lat="25.2012308" lon="121.6729872">
    <ele>22</ele>
    <time>2026-03-14T23:23:38Z</time>
    <extensions>
     <gpxdata:hr>193</gpxdata:hr>
     <gpxdata:distance>7996.00</gpxdata:distance>
     <gpxdata:cadence>91</gpxdata:cadence>
     <gpxdata:speed>4.078</gpxdata:speed>
    </extensions>
   </trkpt>
   <trkpt lat="25.2012339" lon="121.6730283">
    <ele>22</ele>
    <time>2026-03-14T23:23:39Z</time>
    <extensions>
     <gpxdata:hr>193</gpxdata:hr>
     <gpxdata:distance>8000.00</gpxdata:distance>
     <gpxdata:cadence>91</gpxdata:cadence>
     <gpxdata:speed>4.078</gpxdata:speed>
    </extensions>
   </trkpt>
   <trkpt lat="25.2012370" lon="121.6730694">
    <ele>22</ele>
    <time>2026-03-14T23:23:40Z</time>
    <extensions>
     <gpxdata:hr>195</gpxdata:hr>
     <gpxdata:distance>8004.00</gpxdata:distance>
     <gpxdata:cadence>91</gpxdata:cadence>
     <gpxdata:speed>4.078</gpxdata:speed>
    </extensions>
   </trkpt>
   <trkpt lat="25.2012400" lon="121.6731100">
    <ele>22</ele>
    <time>2026-03-14T23:23:41Z</time>
    <extensions>
     <gpxdata:hr>195</gpxdata:hr>
     <gpxdata:distance>8008.00</gpxdata:distance>
     <gpxdata:cadence>91</gpxdata:cadence>
     <gpxdata:speed>4.078</gpxdata:speed>
    </extensions>
   </trkpt>
   <trkpt lat="25.2012431" lon="121.6731506">
    <ele>22</ele>
    <time>2026-03-14T23:23:42Z</time>
    <extensions>
     <gpxdata:hr>194</gpxdata:hr>
     <gpxdata:distance>8012.00</gpxdata:distance>
     <gpxdata:cadence>91</gpxdata:cadence>
     <gpxdata:speed>4.078</gpxdata:speed>
    </extensions>
   </trkpt>
   <trkpt lat="25.2012464" lon="121.6731903">
    <ele>22</ele>
    <time>2026-03-14T23:23:43Z</time>
    <extensions>
     <gpxdata:hr>194</gpxdata:hr>
     <gpxdata:distance>8016.00</gpxdata:distance>
     <gpxdata:cadence>91</gpxdata:cadence>
     <gpxdata:speed>4.081</gpxdata:speed>
    </extensions>
   </trkpt>
   <trkpt lat="25.2012498" lon="121.6732301">
    <ele>22</ele>
    <time>2026-03-14T23:23:44Z</time>
    <extensions>
     <gpxdata:hr>193</gpxdata:hr>
     <gpxdata:distance>8020.00</gpxdata:distance>
     <gpxdata:cadence>91</gpxdata:cadence>
     <gpxdata:speed>4.078</gpxdata:speed>
    </extensions>
   </trkpt>
   <trkpt lat="25.2012537" lon="121.6732697">
    <ele>22</ele>
    <time>2026-03-14T23:23:45Z</time>
    <extensions>
     <gpxdata:hr>193</gpxdata:hr>
     <gpxdata:distance>8024.00</gpxdata:distance>
     <gpxdata:cadence>92</gpxdata:cadence>
     <gpxdata:speed>4.078</gpxdata:speed>
    </extensions>
   </trkpt>
   <trkpt lat="25.2012577" lon="121.6733094">
    <ele>22</ele>
    <time>2026-03-14T23:23:46Z</time>
    <extensions>
     <gpxdata:hr>192</gpxdata:hr>
     <gpxdata:distance>8028.50</gpxdata:distance>
     <gpxdata:cadence>92</gpxdata:cadence>
     <gpxdata:speed>4.075</gpxdata:speed>
    </extensions>
   </trkpt>
   <trkpt lat="25.2012619" lon="121.6733496">
    <ele>22</ele>
    <time>2026-03-14T23:23:47Z</time>
    <extensions>
     <gpxdata:hr>192</gpxdata:hr>
     <gpxdata:distance>8033.00</gpxdata:distance>
     <gpxdata:cadence>92</gpxdata:cadence>
     <gpxdata:speed>4.072</gpxdata:speed>
    </extensions>
   </trkpt>
   <trkpt lat="25.2012662" lon="121.6733898">
    <ele>22</ele>
    <time>2026-03-14T23:23:48Z</time>
    <extensions>
     <gpxdata:hr>192</gpxdata:hr>
     <gpxdata:distance>8037.00</gpxdata:distance>
     <gpxdata:cadence>92</gpxdata:cadence>
     <gpxdata:speed>4.072</gpxdata:speed>
    </extensions>
   </trkpt>
   <trkpt lat="25.2012709" lon="121.6734304">
    <ele>22</ele>
    <time>2026-03-14T23:23:49Z</time>
    <extensions>
     <gpxdata:hr>192</gpxdata:hr>
     <gpxdata:distance>8041.00</gpxdata:distance>
     <gpxdata:cadence>92</gpxdata:cadence>
     <gpxdata:speed>4.072</gpxdata:speed>
    </extensions>
   </trkpt>
   <trkpt lat="25.2012756" lon="121.6734710">
    <ele>22</ele>
    <time>2026-03-14T23:23:50Z</time>
    <extensions>
     <gpxdata:hr>192</gpxdata:hr>
     <gpxdata:distance>8045.00</gpxdata:distance>
     <gpxdata:cadence>92</gpxdata:cadence>
     <gpxdata:speed>4.069</gpxdata:speed>
    </extensions>
   </trkpt>
   <trkpt lat="25.2012805" lon="121.6735118">
    <ele>22</ele>
    <time>2026-03-14T23:23:51Z</time>
    <extensions>
     <gpxdata:hr>191</gpxdata:hr>
     <gpxdata:distance>8049.00</gpxdata:distance>
     <gpxdata:cadence>92</gpxdata:cadence>
     <gpxdata:speed>4.069</gpxdata:speed>
    </extensions>
   </trkpt>
   <trkpt lat="25.2012855" lon="121.6735527">
    <ele>22</ele>
    <time>2026-03-14T23:23:52Z</time>
    <extensions>
     <gpxdata:hr>192</gpxdata:hr>
     <gpxdata:distance>8053.50</gpxdata:distance>
     <gpxdata:cadence>92</gpxdata:cadence>
     <gpxdata:speed>4.069</gpxdata:speed>
    </extensions>
   </trkpt>
   <trkpt lat="25.2012902" lon="121.6735935">
    <ele>22</ele>
    <time>2026-03-14T23:23:53Z</time>
    <extensions>
     <gpxdata:hr>191</gpxdata:hr>
     <gpxdata:distance>8058.00</gpxdata:distance>
     <gpxdata:cadence>92</gpxdata:cadence>
     <gpxdata:speed>4.069</gpxdata:speed>
    </extensions>
   </trkpt>
   <trkpt lat="25.2012950" lon="121.6736344">
    <ele>22</ele>
    <time>2026-03-14T23:23:54Z</time>
    <extensions>
     <gpxdata:hr>191</gpxdata:hr>
     <gpxdata:distance>8062.00</gpxdata:distance>
     <gpxdata:cadence>92</gpxdata:cadence>
     <gpxdata:speed>4.069</gpxdata:speed>
    </extensions>
   </trkpt>
   <trkpt lat="25.2012992" lon="121.6736753">
    <ele>22</ele>
    <time>2026-03-14T23:23:55Z</time>
    <extensions>
     <gpxdata:hr>190</gpxdata:hr>
     <gpxdata:distance>8066.00</gpxdata:distance>
     <gpxdata:cadence>92</gpxdata:cadence>
     <gpxdata:speed>4.072</gpxdata:speed>
    </extensions>
   </trkpt>
   <trkpt lat="25.2013034" lon="121.6737162">
    <ele>22</ele>
    <time>2026-03-14T23:23:56Z</time>
    <extensions>
     <gpxdata:hr>190</gpxdata:hr>
     <gpxdata:distance>8070.00</gpxdata:distance>
     <gpxdata:cadence>92</gpxdata:cadence>
     <gpxdata:speed>4.075</gpxdata:speed>
    </extensions>
   </trkpt>
   <trkpt lat="25.2013069" lon="121.6737573">
    <ele>22</ele>
    <time>2026-03-14T23:23:57Z</time>
    <extensions>
     <gpxdata:hr>189</gpxdata:hr>
     <gpxdata:distance>8074.00</gpxdata:distance>
     <gpxdata:cadence>93</gpxdata:cadence>
     <gpxdata:speed>4.081</gpxdata:speed>
    </extensions>
   </trkpt>
   <trkpt lat="25.2013104" lon="121.6737984">
    <ele>22</ele>
    <time>2026-03-14T23:23:58Z</time>
    <extensions>
     <gpxdata:hr>189</gpxdata:hr>
     <gpxdata:distance>8078.50</gpxdata:distance>
     <gpxdata:cadence>93</gpxdata:cadence>
     <gpxdata:speed>4.083</gpxdata:speed>
    </extensions>
   </trkpt>
   <trkpt lat="25.2013135" lon="121.6738398">
    <ele>22</ele>
    <time>2026-03-14T23:23:59Z</time>
    <extensions>
     <gpxdata:hr>189</gpxdata:hr>
     <gpxdata:distance>8083.00</gpxdata:distance>
     <gpxdata:cadence>93</gpxdata:cadence>
     <gpxdata:speed>4.086</gpxdata:speed>
    </extensions>
   </trkpt>
   <trkpt lat="25.2013166" lon="121.6738812">
    <ele>22</ele>
    <time>2026-03-14T23:24:00Z</time>
    <extensions>
     <gpxdata:hr>189</gpxdata:hr>
     <gpxdata:distance>8087.00</gpxdata:distance>
     <gpxdata:cadence>92</gpxdata:cadence>
     <gpxdata:speed>4.089</gpxdata:speed>
    </extensions>
   </trkpt>
   <trkpt lat="25.2013186" lon="121.6739223">
    <ele>22</ele>
    <time>2026-03-14T23:24:01Z</time>
    <extensions>
     <gpxdata:hr>188</gpxdata:hr>
     <gpxdata:distance>8091.00</gpxdata:distance>
     <gpxdata:cadence>92</gpxdata:cadence>
     <gpxdata:speed>4.092</gpxdata:speed>
    </extensions>
   </trkpt>
   <trkpt lat="25.2013207" lon="121.6739634">
    <ele>22</ele>
    <time>2026-03-14T23:24:02Z</time>
    <extensions>
     <gpxdata:hr>188</gpxdata:hr>
     <gpxdata:distance>8095.00</gpxdata:distance>
     <gpxdata:cadence>91</gpxdata:cadence>
     <gpxdata:speed>4.092</gpxdata:speed>
    </extensions>
   </trkpt>
   <trkpt lat="25.2013214" lon="121.6740042">
    <ele>22</ele>
    <time>2026-03-14T23:24:03Z</time>
    <extensions>
     <gpxdata:hr>188</gpxdata:hr>
     <gpxdata:distance>8099.00</gpxdata:distance>
     <gpxdata:cadence>91</gpxdata:cadence>
     <gpxdata:speed>4.094</gpxdata:speed>
    </extensions>
   </trkpt>
   <trkpt lat="25.2013221" lon="121.6740451">
    <ele>22</ele>
    <time>2026-03-14T23:24:04Z</time>
    <extensions>
     <gpxdata:hr>187</gpxdata:hr>
     <gpxdata:distance>8103.00</gpxdata:distance>
     <gpxdata:cadence>91</gpxdata:cadence>
     <gpxdata:speed>4.094</gpxdata:speed>
    </extensions>
   </trkpt>
   <trkpt lat="25.2013218" lon="121.6740860">
    <ele>22</ele>
    <time>2026-03-14T23:24:05Z</time>
    <extensions>
     <gpxdata:hr>187</gpxdata:hr>
     <gpxdata:distance>8107.00</gpxdata:distance>
     <gpxdata:cadence>91</gpxdata:cadence>
     <gpxdata:speed>4.097</gpxdata:speed>
    </extensions>
   </trkpt>
   <trkpt lat="25.2013215" lon="121.6741269">
    <ele>22</ele>
    <time>2026-03-14T23:24:06Z</time>
    <extensions>
     <gpxdata:hr>187</gpxdata:hr>
     <gpxdata:distance>8111.50</gpxdata:distance>
     <gpxdata:cadence>92</gpxdata:cadence>
     <gpxdata:speed>4.097</gpxdata:speed>
    </extensions>
   </trkpt>
   <trkpt lat="25.2013204" lon="121.6741684">
    <ele>22</ele>
    <time>2026-03-14T23:24:07Z</time>
    <extensions>
     <gpxdata:hr>188</gpxdata:hr>
     <gpxdata:distance>8116.00</gpxdata:distance>
     <gpxdata:cadence>92</gpxdata:cadence>
     <gpxdata:speed>4.097</gpxdata:speed>
    </extensions>
   </trkpt>
   <trkpt lat="25.2013193" lon="121.6742100">
    <ele>22</ele>
    <time>2026-03-14T23:24:08Z</time>
    <extensions>
     <gpxdata:hr>188</gpxdata:hr>
     <gpxdata:distance>8120.00</gpxdata:distance>
     <gpxdata:cadence>92</gpxdata:cadence>
     <gpxdata:speed>4.100</gpxdata:speed>
    </extensions>
   </trkpt>
   <trkpt lat="25.2013159" lon="121.6742521">
    <ele>22</ele>
    <time>2026-03-14T23:24:09Z</time>
    <extensions>
     <gpxdata:hr>189</gpxdata:hr>
     <gpxdata:distance>8124.00</gpxdata:distance>
     <gpxdata:cadence>93</gpxdata:cadence>
     <gpxdata:speed>4.103</gpxdata:speed>
    </extensions>
   </trkpt>
   <trkpt lat="25.2013125" lon="121.6742942">
    <ele>22</ele>
    <time>2026-03-14T23:24:10Z</time>
    <extensions>
     <gpxdata:hr>189</gpxdata:hr>
     <gpxdata:distance>8128.50</gpxdata:distance>
     <gpxdata:cadence>93</gpxdata:cadence>
     <gpxdata:speed>4.117</gpxdata:speed>
    </extensions>
   </trkpt>
   <trkpt lat="25.2013066" lon="121.6743364">
    <ele>22</ele>
    <time>2026-03-14T23:24:11Z</time>
    <extensions>
     <gpxdata:hr>189</gpxdata:hr>
     <gpxdata:distance>8133.00</gpxdata:distance>
     <gpxdata:cadence>94</gpxdata:cadence>
     <gpxdata:speed>4.131</gpxdata:speed>
    </extensions>
   </trkpt>
   <trkpt lat="25.2013007" lon="121.6743787">
    <ele>22</ele>
    <time>2026-03-14T23:24:12Z</time>
    <extensions>
     <gpxdata:hr>188</gpxdata:hr>
     <gpxdata:distance>8137.00</gpxdata:distance>
     <gpxdata:cadence>94</gpxdata:cadence>
     <gpxdata:speed>4.139</gpxdata:speed>
    </extensions>
   </trkpt>
   <trkpt lat="25.2012932" lon="121.6744203">
    <ele>22</ele>
    <time>2026-03-14T23:24:13Z</time>
    <extensions>
     <gpxdata:hr>188</gpxdata:hr>
     <gpxdata:distance>8141.00</gpxdata:distance>
     <gpxdata:cadence>94</gpxdata:cadence>
     <gpxdata:speed>4.150</gpxdata:speed>
    </extensions>
   </trkpt>
   <trkpt lat="25.2012858" lon="121.6744620">
    <ele>22</ele>
    <time>2026-03-14T23:24:14Z</time>
    <extensions>
     <gpxdata:hr>187</gpxdata:hr>
     <gpxdata:distance>8145.50</gpxdata:distance>
     <gpxdata:cadence>93</gpxdata:cadence>
     <gpxdata:speed>4.156</gpxdata:speed>
    </extensions>
   </trkpt>
   <trkpt lat="25.2012778" lon="121.6745027">
    <ele>22</ele>
    <time>2026-03-14T23:24:15Z</time>
    <extensions>
     <gpxdata:hr>187</gpxdata:hr>
     <gpxdata:distance>8150.00</gpxdata:distance>
     <gpxdata:cadence>93</gpxdata:cadence>
     <gpxdata:speed>4.161</gpxdata:speed>
    </extensions>
   </trkpt>
   <trkpt lat="25.2012699" lon="121.6745435">
    <ele>22</ele>
    <time>2026-03-14T23:24:16Z</time>
    <extensions>
     <gpxdata:hr>186</gpxdata:hr>
     <gpxdata:distance>8154.00</gpxdata:distance>
     <gpxdata:cadence>93</gpxdata:cadence>
     <gpxdata:speed>4.161</gpxdata:speed>
    </extensions>
   </trkpt>
   <trkpt lat="25.2012611" lon="121.6745835">
    <ele>22</ele>
    <time>2026-03-14T23:24:17Z</time>
    <extensions>
     <gpxdata:hr>186</gpxdata:hr>
     <gpxdata:distance>8158.00</gpxdata:distance>
     <gpxdata:cadence>93</gpxdata:cadence>
     <gpxdata:speed>4.164</gpxdata:speed>
    </extensions>
   </trkpt>
   <trkpt lat="25.2012524" lon="121.6746235">
    <ele>22</ele>
    <time>2026-03-14T23:24:18Z</time>
    <extensions>
     <gpxdata:hr>186</gpxdata:hr>
     <gpxdata:distance>8162.00</gpxdata:distance>
     <gpxdata:cadence>93</gpxdata:cadence>
     <gpxdata:speed>4.164</gpxdata:speed>
    </extensions>
   </trkpt>
   <trkpt lat="25.2012420" lon="121.6746625">
    <ele>22</ele>
    <time>2026-03-14T23:24:19Z</time>
    <extensions>
     <gpxdata:hr>185</gpxdata:hr>
     <gpxdata:distance>8166.00</gpxdata:distance>
     <gpxdata:cadence>93</gpxdata:cadence>
     <gpxdata:speed>4.167</gpxdata:speed>
    </extensions>
   </trkpt>
   <trkpt lat="25.2012317" lon="121.6747015">
    <ele>22</ele>
    <time>2026-03-14T23:24:20Z</time>
    <extensions>
     <gpxdata:hr>185</gpxdata:hr>
     <gpxdata:distance>8170.00</gpxdata:distance>
     <gpxdata:cadence>93</gpxdata:cadence>
     <gpxdata:speed>4.164</gpxdata:speed>
    </extensions>
   </trkpt>
   <trkpt lat="25.2012196" lon="121.6747397">
    <ele>22</ele>
    <time>2026-03-14T23:24:21Z</time>
    <extensions>
     <gpxdata:hr>184</gpxdata:hr>
     <gpxdata:distance>8174.00</gpxdata:distance>
     <gpxdata:cadence>93</gpxdata:cadence>
     <gpxdata:speed>4.161</gpxdata:speed>
    </extensions>
   </trkpt>
   <trkpt lat="25.2012076" lon="121.6747779">
    <ele>22</ele>
    <time>2026-03-14T23:24:22Z</time>
    <extensions>
     <gpxdata:hr>184</gpxdata:hr>
     <gpxdata:distance>8178.00</gpxdata:distance>
     <gpxdata:cadence>92</gpxdata:cadence>
     <gpxdata:speed>4.156</gpxdata:speed>
    </extensions>
   </trkpt>
   <trkpt lat="25.2011935" lon="121.6748153">
    <ele>22</ele>
    <time>2026-03-14T23:24:23Z</time>
    <extensions>
     <gpxdata:hr>184</gpxdata:hr>
     <gpxdata:distance>8182.00</gpxdata:distance>
     <gpxdata:cadence>92</gpxdata:cadence>
     <gpxdata:speed>4.150</gpxdata:speed>
    </extensions>
   </trkpt>
   <trkpt lat="25.2011794" lon="121.6748528">
    <ele>22</ele>
    <time>2026-03-14T23:24:24Z</time>
    <extensions>
     <gpxdata:hr>183</gpxdata:hr>
     <gpxdata:distance>8186.50</gpxdata:distance>
     <gpxdata:cadence>92</gpxdata:cadence>
     <gpxdata:speed>4.142</gpxdata:speed>
    </extensions>
   </trkpt>
   <trkpt lat="25.2011638" lon="121.6748895">
    <ele>22</ele>
    <time>2026-03-14T23:24:25Z</time>
    <extensions>
     <gpxdata:hr>183</gpxdata:hr>
     <gpxdata:distance>8191.00</gpxdata:distance>
     <gpxdata:cadence>91</gpxdata:cadence>
     <gpxdata:speed>4.136</gpxdata:speed>
    </extensions>
   </trkpt>
   <trkpt lat="25.2011483" lon="121.6749262">
    <ele>22</ele>
    <time>2026-03-14T23:24:26Z</time>
    <extensions>
     <gpxdata:hr>183</gpxdata:hr>
     <gpxdata:distance>8195.00</gpxdata:distance>
     <gpxdata:cadence>91</gpxdata:cadence>
     <gpxdata:speed>4.133</gpxdata:speed>
    </extensions>
   </trkpt>
   <trkpt lat="25.2011314" lon="121.6749625">
    <ele>22</ele>
    <time>2026-03-14T23:24:27Z</time>
    <extensions>
     <gpxdata:hr>184</gpxdata:hr>
     <gpxdata:distance>8199.00</gpxdata:distance>
     <gpxdata:cadence>91</gpxdata:cadence>
     <gpxdata:speed>4.131</gpxdata:speed>
    </extensions>
   </trkpt>
   <trkpt lat="25.2011146" lon="121.6749988">
    <ele>22</ele>
    <time>2026-03-14T23:24:28Z</time>
    <extensions>
     <gpxdata:hr>184</gpxdata:hr>
     <gpxdata:distance>8203.00</gpxdata:distance>
     <gpxdata:cadence>91</gpxdata:cadence>
     <gpxdata:speed>4.128</gpxdata:speed>
    </extensions>
   </trkpt>
   <trkpt lat="25.2010964" lon="121.6750345">
    <ele>22</ele>
    <time>2026-03-14T23:24:29Z</time>
    <extensions>
     <gpxdata:hr>185</gpxdata:hr>
     <gpxdata:distance>8207.00</gpxdata:distance>
     <gpxdata:cadence>91</gpxdata:cadence>
     <gpxdata:speed>4.128</gpxdata:speed>
    </extensions>
   </trkpt>
   <trkpt lat="25.2010782" lon="121.6750703">
    <ele>22</ele>
    <time>2026-03-14T23:24:30Z</time>
    <extensions>
     <gpxdata:hr>185</gpxdata:hr>
     <gpxdata:distance>8211.00</gpxdata:distance>
     <gpxdata:cadence>91</gpxdata:cadence>
     <gpxdata:speed>4.128</gpxdata:speed>
    </extensions>
   </trkpt>
   <trkpt lat="25.2010596" lon="121.6751057">
    <ele>22</ele>
    <time>2026-03-14T23:24:31Z</time>
    <extensions>
     <gpxdata:hr>185</gpxdata:hr>
     <gpxdata:distance>8215.00</gpxdata:distance>
     <gpxdata:cadence>91</gpxdata:cadence>
     <gpxdata:speed>4.128</gpxdata:speed>
    </extensions>
   </trkpt>
   <trkpt lat="25.2010411" lon="121.6751411">
    <ele>22</ele>
    <time>2026-03-14T23:24:32Z</time>
    <extensions>
     <gpxdata:hr>185</gpxdata:hr>
     <gpxdata:distance>8219.00</gpxdata:distance>
     <gpxdata:cadence>91</gpxdata:cadence>
     <gpxdata:speed>4.128</gpxdata:speed>
    </extensions>
   </trkpt>
   <trkpt lat="25.2010232" lon="121.6751761">
    <ele>22</ele>
    <time>2026-03-14T23:24:33Z</time>
    <extensions>
     <gpxdata:hr>185</gpxdata:hr>
     <gpxdata:distance>8223.00</gpxdata:distance>
     <gpxdata:cadence>91</gpxdata:cadence>
     <gpxdata:speed>4.128</gpxdata:speed>
    </extensions>
   </trkpt>
   <trkpt lat="25.2010054" lon="121.6752111">
    <ele>22</ele>
    <time>2026-03-14T23:24:34Z</time>
    <extensions>
     <gpxdata:hr>185</gpxdata:hr>
     <gpxdata:distance>8227.00</gpxdata:distance>
     <gpxdata:cadence>91</gpxdata:cadence>
     <gpxdata:speed>4.128</gpxdata:speed>
    </extensions>
   </trkpt>
   <trkpt lat="25.2009887" lon="121.6752464">
    <ele>22</ele>
    <time>2026-03-14T23:24:35Z</time>
    <extensions>
     <gpxdata:hr>184</gpxdata:hr>
     <gpxdata:distance>8231.00</gpxdata:distance>
     <gpxdata:cadence>91</gpxdata:cadence>
     <gpxdata:speed>4.128</gpxdata:speed>
    </extensions>
   </trkpt>
   <trkpt lat="25.2009720" lon="121.6752817">
    <ele>22</ele>
    <time>2026-03-14T23:24:36Z</time>
    <extensions>
     <gpxdata:hr>184</gpxdata:hr>
     <gpxdata:distance>8235.50</gpxdata:distance>
     <gpxdata:cadence>91</gpxdata:cadence>
     <gpxdata:speed>4.125</gpxdata:speed>
    </extensions>
   </trkpt>
   <trkpt lat="25.2009558" lon="121.6753176">
    <ele>22</ele>
    <time>2026-03-14T23:24:37Z</time>
    <extensions>
     <gpxdata:hr>183</gpxdata:hr>
     <gpxdata:distance>8240.00</gpxdata:distance>
     <gpxdata:cadence>91</gpxdata:cadence>
     <gpxdata:speed>4.125</gpxdata:speed>
    </extensions>
   </trkpt>
   <trkpt lat="25.2009397" lon="121.6753536">
    <ele>22</ele>
    <time>2026-03-14T23:24:38Z</time>
    <extensions>
     <gpxdata:hr>183</gpxdata:hr>
     <gpxdata:distance>8244.00</gpxdata:distance>
     <gpxdata:cadence>91</gpxdata:cadence>
     <gpxdata:speed>4.122</gpxdata:speed>
    </extensions>
   </trkpt>
   <trkpt lat="25.2009231" lon="121.6753900">
    <ele>22</ele>
    <time>2026-03-14T23:24:39Z</time>
    <extensions>
     <gpxdata:hr>182</gpxdata:hr>
     <gpxdata:distance>8248.00</gpxdata:distance>
     <gpxdata:cadence>91</gpxdata:cadence>
     <gpxdata:speed>4.122</gpxdata:speed>
    </extensions>
   </trkpt>
   <trkpt lat="25.2009065" lon="121.6754265">
    <ele>22</ele>
    <time>2026-03-14T23:24:40Z</time>
    <extensions>
     <gpxdata:hr>182</gpxdata:hr>
     <gpxdata:distance>8252.00</gpxdata:distance>
     <gpxdata:cadence>91</gpxdata:cadence>
     <gpxdata:speed>4.122</gpxdata:speed>
    </extensions>
   </trkpt>
   <trkpt lat="25.2008891" lon="121.6754628">
    <ele>22</ele>
    <time>2026-03-14T23:24:41Z</time>
    <extensions>
     <gpxdata:hr>181</gpxdata:hr>
     <gpxdata:distance>8256.00</gpxdata:distance>
     <gpxdata:cadence>92</gpxdata:cadence>
     <gpxdata:speed>4.122</gpxdata:speed>
    </extensions>
   </trkpt>
   <trkpt lat="25.2008717" lon="121.6754992">
    <ele>22</ele>
    <time>2026-03-14T23:24:42Z</time>
    <extensions>
     <gpxdata:hr>181</gpxdata:hr>
     <gpxdata:distance>8260.00</gpxdata:distance>
     <gpxdata:cadence>92</gpxdata:cadence>
     <gpxdata:speed>4.122</gpxdata:speed>
    </extensions>
   </trkpt>
   <trkpt lat="25.2008543" lon="121.6755353">
    <ele>22</ele>
    <time>2026-03-14T23:24:43Z</time>
    <extensions>
     <gpxdata:hr>181</gpxdata:hr>
     <gpxdata:distance>8264.00</gpxdata:distance>
     <gpxdata:cadence>92</gpxdata:cadence>
     <gpxdata:speed>4.122</gpxdata:speed>
    </extensions>
   </trkpt>
   <trkpt lat="25.2008369" lon="121.6755715">
    <ele>22</ele>
    <time>2026-03-14T23:24:44Z</time>
    <extensions>
     <gpxdata:hr>181</gpxdata:hr>
     <gpxdata:distance>8268.00</gpxdata:distance>
     <gpxdata:cadence>92</gpxdata:cadence>
     <gpxdata:speed>4.122</gpxdata:speed>
    </extensions>
   </trkpt>
   <trkpt lat="25.2008189" lon="121.6756071">
    <ele>22</ele>
    <time>2026-03-14T23:24:45Z</time>
    <extensions>
     <gpxdata:hr>181</gpxdata:hr>
     <gpxdata:distance>8272.00</gpxdata:distance>
     <gpxdata:cadence>92</gpxdata:cadence>
     <gpxdata:speed>4.125</gpxdata:speed>
    </extensions>
   </trkpt>
   <trkpt lat="25.2008009" lon="121.6756427">
    <ele>22</ele>
    <time>2026-03-14T23:24:46Z</time>
    <extensions>
     <gpxdata:hr>180</gpxdata:hr>
     <gpxdata:distance>8276.50</gpxdata:distance>
     <gpxdata:cadence>92</gpxdata:cadence>
     <gpxdata:speed>4.125</gpxdata:speed>
    </extensions>
   </trkpt>
   <trkpt lat="25.2007825" lon="121.6756780">
    <ele>22</ele>
    <time>2026-03-14T23:24:47Z</time>
    <extensions>
     <gpxdata:hr>181</gpxdata:hr>
     <gpxdata:distance>8281.00</gpxdata:distance>
     <gpxdata:cadence>92</gpxdata:cadence>
     <gpxdata:speed>4.125</gpxdata:speed>
    </extensions>
   </trkpt>
   <trkpt lat="25.2007641" lon="121.6757133">
    <ele>22</ele>
    <time>2026-03-14T23:24:48Z</time>
    <extensions>
     <gpxdata:hr>181</gpxdata:hr>
     <gpxdata:distance>8285.00</gpxdata:distance>
     <gpxdata:cadence>92</gpxdata:cadence>
     <gpxdata:speed>4.125</gpxdata:speed>
    </extensions>
   </trkpt>
   <trkpt lat="25.2007458" lon="121.6757488">
    <ele>22</ele>
    <time>2026-03-14T23:24:49Z</time>
    <extensions>
     <gpxdata:hr>182</gpxdata:hr>
     <gpxdata:distance>8289.00</gpxdata:distance>
     <gpxdata:cadence>92</gpxdata:cadence>
     <gpxdata:speed>4.125</gpxdata:speed>
    </extensions>
   </trkpt>
   <trkpt lat="25.2007276" lon="121.6757843">
    <ele>22</ele>
    <time>2026-03-14T23:24:50Z</time>
    <extensions>
     <gpxdata:hr>182</gpxdata:hr>
     <gpxdata:distance>8293.00</gpxdata:distance>
     <gpxdata:cadence>92</gpxdata:cadence>
     <gpxdata:speed>4.125</gpxdata:speed>
    </extensions>
   </trkpt>
   <trkpt lat="25.2007094" lon="121.6758198">
    <ele>22</ele>
    <time>2026-03-14T23:24:51Z</time>
    <extensions>
     <gpxdata:hr>182</gpxdata:hr>
     <gpxdata:distance>8297.00</gpxdata:distance>
     <gpxdata:cadence>92</gpxdata:cadence>
     <gpxdata:speed>4.125</gpxdata:speed>
    </extensions>
   </trkpt>
   <trkpt lat="25.2006913" lon="121.6758553">
    <ele>22</ele>
    <time>2026-03-14T23:24:52Z</time>
    <extensions>
     <gpxdata:hr>182</gpxdata:hr>
     <gpxdata:distance>8301.00</gpxdata:distance>
     <gpxdata:cadence>92</gpxdata:cadence>
     <gpxdata:speed>4.125</gpxdata:speed>
    </extensions>
   </trkpt>
   <trkpt lat="25.2006743" lon="121.6758911">
    <ele>22</ele>
    <time>2026-03-14T23:24:53Z</time>
    <extensions>
     <gpxdata:hr>182</gpxdata:hr>
     <gpxdata:distance>8305.00</gpxdata:distance>
     <gpxdata:cadence>93</gpxdata:cadence>
     <gpxdata:speed>4.125</gpxdata:speed>
    </extensions>
   </trkpt>
   <trkpt lat="25.2006573" lon="121.6759270">
    <ele>22</ele>
    <time>2026-03-14T23:24:54Z</time>
    <extensions>
     <gpxdata:hr>182</gpxdata:hr>
     <gpxdata:distance>8309.00</gpxdata:distance>
     <gpxdata:cadence>92</gpxdata:cadence>
     <gpxdata:speed>4.125</gpxdata:speed>
    </extensions>
   </trkpt>
   <trkpt lat="25.2006420" lon="121.6759635">
    <ele>22</ele>
    <time>2026-03-14T23:24:55Z</time>
    <extensions>
     <gpxdata:hr>182</gpxdata:hr>
     <gpxdata:distance>8313.00</gpxdata:distance>
     <gpxdata:cadence>92</gpxdata:cadence>
     <gpxdata:speed>4.125</gpxdata:speed>
    </extensions>
   </trkpt>
   <trkpt lat="25.2006267" lon="121.6760000">
    <ele>22</ele>
    <time>2026-03-14T23:24:56Z</time>
    <extensions>
     <gpxdata:hr>182</gpxdata:hr>
     <gpxdata:distance>8317.00</gpxdata:distance>
     <gpxdata:cadence>92</gpxdata:cadence>
     <gpxdata:speed>4.122</gpxdata:speed>
    </extensions>
   </trkpt>
   <trkpt lat="25.2006128" lon="121.6760370">
    <ele>22</ele>
    <time>2026-03-14T23:24:57Z</time>
    <extensions>
     <gpxdata:hr>182</gpxdata:hr>
     <gpxdata:distance>8321.00</gpxdata:distance>
     <gpxdata:cadence>92</gpxdata:cadence>
     <gpxdata:speed>4.122</gpxdata:speed>
    </extensions>
   </trkpt>
   <trkpt lat="25.2005989" lon="121.6760740">
    <ele>22</ele>
    <time>2026-03-14T23:24:58Z</time>
    <extensions>
     <gpxdata:hr>182</gpxdata:hr>
     <gpxdata:distance>8325.50</gpxdata:distance>
     <gpxdata:cadence>92</gpxdata:cadence>
     <gpxdata:speed>4.119</gpxdata:speed>
    </extensions>
   </trkpt>
   <trkpt lat="25.2005867" lon="121.6761121">
    <ele>22</ele>
    <time>2026-03-14T23:24:59Z</time>
    <extensions>
     <gpxdata:hr>181</gpxdata:hr>
     <gpxdata:distance>8330.00</gpxdata:distance>
     <gpxdata:cadence>92</gpxdata:cadence>
     <gpxdata:speed>4.117</gpxdata:speed>
    </extensions>
   </trkpt>
   <trkpt lat="25.2005745" lon="121.6761502">
    <ele>22</ele>
    <time>2026-03-14T23:25:00Z</time>
    <extensions>
     <gpxdata:hr>181</gpxdata:hr>
     <gpxdata:distance>8334.00</gpxdata:distance>
     <gpxdata:cadence>92</gpxdata:cadence>
     <gpxdata:speed>4.114</gpxdata:speed>
    </extensions>
   </trkpt>
   <trkpt lat="25.2005642" lon="121.6761898">
    <ele>21</ele>
    <time>2026-03-14T23:25:01Z</time>
    <extensions>
     <gpxdata:hr>182</gpxdata:hr>
     <gpxdata:distance>8338.00</gpxdata:distance>
     <gpxdata:cadence>92</gpxdata:cadence>
     <gpxdata:speed>4.114</gpxdata:speed>
    </extensions>
   </trkpt>
   <trkpt lat="25.2005540" lon="121.6762294">
    <ele>21</ele>
    <time>2026-03-14T23:25:02Z</time>
    <extensions>
     <gpxdata:hr>182</gpxdata:hr>
     <gpxdata:distance>8342.00</gpxdata:distance>
     <gpxdata:cadence>92</gpxdata:cadence>
     <gpxdata:speed>4.114</gpxdata:speed>
    </extensions>
   </trkpt>
   <trkpt lat="25.2005452" lon="121.6762698">
    <ele>21</ele>
    <time>2026-03-14T23:25:03Z</time>
    <extensions>
     <gpxdata:hr>182</gpxdata:hr>
     <gpxdata:distance>8346.00</gpxdata:distance>
     <gpxdata:cadence>92</gpxdata:cadence>
     <gpxdata:speed>4.114</gpxdata:speed>
    </extensions>
   </trkpt>
   <trkpt lat="25.2005364" lon="121.6763102">
    <ele>21</ele>
    <time>2026-03-14T23:25:04Z</time>
    <extensions>
     <gpxdata:hr>183</gpxdata:hr>
     <gpxdata:distance>8350.50</gpxdata:distance>
     <gpxdata:cadence>91</gpxdata:cadence>
     <gpxdata:speed>4.114</gpxdata:speed>
    </extensions>
   </trkpt>
   <trkpt lat="25.2005293" lon="121.6763503">
    <ele>21</ele>
    <time>2026-03-14T23:25:05Z</time>
    <extensions>
     <gpxdata:hr>182</gpxdata:hr>
     <gpxdata:distance>8355.00</gpxdata:distance>
     <gpxdata:cadence>91</gpxdata:cadence>
     <gpxdata:speed>4.117</gpxdata:speed>
    </extensions>
   </trkpt>
   <trkpt lat="25.2005222" lon="121.6763904">
    <ele>21</ele>
    <time>2026-03-14T23:25:06Z</time>
    <extensions>
     <gpxdata:hr>182</gpxdata:hr>
     <gpxdata:distance>8358.50</gpxdata:distance>
     <gpxdata:cadence>91</gpxdata:cadence>
     <gpxdata:speed>4.117</gpxdata:speed>
    </extensions>
   </trkpt>
   <trkpt lat="25.2005165" lon="121.6764299">
    <ele>21</ele>
    <time>2026-03-14T23:25:07Z</time>
    <extensions>
     <gpxdata:hr>182</gpxdata:hr>
     <gpxdata:distance>8362.00</gpxdata:distance>
     <gpxdata:cadence>91</gpxdata:cadence>
     <gpxdata:speed>4.117</gpxdata:speed>
    </extensions>
   </trkpt>
   <trkpt lat="25.2005108" lon="121.6764694">
    <ele>21</ele>
    <time>2026-03-14T23:25:08Z</time>
    <extensions>
     <gpxdata:hr>181</gpxdata:hr>
     <gpxdata:distance>8366.00</gpxdata:distance>
     <gpxdata:cadence>91</gpxdata:cadence>
     <gpxdata:speed>4.117</gpxdata:speed>
    </extensions>
   </trkpt>
   <trkpt lat="25.2005061" lon="121.6765085">
    <ele>21</ele>
    <time>2026-03-14T23:25:09Z</time>
    <extensions>
     <gpxdata:hr>181</gpxdata:hr>
     <gpxdata:distance>8370.00</gpxdata:distance>
     <gpxdata:cadence>92</gpxdata:cadence>
     <gpxdata:speed>4.117</gpxdata:speed>
    </extensions>
   </trkpt>
   <trkpt lat="25.2005015" lon="121.6765477">
    <ele>22</ele>
    <time>2026-03-14T23:25:10Z</time>
    <extensions>
     <gpxdata:hr>181</gpxdata:hr>
     <gpxdata:distance>8374.00</gpxdata:distance>
     <gpxdata:cadence>92</gpxdata:cadence>
     <gpxdata:speed>4.114</gpxdata:speed>
    </extensions>
   </trkpt>
   <trkpt lat="25.2004981" lon="121.6765869">
    <ele>22</ele>
    <time>2026-03-14T23:25:11Z</time>
    <extensions>
     <gpxdata:hr>180</gpxdata:hr>
     <gpxdata:distance>8378.00</gpxdata:distance>
     <gpxdata:cadence>92</gpxdata:cadence>
     <gpxdata:speed>4.114</gpxdata:speed>
    </extensions>
   </trkpt>
   <trkpt lat="25.2004948" lon="121.6766261">
    <ele>22</ele>
    <time>2026-03-14T23:25:12Z</time>
    <extensions>
     <gpxdata:hr>180</gpxdata:hr>
     <gpxdata:distance>8382.00</gpxdata:distance>
     <gpxdata:cadence>92</gpxdata:cadence>
     <gpxdata:speed>4.111</gpxdata:speed>
    </extensions>
   </trkpt>
   <trkpt lat="25.2004926" lon="121.6766655">
    <ele>22</ele>
    <time>2026-03-14T23:25:13Z</time>
    <extensions>
     <gpxdata:hr>180</gpxdata:hr>
     <gpxdata:distance>8386.00</gpxdata:distance>
     <gpxdata:cadence>92</gpxdata:cadence>
     <gpxdata:speed>4.111</gpxdata:speed>
    </extensions>
   </trkpt>
   <trkpt lat="25.2004905" lon="121.6767050">
    <ele>22</ele>
    <time>2026-03-14T23:25:14Z</time>
    <extensions>
     <gpxdata:hr>180</gpxdata:hr>
     <gpxdata:distance>8390.50</gpxdata:distance>
     <gpxdata:cadence>92</gpxdata:cadence>
     <gpxdata:speed>4.108</gpxdata:speed>
    </extensions>
   </trkpt>
   <trkpt lat="25.2004885" lon="121.6767448">
    <ele>22</ele>
    <time>2026-03-14T23:25:15Z</time>
    <extensions>
     <gpxdata:hr>180</gpxdata:hr>
     <gpxdata:distance>8395.00</gpxdata:distance>
     <gpxdata:cadence>92</gpxdata:cadence>
     <gpxdata:speed>4.108</gpxdata:speed>
    </extensions>
   </trkpt>
   <trkpt lat="25.2004866" lon="121.6767847">
    <ele>22</ele>
    <time>2026-03-14T23:25:16Z</time>
    <extensions>
     <gpxdata:hr>180</gpxdata:hr>
     <gpxdata:distance>8399.00</gpxdata:distance>
     <gpxdata:cadence>92</gpxdata:cadence>
     <gpxdata:speed>4.108</gpxdata:speed>
    </extensions>
   </trkpt>
   <trkpt lat="25.2004851" lon="121.6768246">
    <ele>22</ele>
    <time>2026-03-14T23:25:17Z</time>
    <extensions>
     <gpxdata:hr>181</gpxdata:hr>
     <gpxdata:distance>8403.00</gpxdata:distance>
     <gpxdata:cadence>92</gpxdata:cadence>
     <gpxdata:speed>4.108</gpxdata:speed>
    </extensions>
   </trkpt>
   <trkpt lat="25.2004836" lon="121.6768646">
    <ele>22</ele>
    <time>2026-03-14T23:25:18Z</time>
    <extensions>
     <gpxdata:hr>180</gpxdata:hr>
     <gpxdata:distance>8406.50</gpxdata:distance>
     <gpxdata:cadence>92</gpxdata:cadence>
     <gpxdata:speed>4.106</gpxdata:speed>
    </extensions>
   </trkpt>
   <trkpt lat="25.2004832" lon="121.6769040">
    <ele>22</ele>
    <time>2026-03-14T23:25:19Z</time>
    <extensions>
     <gpxdata:hr>181</gpxdata:hr>
     <gpxdata:distance>8410.00</gpxdata:distance>
     <gpxdata:cadence>92</gpxdata:cadence>
     <gpxdata:speed>4.106</gpxdata:speed>
    </extensions>
   </trkpt>
   <trkpt lat="25.2004829" lon="121.6769434">
    <ele>22</ele>
    <time>2026-03-14T23:25:20Z</time>
    <extensions>
     <gpxdata:hr>180</gpxdata:hr>
     <gpxdata:distance>8414.00</gpxdata:distance>
     <gpxdata:cadence>92</gpxdata:cadence>
     <gpxdata:speed>4.106</gpxdata:speed>
    </extensions>
   </trkpt>
   <trkpt lat="25.2004834" lon="121.6769826">
    <ele>22</ele>
    <time>2026-03-14T23:25:21Z</time>
    <extensions>
     <gpxdata:hr>180</gpxdata:hr>
     <gpxdata:distance>8418.00</gpxdata:distance>
     <gpxdata:cadence>92</gpxdata:cadence>
     <gpxdata:speed>4.106</gpxdata:speed>
    </extensions>
   </trkpt>
   <trkpt lat="25.2004840" lon="121.6770218">
    <ele>22</ele>
    <time>2026-03-14T23:25:22Z</time>
    <extensions>
     <gpxdata:hr>179</gpxdata:hr>
     <gpxdata:distance>8422.00</gpxdata:distance>
     <gpxdata:cadence>92</gpxdata:cadence>
     <gpxdata:speed>4.103</gpxdata:speed>
    </extensions>
   </trkpt>
   <trkpt lat="25.2004859" lon="121.6770613">
    <ele>22</ele>
    <time>2026-03-14T23:25:23Z</time>
    <extensions>
     <gpxdata:hr>179</gpxdata:hr>
     <gpxdata:distance>8426.00</gpxdata:distance>
     <gpxdata:cadence>92</gpxdata:cadence>
     <gpxdata:speed>4.100</gpxdata:speed>
    </extensions>
   </trkpt>
   <trkpt lat="25.2004878" lon="121.6771009">
    <ele>22</ele>
    <time>2026-03-14T23:25:24Z</time>
    <extensions>
     <gpxdata:hr>179</gpxdata:hr>
     <gpxdata:distance>8430.50</gpxdata:distance>
     <gpxdata:cadence>91</gpxdata:cadence>
     <gpxdata:speed>4.092</gpxdata:speed>
    </extensions>
   </trkpt>
   <trkpt lat="25.2004903" lon="121.6771412">
    <ele>22</ele>
    <time>2026-03-14T23:25:25Z</time>
    <extensions>
     <gpxdata:hr>179</gpxdata:hr>
     <gpxdata:distance>8435.00</gpxdata:distance>
     <gpxdata:cadence>91</gpxdata:cadence>
     <gpxdata:speed>4.086</gpxdata:speed>
    </extensions>
   </trkpt>
   <trkpt lat="25.2004928" lon="121.6771815">
    <ele>22</ele>
    <time>2026-03-14T23:25:26Z</time>
    <extensions>
     <gpxdata:hr>179</gpxdata:hr>
     <gpxdata:distance>8439.00</gpxdata:distance>
     <gpxdata:cadence>91</gpxdata:cadence>
     <gpxdata:speed>4.081</gpxdata:speed>
    </extensions>
   </trkpt>
   <trkpt lat="25.2004952" lon="121.6772217">
    <ele>22</ele>
    <time>2026-03-14T23:25:27Z</time>
    <extensions>
     <gpxdata:hr>178</gpxdata:hr>
     <gpxdata:distance>8443.00</gpxdata:distance>
     <gpxdata:cadence>91</gpxdata:cadence>
     <gpxdata:speed>4.078</gpxdata:speed>
    </extensions>
   </trkpt>
   <trkpt lat="25.2004976" lon="121.6772620">
    <ele>22</ele>
    <time>2026-03-14T23:25:28Z</time>
    <extensions>
     <gpxdata:hr>178</gpxdata:hr>
     <gpxdata:distance>8446.50</gpxdata:distance>
     <gpxdata:cadence>90</gpxdata:cadence>
     <gpxdata:speed>4.075</gpxdata:speed>
    </extensions>
   </trkpt>
   <trkpt lat="25.2004996" lon="121.6773014">
    <ele>22</ele>
    <time>2026-03-14T23:25:29Z</time>
    <extensions>
     <gpxdata:hr>177</gpxdata:hr>
     <gpxdata:distance>8450.00</gpxdata:distance>
     <gpxdata:cadence>90</gpxdata:cadence>
     <gpxdata:speed>4.072</gpxdata:speed>
    </extensions>
   </trkpt>
   <trkpt lat="25.2005016" lon="121.6773409">
    <ele>22</ele>
    <time>2026-03-14T23:25:30Z</time>
    <extensions>
     <gpxdata:hr>178</gpxdata:hr>
     <gpxdata:distance>8454.00</gpxdata:distance>
     <gpxdata:cadence>90</gpxdata:cadence>
     <gpxdata:speed>4.067</gpxdata:speed>
    </extensions>
   </trkpt>
   <trkpt lat="25.2005030" lon="121.6773801">
    <ele>22</ele>
    <time>2026-03-14T23:25:31Z</time>
    <extensions>
     <gpxdata:hr>178</gpxdata:hr>
     <gpxdata:distance>8458.00</gpxdata:distance>
     <gpxdata:cadence>91</gpxdata:cadence>
     <gpxdata:speed>4.064</gpxdata:speed>
    </extensions>
   </trkpt>
   <trkpt lat="25.2005044" lon="121.6774193">
    <ele>22</ele>
    <time>2026-03-14T23:25:32Z</time>
    <extensions>
     <gpxdata:hr>177</gpxdata:hr>
     <gpxdata:distance>8462.00</gpxdata:distance>
     <gpxdata:cadence>91</gpxdata:cadence>
     <gpxdata:speed>4.061</gpxdata:speed>
    </extensions>
   </trkpt>
   <trkpt lat="25.2005056" lon="121.6774588">
    <ele>22</ele>
    <time>2026-03-14T23:25:33Z</time>
    <extensions>
     <gpxdata:hr>177</gpxdata:hr>
     <gpxdata:distance>8466.00</gpxdata:distance>
     <gpxdata:cadence>91</gpxdata:cadence>
     <gpxdata:speed>4.058</gpxdata:speed>
    </extensions>
   </trkpt>
   <trkpt lat="25.2005068" lon="121.6774984">
    <ele>22</ele>
    <time>2026-03-14T23:25:34Z</time>
    <extensions>
     <gpxdata:hr>176</gpxdata:hr>
     <gpxdata:distance>8470.00</gpxdata:distance>
     <gpxdata:cadence>91</gpxdata:cadence>
     <gpxdata:speed>4.056</gpxdata:speed>
    </extensions>
   </trkpt>
   <trkpt lat="25.2005080" lon="121.6775384">
    <ele>22</ele>
    <time>2026-03-14T23:25:35Z</time>
    <extensions>
     <gpxdata:hr>176</gpxdata:hr>
     <gpxdata:distance>8474.00</gpxdata:distance>
     <gpxdata:cadence>91</gpxdata:cadence>
     <gpxdata:speed>4.053</gpxdata:speed>
    </extensions>
   </trkpt>
   <trkpt lat="25.2005092" lon="121.6775784">
    <ele>22</ele>
    <time>2026-03-14T23:25:36Z</time>
    <extensions>
     <gpxdata:hr>175</gpxdata:hr>
     <gpxdata:distance>8478.50</gpxdata:distance>
     <gpxdata:cadence>91</gpxdata:cadence>
     <gpxdata:speed>4.050</gpxdata:speed>
    </extensions>
   </trkpt>
   <trkpt lat="25.2005101" lon="121.6776186">
    <ele>22</ele>
    <time>2026-03-14T23:25:37Z</time>
    <extensions>
     <gpxdata:hr>175</gpxdata:hr>
     <gpxdata:distance>8483.00</gpxdata:distance>
     <gpxdata:cadence>92</gpxdata:cadence>
     <gpxdata:speed>4.050</gpxdata:speed>
    </extensions>
   </trkpt>
   <trkpt lat="25.2005110" lon="121.6776589">
    <ele>22</ele>
    <time>2026-03-14T23:25:38Z</time>
    <extensions>
     <gpxdata:hr>175</gpxdata:hr>
     <gpxdata:distance>8487.00</gpxdata:distance>
     <gpxdata:cadence>92</gpxdata:cadence>
     <gpxdata:speed>4.050</gpxdata:speed>
    </extensions>
   </trkpt>
   <trkpt lat="25.2005122" lon="121.6776989">
    <ele>22</ele>
    <time>2026-03-14T23:25:39Z</time>
    <extensions>
     <gpxdata:hr>176</gpxdata:hr>
     <gpxdata:distance>8491.00</gpxdata:distance>
     <gpxdata:cadence>92</gpxdata:cadence>
     <gpxdata:speed>4.050</gpxdata:speed>
    </extensions>
   </trkpt>
   <trkpt lat="25.2005135" lon="121.6777390">
    <ele>22</ele>
    <time>2026-03-14T23:25:40Z</time>
    <extensions>
     <gpxdata:hr>176</gpxdata:hr>
     <gpxdata:distance>8495.00</gpxdata:distance>
     <gpxdata:cadence>92</gpxdata:cadence>
     <gpxdata:speed>4.047</gpxdata:speed>
    </extensions>
   </trkpt>
   <trkpt lat="25.2005151" lon="121.6777793">
    <ele>22</ele>
    <time>2026-03-14T23:25:41Z</time>
    <extensions>
     <gpxdata:hr>177</gpxdata:hr>
     <gpxdata:distance>8499.00</gpxdata:distance>
     <gpxdata:cadence>92</gpxdata:cadence>
     <gpxdata:speed>4.047</gpxdata:speed>
    </extensions>
   </trkpt>
   <trkpt lat="25.2005167" lon="121.6778196">
    <ele>22</ele>
    <time>2026-03-14T23:25:42Z</time>
    <extensions>
     <gpxdata:hr>177</gpxdata:hr>
     <gpxdata:distance>8503.00</gpxdata:distance>
     <gpxdata:cadence>92</gpxdata:cadence>
     <gpxdata:speed>4.047</gpxdata:speed>
    </extensions>
   </trkpt>
   <trkpt lat="25.2005189" lon="121.6778597">
    <ele>22</ele>
    <time>2026-03-14T23:25:43Z</time>
    <extensions>
     <gpxdata:hr>178</gpxdata:hr>
     <gpxdata:distance>8507.00</gpxdata:distance>
     <gpxdata:cadence>92</gpxdata:cadence>
     <gpxdata:speed>4.047</gpxdata:speed>
    </extensions>
   </trkpt>
   <trkpt lat="25.2005212" lon="121.6778998">
    <ele>22</ele>
    <time>2026-03-14T23:25:44Z</time>
    <extensions>
     <gpxdata:hr>178</gpxdata:hr>
     <gpxdata:distance>8511.00</gpxdata:distance>
     <gpxdata:cadence>92</gpxdata:cadence>
     <gpxdata:speed>4.047</gpxdata:speed>
    </extensions>
   </trkpt>
   <trkpt lat="25.2005232" lon="121.6779396">
    <ele>22</ele>
    <time>2026-03-14T23:25:45Z</time>
    <extensions>
     <gpxdata:hr>179</gpxdata:hr>
     <gpxdata:distance>8515.00</gpxdata:distance>
     <gpxdata:cadence>92</gpxdata:cadence>
     <gpxdata:speed>4.050</gpxdata:speed>
    </extensions>
   </trkpt>
   <trkpt lat="25.2005253" lon="121.6779794">
    <ele>22</ele>
    <time>2026-03-14T23:25:46Z</time>
    <extensions>
     <gpxdata:hr>179</gpxdata:hr>
     <gpxdata:distance>8519.00</gpxdata:distance>
     <gpxdata:cadence>92</gpxdata:cadence>
     <gpxdata:speed>4.053</gpxdata:speed>
    </extensions>
   </trkpt>
   <trkpt lat="25.2005265" lon="121.6780193">
    <ele>22</ele>
    <time>2026-03-14T23:25:47Z</time>
    <extensions>
     <gpxdata:hr>179</gpxdata:hr>
     <gpxdata:distance>8523.00</gpxdata:distance>
     <gpxdata:cadence>92</gpxdata:cadence>
     <gpxdata:speed>4.056</gpxdata:speed>
    </extensions>
   </trkpt>
   <trkpt lat="25.2005277" lon="121.6780593">
    <ele>22</ele>
    <time>2026-03-14T23:25:48Z</time>
    <extensions>
     <gpxdata:hr>179</gpxdata:hr>
     <gpxdata:distance>8527.00</gpxdata:distance>
     <gpxdata:cadence>92</gpxdata:cadence>
     <gpxdata:speed>4.056</gpxdata:speed>
    </extensions>
   </trkpt>
   <trkpt lat="25.2005279" lon="121.6780997">
    <ele>22</ele>
    <time>2026-03-14T23:25:49Z</time>
    <extensions>
     <gpxdata:hr>179</gpxdata:hr>
     <gpxdata:distance>8531.00</gpxdata:distance>
     <gpxdata:cadence>92</gpxdata:cadence>
     <gpxdata:speed>4.056</gpxdata:speed>
    </extensions>
   </trkpt>
   <trkpt lat="25.2005282" lon="121.6781401">
    <ele>22</ele>
    <time>2026-03-14T23:25:50Z</time>
    <extensions>
     <gpxdata:hr>179</gpxdata:hr>
     <gpxdata:distance>8535.00</gpxdata:distance>
     <gpxdata:cadence>92</gpxdata:cadence>
     <gpxdata:speed>4.053</gpxdata:speed>
    </extensions>
   </trkpt>
   <trkpt lat="25.2005269" lon="121.6781811">
    <ele>22</ele>
    <time>2026-03-14T23:25:51Z</time>
    <extensions>
     <gpxdata:hr>178</gpxdata:hr>
     <gpxdata:distance>8539.00</gpxdata:distance>
     <gpxdata:cadence>93</gpxdata:cadence>
     <gpxdata:speed>4.053</gpxdata:speed>
    </extensions>
   </trkpt>
   <trkpt lat="25.2005256" lon="121.6782221">
    <ele>22</ele>
    <time>2026-03-14T23:25:52Z</time>
    <extensions>
     <gpxdata:hr>178</gpxdata:hr>
     <gpxdata:distance>8543.50</gpxdata:distance>
     <gpxdata:cadence>93</gpxdata:cadence>
     <gpxdata:speed>4.053</gpxdata:speed>
    </extensions>
   </trkpt>
   <trkpt lat="25.2005214" lon="121.6782635">
    <ele>22</ele>
    <time>2026-03-14T23:25:53Z</time>
    <extensions>
     <gpxdata:hr>178</gpxdata:hr>
     <gpxdata:distance>8548.00</gpxdata:distance>
     <gpxdata:cadence>93</gpxdata:cadence>
     <gpxdata:speed>4.053</gpxdata:speed>
    </extensions>
   </trkpt>
   <trkpt lat="25.2005172" lon="121.6783050">
    <ele>22</ele>
    <time>2026-03-14T23:25:54Z</time>
    <extensions>
     <gpxdata:hr>179</gpxdata:hr>
     <gpxdata:distance>8552.50</gpxdata:distance>
     <gpxdata:cadence>93</gpxdata:cadence>
     <gpxdata:speed>4.056</gpxdata:speed>
    </extensions>
   </trkpt>
   <trkpt lat="25.2005097" lon="121.6783463">
    <ele>23</ele>
    <time>2026-03-14T23:25:55Z</time>
    <extensions>
     <gpxdata:hr>178</gpxdata:hr>
     <gpxdata:distance>8557.00</gpxdata:distance>
     <gpxdata:cadence>93</gpxdata:cadence>
     <gpxdata:speed>4.058</gpxdata:speed>
    </extensions>
   </trkpt>
   <trkpt lat="25.2005022" lon="121.6783876">
    <ele>23</ele>
    <time>2026-03-14T23:25:56Z</time>
    <extensions>
     <gpxdata:hr>178</gpxdata:hr>
     <gpxdata:distance>8561.00</gpxdata:distance>
     <gpxdata:cadence>93</gpxdata:cadence>
     <gpxdata:speed>4.061</gpxdata:speed>
    </extensions>
   </trkpt>
   <trkpt lat="25.2004923" lon="121.6784285">
    <ele>23</ele>
    <time>2026-03-14T23:25:57Z</time>
    <extensions>
     <gpxdata:hr>177</gpxdata:hr>
     <gpxdata:distance>8565.00</gpxdata:distance>
     <gpxdata:cadence>93</gpxdata:cadence>
     <gpxdata:speed>4.067</gpxdata:speed>
    </extensions>
   </trkpt>
   <trkpt lat="25.2004825" lon="121.6784695">
    <ele>23</ele>
    <time>2026-03-14T23:25:58Z</time>
    <extensions>
     <gpxdata:hr>177</gpxdata:hr>
     <gpxdata:distance>8569.50</gpxdata:distance>
     <gpxdata:cadence>92</gpxdata:cadence>
     <gpxdata:speed>4.072</gpxdata:speed>
    </extensions>
   </trkpt>
   <trkpt lat="25.2004712" lon="121.6785101">
    <ele>23</ele>
    <time>2026-03-14T23:25:59Z</time>
    <extensions>
     <gpxdata:hr>176</gpxdata:hr>
     <gpxdata:distance>8574.00</gpxdata:distance>
     <gpxdata:cadence>92</gpxdata:cadence>
     <gpxdata:speed>4.078</gpxdata:speed>
    </extensions>
   </trkpt>
   <trkpt lat="25.2004599" lon="121.6785508">
    <ele>23</ele>
    <time>2026-03-14T23:26:00Z</time>
    <extensions>
     <gpxdata:hr>176</gpxdata:hr>
     <gpxdata:distance>8578.00</gpxdata:distance>
     <gpxdata:cadence>92</gpxdata:cadence>
     <gpxdata:speed>4.083</gpxdata:speed>
    </extensions>
   </trkpt>
   <trkpt lat="25.2004475" lon="121.6785917">
    <ele>23</ele>
    <time>2026-03-14T23:26:01Z</time>
    <extensions>
     <gpxdata:hr>176</gpxdata:hr>
     <gpxdata:distance>8582.00</gpxdata:distance>
     <gpxdata:cadence>92</gpxdata:cadence>
     <gpxdata:speed>4.089</gpxdata:speed>
    </extensions>
   </trkpt>
   <trkpt lat="25.2004351" lon="121.6786326">
    <ele>23</ele>
    <time>2026-03-14T23:26:02Z</time>
    <extensions>
     <gpxdata:hr>176</gpxdata:hr>
     <gpxdata:distance>8586.50</gpxdata:distance>
     <gpxdata:cadence>92</gpxdata:cadence>
     <gpxdata:speed>4.094</gpxdata:speed>
    </extensions>
   </trkpt>
   <trkpt lat="25.2004220" lon="121.6786739">
    <ele>23</ele>
    <time>2026-03-14T23:26:03Z</time>
    <extensions>
     <gpxdata:hr>176</gpxdata:hr>
     <gpxdata:distance>8591.00</gpxdata:distance>
     <gpxdata:cadence>92</gpxdata:cadence>
     <gpxdata:speed>4.100</gpxdata:speed>
    </extensions>
   </trkpt>
   <trkpt lat="25.2004090" lon="121.6787152">
    <ele>23</ele>
    <time>2026-03-14T23:26:04Z</time>
    <extensions>
     <gpxdata:hr>175</gpxdata:hr>
     <gpxdata:distance>8595.50</gpxdata:distance>
     <gpxdata:cadence>91</gpxdata:cadence>
     <gpxdata:speed>4.103</gpxdata:speed>
    </extensions>
   </trkpt>
   <trkpt lat="25.2003963" lon="121.6787550">
    <ele>23</ele>
    <time>2026-03-14T23:26:05Z</time>
    <extensions>
     <gpxdata:hr>176</gpxdata:hr>
     <gpxdata:distance>8600.00</gpxdata:distance>
     <gpxdata:cadence>91</gpxdata:cadence>
     <gpxdata:speed>4.106</gpxdata:speed>
    </extensions>
   </trkpt>
   <trkpt lat="25.2003837" lon="121.6787949">
    <ele>23</ele>
    <time>2026-03-14T23:26:06Z</time>
    <extensions>
     <gpxdata:hr>176</gpxdata:hr>
     <gpxdata:distance>8602.00</gpxdata:distance>
     <gpxdata:cadence>91</gpxdata:cadence>
     <gpxdata:speed>4.094</gpxdata:speed>
    </extensions>
   </trkpt>
   <trkpt lat="25.2003746" lon="121.6788223">
    <ele>23</ele>
    <time>2026-03-14T23:26:07Z</time>
    <extensions>
     <gpxdata:hr>176</gpxdata:hr>
     <gpxdata:distance>8604.00</gpxdata:distance>
     <gpxdata:cadence>91</gpxdata:cadence>
     <gpxdata:speed>4.083</gpxdata:speed>
    </extensions>
   </trkpt>
   <trkpt lat="25.2003656" lon="121.6788498">
    <ele>23</ele>
    <time>2026-03-14T23:26:08Z</time>
    <extensions>
     <gpxdata:hr>176</gpxdata:hr>
     <gpxdata:distance>8604.50</gpxdata:distance>
     <gpxdata:cadence>91</gpxdata:cadence>
     <gpxdata:speed>4.078</gpxdata:speed>
    </extensions>
   </trkpt>
   <trkpt lat="25.2003566" lon="121.6788613">
    <ele>23</ele>
    <time>2026-03-14T23:26:09Z</time>
    <extensions>
     <gpxdata:hr>176</gpxdata:hr>
     <gpxdata:distance>8605.00</gpxdata:distance>
     <gpxdata:cadence>91</gpxdata:cadence>
     <gpxdata:speed>4.075</gpxdata:speed>
    </extensions>
   </trkpt>
   <trkpt lat="25.2003477" lon="121.6788728">
    <ele>23</ele>
    <time>2026-03-14T23:26:10Z</time>
    <extensions>
     <gpxdata:hr>177</gpxdata:hr>
     <gpxdata:distance>8605.50</gpxdata:distance>
     <gpxdata:cadence>91</gpxdata:cadence>
     <gpxdata:speed>4.019</gpxdata:speed>
    </extensions>
   </trkpt>
   <trkpt lat="25.2003185" lon="121.6789484">
    <ele>23</ele>
    <time>2026-03-14T23:26:26Z</time>
    <extensions>
     <gpxdata:hr>184</gpxdata:hr>
     <gpxdata:distance>8649.00</gpxdata:distance>
     <gpxdata:cadence>91</gpxdata:cadence>
     <gpxdata:speed>3.953</gpxdata:speed>
    </extensions>
   </trkpt>
   <trkpt lat="25.2002871" lon="121.6789699">
    <ele>23</ele>
    <time>2026-03-14T23:26:27Z</time>
    <extensions>
     <gpxdata:hr>184</gpxdata:hr>
     <gpxdata:distance>8653.00</gpxdata:distance>
     <gpxdata:cadence>91</gpxdata:cadence>
     <gpxdata:speed>3.969</gpxdata:speed>
    </extensions>
   </trkpt>
   <trkpt lat="25.2002557" lon="121.6789915">
    <ele>23</ele>
    <time>2026-03-14T23:26:28Z</time>
    <extensions>
     <gpxdata:hr>184</gpxdata:hr>
     <gpxdata:distance>8657.00</gpxdata:distance>
     <gpxdata:cadence>91</gpxdata:cadence>
     <gpxdata:speed>3.961</gpxdata:speed>
    </extensions>
   </trkpt>
   <trkpt lat="25.2002207" lon="121.6790062">
    <ele>23</ele>
    <time>2026-03-14T23:26:29Z</time>
    <extensions>
     <gpxdata:hr>184</gpxdata:hr>
     <gpxdata:distance>8661.00</gpxdata:distance>
     <gpxdata:cadence>91</gpxdata:cadence>
     <gpxdata:speed>3.953</gpxdata:speed>
    </extensions>
   </trkpt>
   <trkpt lat="25.2001857" lon="121.6790210">
    <ele>23</ele>
    <time>2026-03-14T23:26:30Z</time>
    <extensions>
     <gpxdata:hr>184</gpxdata:hr>
     <gpxdata:distance>8665.00</gpxdata:distance>
     <gpxdata:cadence>91</gpxdata:cadence>
     <gpxdata:speed>3.947</gpxdata:speed>
    </extensions>
   </trkpt>
   <trkpt lat="25.2001509" lon="121.6790354">
    <ele>23</ele>
    <time>2026-03-14T23:26:31Z</time>
    <extensions>
     <gpxdata:hr>185</gpxdata:hr>
     <gpxdata:distance>8669.00</gpxdata:distance>
     <gpxdata:cadence>91</gpxdata:cadence>
     <gpxdata:speed>3.942</gpxdata:speed>
    </extensions>
   </trkpt>
   <trkpt lat="25.2001161" lon="121.6790499">
    <ele>23</ele>
    <time>2026-03-14T23:26:32Z</time>
    <extensions>
     <gpxdata:hr>184</gpxdata:hr>
     <gpxdata:distance>8673.00</gpxdata:distance>
     <gpxdata:cadence>90</gpxdata:cadence>
     <gpxdata:speed>3.931</gpxdata:speed>
    </extensions>
   </trkpt>
   <trkpt lat="25.2000807" lon="121.6790629">
    <ele>23</ele>
    <time>2026-03-14T23:26:33Z</time>
    <extensions>
     <gpxdata:hr>184</gpxdata:hr>
     <gpxdata:distance>8677.00</gpxdata:distance>
     <gpxdata:cadence>90</gpxdata:cadence>
     <gpxdata:speed>3.919</gpxdata:speed>
    </extensions>
   </trkpt>
   <trkpt lat="25.2000454" lon="121.6790760">
    <ele>23</ele>
    <time>2026-03-14T23:26:34Z</time>
    <extensions>
     <gpxdata:hr>184</gpxdata:hr>
     <gpxdata:distance>8681.00</gpxdata:distance>
     <gpxdata:cadence>90</gpxdata:cadence>
     <gpxdata:speed>3.900</gpxdata:speed>
    </extensions>
   </trkpt>
   <trkpt lat="25.2000132" lon="121.6790960">
    <ele>23</ele>
    <time>2026-03-14T23:26:35Z</time>
    <extensions>
     <gpxdata:hr>184</gpxdata:hr>
     <gpxdata:distance>8685.00</gpxdata:distance>
     <gpxdata:cadence>90</gpxdata:cadence>
     <gpxdata:speed>3.881</gpxdata:speed>
    </extensions>
   </trkpt>
   <trkpt lat="25.1999811" lon="121.6791161">
    <ele>23</ele>
    <time>2026-03-14T23:26:36Z</time>
    <extensions>
     <gpxdata:hr>183</gpxdata:hr>
     <gpxdata:distance>8688.50</gpxdata:distance>
     <gpxdata:cadence>90</gpxdata:cadence>
     <gpxdata:speed>3.892</gpxdata:speed>
    </extensions>
   </trkpt>
   <trkpt lat="25.1999500" lon="121.6791382">
    <ele>23</ele>
    <time>2026-03-14T23:26:37Z</time>
    <extensions>
     <gpxdata:hr>183</gpxdata:hr>
     <gpxdata:distance>8692.00</gpxdata:distance>
     <gpxdata:cadence>90</gpxdata:cadence>
     <gpxdata:speed>3.903</gpxdata:speed>
    </extensions>
   </trkpt>
   <trkpt lat="25.1999189" lon="121.6791603">
    <ele>23</ele>
    <time>2026-03-14T23:26:38Z</time>
    <extensions>
     <gpxdata:hr>183</gpxdata:hr>
     <gpxdata:distance>8696.00</gpxdata:distance>
     <gpxdata:cadence>90</gpxdata:cadence>
     <gpxdata:speed>3.889</gpxdata:speed>
    </extensions>
   </trkpt>
   <trkpt lat="25.1998859" lon="121.6791785">
    <ele>23</ele>
    <time>2026-03-14T23:26:39Z</time>
    <extensions>
     <gpxdata:hr>183</gpxdata:hr>
     <gpxdata:distance>8700.00</gpxdata:distance>
     <gpxdata:cadence>90</gpxdata:cadence>
     <gpxdata:speed>3.878</gpxdata:speed>
    </extensions>
   </trkpt>
   <trkpt lat="25.1998529" lon="121.6791967">
    <ele>23</ele>
    <time>2026-03-14T23:26:40Z</time>
    <extensions>
     <gpxdata:hr>182</gpxdata:hr>
     <gpxdata:distance>8704.00</gpxdata:distance>
     <gpxdata:cadence>90</gpxdata:cadence>
     <gpxdata:speed>3.889</gpxdata:speed>
    </extensions>
   </trkpt>
   <trkpt lat="25.1998179" lon="121.6792099">
    <ele>23</ele>
    <time>2026-03-14T23:26:41Z</time>
    <extensions>
     <gpxdata:hr>183</gpxdata:hr>
     <gpxdata:distance>8708.00</gpxdata:distance>
     <gpxdata:cadence>90</gpxdata:cadence>
     <gpxdata:speed>3.903</gpxdata:speed>
    </extensions>
   </trkpt>
   <trkpt lat="25.1997829" lon="121.6792232">
    <ele>23</ele>
    <time>2026-03-14T23:26:42Z</time>
    <extensions>
     <gpxdata:hr>183</gpxdata:hr>
     <gpxdata:distance>8712.00</gpxdata:distance>
     <gpxdata:cadence>90</gpxdata:cadence>
     <gpxdata:speed>3.908</gpxdata:speed>
    </extensions>
   </trkpt>
   <trkpt lat="25.1997502" lon="121.6792423">
    <ele>23</ele>
    <time>2026-03-14T23:26:43Z</time>
    <extensions>
     <gpxdata:hr>184</gpxdata:hr>
     <gpxdata:distance>8716.00</gpxdata:distance>
     <gpxdata:cadence>90</gpxdata:cadence>
     <gpxdata:speed>3.914</gpxdata:speed>
    </extensions>
   </trkpt>
   <trkpt lat="25.1997176" lon="121.6792614">
    <ele>23</ele>
    <time>2026-03-14T23:26:44Z</time>
    <extensions>
     <gpxdata:hr>184</gpxdata:hr>
     <gpxdata:distance>8720.00</gpxdata:distance>
     <gpxdata:cadence>90</gpxdata:cadence>
     <gpxdata:speed>3.919</gpxdata:speed>
    </extensions>
   </trkpt>
   <trkpt lat="25.1996856" lon="121.6792821">
    <ele>23</ele>
    <time>2026-03-14T23:26:45Z</time>
    <extensions>
     <gpxdata:hr>183</gpxdata:hr>
     <gpxdata:distance>8724.00</gpxdata:distance>
     <gpxdata:cadence>91</gpxdata:cadence>
     <gpxdata:speed>3.928</gpxdata:speed>
    </extensions>
   </trkpt>
   <trkpt lat="25.1996536" lon="121.6793029">
    <ele>23</ele>
    <time>2026-03-14T23:26:46Z</time>
    <extensions>
     <gpxdata:hr>183</gpxdata:hr>
     <gpxdata:distance>8728.00</gpxdata:distance>
     <gpxdata:cadence>91</gpxdata:cadence>
     <gpxdata:speed>3.933</gpxdata:speed>
    </extensions>
   </trkpt>
   <trkpt lat="25.1996217" lon="121.6793240">
    <ele>23</ele>
    <time>2026-03-14T23:26:47Z</time>
    <extensions>
     <gpxdata:hr>183</gpxdata:hr>
     <gpxdata:distance>8732.00</gpxdata:distance>
     <gpxdata:cadence>91</gpxdata:cadence>
     <gpxdata:speed>3.939</gpxdata:speed>
    </extensions>
   </trkpt>
   <trkpt lat="25.1995898" lon="121.6793451">
    <ele>23</ele>
    <time>2026-03-14T23:26:48Z</time>
    <extensions>
     <gpxdata:hr>182</gpxdata:hr>
     <gpxdata:distance>8735.50</gpxdata:distance>
     <gpxdata:cadence>91</gpxdata:cadence>
     <gpxdata:speed>3.939</gpxdata:speed>
    </extensions>
   </trkpt>
   <trkpt lat="25.1995551" lon="121.6793603">
    <ele>23</ele>
    <time>2026-03-14T23:26:49Z</time>
    <extensions>
     <gpxdata:hr>182</gpxdata:hr>
     <gpxdata:distance>8739.00</gpxdata:distance>
     <gpxdata:cadence>91</gpxdata:cadence>
     <gpxdata:speed>3.939</gpxdata:speed>
    </extensions>
   </trkpt>
   <trkpt lat="25.1995204" lon="121.6793756">
    <ele>23</ele>
    <time>2026-03-14T23:26:50Z</time>
    <extensions>
     <gpxdata:hr>182</gpxdata:hr>
     <gpxdata:distance>8743.00</gpxdata:distance>
     <gpxdata:cadence>91</gpxdata:cadence>
     <gpxdata:speed>3.953</gpxdata:speed>
    </extensions>
   </trkpt>
   <trkpt lat="25.1994862" lon="121.6793924">
    <ele>23</ele>
    <time>2026-03-14T23:26:51Z</time>
    <extensions>
     <gpxdata:hr>183</gpxdata:hr>
     <gpxdata:distance>8747.00</gpxdata:distance>
     <gpxdata:cadence>91</gpxdata:cadence>
     <gpxdata:speed>3.969</gpxdata:speed>
    </extensions>
   </trkpt>
   <trkpt lat="25.1994520" lon="121.6794092">
    <ele>23</ele>
    <time>2026-03-14T23:26:52Z</time>
    <extensions>
     <gpxdata:hr>183</gpxdata:hr>
     <gpxdata:distance>8751.00</gpxdata:distance>
     <gpxdata:cadence>91</gpxdata:cadence>
     <gpxdata:speed>3.969</gpxdata:speed>
    </extensions>
   </trkpt>
   <trkpt lat="25.1994202" lon="121.6794312">
    <ele>23</ele>
    <time>2026-03-14T23:26:53Z</time>
    <extensions>
     <gpxdata:hr>182</gpxdata:hr>
     <gpxdata:distance>8755.00</gpxdata:distance>
     <gpxdata:cadence>91</gpxdata:cadence>
     <gpxdata:speed>3.972</gpxdata:speed>
    </extensions>
   </trkpt>
   <trkpt lat="25.1993885" lon="121.6794533">
    <ele>23</ele>
    <time>2026-03-14T23:26:54Z</time>
    <extensions>
     <gpxdata:hr>182</gpxdata:hr>
     <gpxdata:distance>8759.00</gpxdata:distance>
     <gpxdata:cadence>91</gpxdata:cadence>
     <gpxdata:speed>3.972</gpxdata:speed>
    </extensions>
   </trkpt>
   <trkpt lat="25.1993568" lon="121.6794755">
    <ele>23</ele>
    <time>2026-03-14T23:26:55Z</time>
    <extensions>
     <gpxdata:hr>182</gpxdata:hr>
     <gpxdata:distance>8763.00</gpxdata:distance>
     <gpxdata:cadence>91</gpxdata:cadence>
     <gpxdata:speed>3.972</gpxdata:speed>
    </extensions>
   </trkpt>
   <trkpt lat="25.1993251" lon="121.6794977">
    <ele>23</ele>
    <time>2026-03-14T23:26:56Z</time>
    <extensions>
     <gpxdata:hr>183</gpxdata:hr>
     <gpxdata:distance>8767.00</gpxdata:distance>
     <gpxdata:cadence>91</gpxdata:cadence>
     <gpxdata:speed>3.972</gpxdata:speed>
    </extensions>
   </trkpt>
   <trkpt lat="25.1992912" lon="121.6795156">
    <ele>23</ele>
    <time>2026-03-14T23:26:57Z</time>
    <extensions>
     <gpxdata:hr>182</gpxdata:hr>
     <gpxdata:distance>8771.00</gpxdata:distance>
     <gpxdata:cadence>91</gpxdata:cadence>
     <gpxdata:speed>3.972</gpxdata:speed>
    </extensions>
   </trkpt>
   <trkpt lat="25.1992574" lon="121.6795335">
    <ele>23</ele>
    <time>2026-03-14T23:26:58Z</time>
    <extensions>
     <gpxdata:hr>183</gpxdata:hr>
     <gpxdata:distance>8775.00</gpxdata:distance>
     <gpxdata:cadence>91</gpxdata:cadence>
     <gpxdata:speed>3.972</gpxdata:speed>
    </extensions>
   </trkpt>
   <trkpt lat="25.1992225" lon="121.6795488">
    <ele>23</ele>
    <time>2026-03-14T23:26:59Z</time>
    <extensions>
     <gpxdata:hr>183</gpxdata:hr>
     <gpxdata:distance>8779.00</gpxdata:distance>
     <gpxdata:cadence>91</gpxdata:cadence>
     <gpxdata:speed>3.972</gpxdata:speed>
    </extensions>
   </trkpt>
   <trkpt lat="25.1991877" lon="121.6795641">
    <ele>23</ele>
    <time>2026-03-14T23:27:00Z</time>
    <extensions>
     <gpxdata:hr>184</gpxdata:hr>
     <gpxdata:distance>8783.00</gpxdata:distance>
     <gpxdata:cadence>91</gpxdata:cadence>
     <gpxdata:speed>3.961</gpxdata:speed>
    </extensions>
   </trkpt>
   <trkpt lat="25.1991536" lon="121.6795812">
    <ele>23</ele>
    <time>2026-03-14T23:27:01Z</time>
    <extensions>
     <gpxdata:hr>184</gpxdata:hr>
     <gpxdata:distance>8787.00</gpxdata:distance>
     <gpxdata:cadence>91</gpxdata:cadence>
     <gpxdata:speed>3.953</gpxdata:speed>
    </extensions>
   </trkpt>
   <trkpt lat="25.1991195" lon="121.6795984">
    <ele>23</ele>
    <time>2026-03-14T23:27:02Z</time>
    <extensions>
     <gpxdata:hr>184</gpxdata:hr>
     <gpxdata:distance>8791.00</gpxdata:distance>
     <gpxdata:cadence>91</gpxdata:cadence>
     <gpxdata:speed>3.947</gpxdata:speed>
    </extensions>
   </trkpt>
   <trkpt lat="25.1990875" lon="121.6796196">
    <ele>23</ele>
    <time>2026-03-14T23:27:03Z</time>
    <extensions>
     <gpxdata:hr>183</gpxdata:hr>
     <gpxdata:distance>8795.00</gpxdata:distance>
     <gpxdata:cadence>91</gpxdata:cadence>
     <gpxdata:speed>3.942</gpxdata:speed>
    </extensions>
   </trkpt>
   <trkpt lat="25.1990556" lon="121.6796409">
    <ele>23</ele>
    <time>2026-03-14T23:27:04Z</time>
    <extensions>
     <gpxdata:hr>184</gpxdata:hr>
     <gpxdata:distance>8799.00</gpxdata:distance>
     <gpxdata:cadence>91</gpxdata:cadence>
     <gpxdata:speed>3.939</gpxdata:speed>
    </extensions>
   </trkpt>
   <trkpt lat="25.1990200" lon="121.6796352">
    <ele>24</ele>
    <time>2026-03-14T23:27:05Z</time>
    <extensions>
     <gpxdata:hr>183</gpxdata:hr>
     <gpxdata:distance>8803.00</gpxdata:distance>
     <gpxdata:cadence>91</gpxdata:cadence>
     <gpxdata:speed>3.939</gpxdata:speed>
    </extensions>
   </trkpt>
   <trkpt lat="25.1989844" lon="121.6796295">
    <ele>24</ele>
    <time>2026-03-14T23:27:06Z</time>
    <extensions>
     <gpxdata:hr>183</gpxdata:hr>
     <gpxdata:distance>8807.00</gpxdata:distance>
     <gpxdata:cadence>91</gpxdata:cadence>
     <gpxdata:speed>3.939</gpxdata:speed>
    </extensions>
   </trkpt>
   <trkpt lat="25.1989505" lon="121.6796466">
    <ele>24</ele>
    <time>2026-03-14T23:27:07Z</time>
    <extensions>
     <gpxdata:hr>182</gpxdata:hr>
     <gpxdata:distance>8811.00</gpxdata:distance>
     <gpxdata:cadence>91</gpxdata:cadence>
     <gpxdata:speed>3.939</gpxdata:speed>
    </extensions>
   </trkpt>
   <trkpt lat="25.1989167" lon="121.6796637">
    <ele>24</ele>
    <time>2026-03-14T23:27:08Z</time>
    <extensions>
     <gpxdata:hr>182</gpxdata:hr>
     <gpxdata:distance>8815.00</gpxdata:distance>
     <gpxdata:cadence>91</gpxdata:cadence>
     <gpxdata:speed>3.953</gpxdata:speed>
    </extensions>
   </trkpt>
   <trkpt lat="25.1988817" lon="121.6796763">
    <ele>24</ele>
    <time>2026-03-14T23:27:09Z</time>
    <extensions>
     <gpxdata:hr>182</gpxdata:hr>
     <gpxdata:distance>8819.00</gpxdata:distance>
     <gpxdata:cadence>91</gpxdata:cadence>
     <gpxdata:speed>3.969</gpxdata:speed>
    </extensions>
   </trkpt>
   <trkpt lat="25.1988467" lon="121.6796890">
    <ele>24</ele>
    <time>2026-03-14T23:27:10Z</time>
    <extensions>
     <gpxdata:hr>182</gpxdata:hr>
     <gpxdata:distance>8823.00</gpxdata:distance>
     <gpxdata:cadence>92</gpxdata:cadence>
     <gpxdata:speed>3.969</gpxdata:speed>
    </extensions>
   </trkpt>
   <trkpt lat="25.1988091" lon="121.6796908">
    <ele>24</ele>
    <time>2026-03-14T23:27:11Z</time>
    <extensions>
     <gpxdata:hr>182</gpxdata:hr>
     <gpxdata:distance>8827.00</gpxdata:distance>
     <gpxdata:cadence>92</gpxdata:cadence>
     <gpxdata:speed>3.972</gpxdata:speed>
    </extensions>
   </trkpt>
   <trkpt lat="25.1987716" lon="121.6796926">
    <ele>24</ele>
    <time>2026-03-14T23:27:12Z</time>
    <extensions>
     <gpxdata:hr>181</gpxdata:hr>
     <gpxdata:distance>8831.00</gpxdata:distance>
     <gpxdata:cadence>92</gpxdata:cadence>
     <gpxdata:speed>4.000</gpxdata:speed>
    </extensions>
   </trkpt>
   <trkpt lat="25.1987400" lon="121.6797156">
    <ele>24</ele>
    <time>2026-03-14T23:27:13Z</time>
    <extensions>
     <gpxdata:hr>181</gpxdata:hr>
     <gpxdata:distance>8835.00</gpxdata:distance>
     <gpxdata:cadence>92</gpxdata:cadence>
     <gpxdata:speed>4.031</gpxdata:speed>
    </extensions>
   </trkpt>
   <trkpt lat="25.1987084" lon="121.6797387">
    <ele>24</ele>
    <time>2026-03-14T23:27:14Z</time>
    <extensions>
     <gpxdata:hr>181</gpxdata:hr>
     <gpxdata:distance>8839.00</gpxdata:distance>
     <gpxdata:cadence>92</gpxdata:cadence>
     <gpxdata:speed>4.033</gpxdata:speed>
    </extensions>
   </trkpt>
   <trkpt lat="25.1986766" lon="121.6797617">
    <ele>24</ele>
    <time>2026-03-14T23:27:15Z</time>
    <extensions>
     <gpxdata:hr>182</gpxdata:hr>
     <gpxdata:distance>8843.00</gpxdata:distance>
     <gpxdata:cadence>92</gpxdata:cadence>
     <gpxdata:speed>4.039</gpxdata:speed>
    </extensions>
   </trkpt>
   <trkpt lat="25.1986449" lon="121.6797847">
    <ele>24</ele>
    <time>2026-03-14T23:27:16Z</time>
    <extensions>
     <gpxdata:hr>182</gpxdata:hr>
     <gpxdata:distance>8847.00</gpxdata:distance>
     <gpxdata:cadence>92</gpxdata:cadence>
     <gpxdata:speed>4.039</gpxdata:speed>
    </extensions>
   </trkpt>
   <trkpt lat="25.1986131" lon="121.6798078">
    <ele>24</ele>
    <time>2026-03-14T23:27:17Z</time>
    <extensions>
     <gpxdata:hr>182</gpxdata:hr>
     <gpxdata:distance>8851.00</gpxdata:distance>
     <gpxdata:cadence>92</gpxdata:cadence>
     <gpxdata:speed>4.042</gpxdata:speed>
    </extensions>
   </trkpt>
   <trkpt lat="25.1985814" lon="121.6798309">
    <ele>24</ele>
    <time>2026-03-14T23:27:18Z</time>
    <extensions>
     <gpxdata:hr>181</gpxdata:hr>
     <gpxdata:distance>8855.00</gpxdata:distance>
     <gpxdata:cadence>92</gpxdata:cadence>
     <gpxdata:speed>4.042</gpxdata:speed>
    </extensions>
   </trkpt>
   <trkpt lat="25.1985468" lon="121.6798483">
    <ele>24</ele>
    <time>2026-03-14T23:27:19Z</time>
    <extensions>
     <gpxdata:hr>181</gpxdata:hr>
     <gpxdata:distance>8859.00</gpxdata:distance>
     <gpxdata:cadence>92</gpxdata:cadence>
     <gpxdata:speed>4.042</gpxdata:speed>
    </extensions>
   </trkpt>
   <trkpt lat="25.1985123" lon="121.6798657">
    <ele>24</ele>
    <time>2026-03-14T23:27:20Z</time>
    <extensions>
     <gpxdata:hr>180</gpxdata:hr>
     <gpxdata:distance>8863.00</gpxdata:distance>
     <gpxdata:cadence>92</gpxdata:cadence>
     <gpxdata:speed>4.042</gpxdata:speed>
    </extensions>
   </trkpt>
   <trkpt lat="25.1984783" lon="121.6798846">
    <ele>24</ele>
    <time>2026-03-14T23:27:21Z</time>
    <extensions>
     <gpxdata:hr>180</gpxdata:hr>
     <gpxdata:distance>8867.00</gpxdata:distance>
     <gpxdata:cadence>92</gpxdata:cadence>
     <gpxdata:speed>4.042</gpxdata:speed>
    </extensions>
   </trkpt>
   <trkpt lat="25.1984444" lon="121.6799035">
    <ele>24</ele>
    <time>2026-03-14T23:27:22Z</time>
    <extensions>
     <gpxdata:hr>180</gpxdata:hr>
     <gpxdata:distance>8871.00</gpxdata:distance>
     <gpxdata:cadence>92</gpxdata:cadence>
     <gpxdata:speed>4.042</gpxdata:speed>
    </extensions>
   </trkpt>
   <trkpt lat="25.1984136" lon="121.6799281">
    <ele>24</ele>
    <time>2026-03-14T23:27:23Z</time>
    <extensions>
     <gpxdata:hr>181</gpxdata:hr>
     <gpxdata:distance>8875.00</gpxdata:distance>
     <gpxdata:cadence>92</gpxdata:cadence>
     <gpxdata:speed>4.042</gpxdata:speed>
    </extensions>
   </trkpt>
   <trkpt lat="25.1983828" lon="121.6799527">
    <ele>24</ele>
    <time>2026-03-14T23:27:24Z</time>
    <extensions>
     <gpxdata:hr>181</gpxdata:hr>
     <gpxdata:distance>8879.00</gpxdata:distance>
     <gpxdata:cadence>92</gpxdata:cadence>
     <gpxdata:speed>4.042</gpxdata:speed>
    </extensions>
   </trkpt>
   <trkpt lat="25.1983518" lon="121.6799770">
    <ele>24</ele>
    <time>2026-03-14T23:27:25Z</time>
    <extensions>
     <gpxdata:hr>181</gpxdata:hr>
     <gpxdata:distance>8883.00</gpxdata:distance>
     <gpxdata:cadence>92</gpxdata:cadence>
     <gpxdata:speed>4.042</gpxdata:speed>
    </extensions>
   </trkpt>
   <trkpt lat="25.1983209" lon="121.6800014">
    <ele>24</ele>
    <time>2026-03-14T23:27:26Z</time>
    <extensions>
     <gpxdata:hr>181</gpxdata:hr>
     <gpxdata:distance>8887.00</gpxdata:distance>
     <gpxdata:cadence>92</gpxdata:cadence>
     <gpxdata:speed>4.050</gpxdata:speed>
    </extensions>
   </trkpt>
   <trkpt lat="25.1982873" lon="121.6800210">
    <ele>24</ele>
    <time>2026-03-14T23:27:27Z</time>
    <extensions>
     <gpxdata:hr>180</gpxdata:hr>
     <gpxdata:distance>8891.00</gpxdata:distance>
     <gpxdata:cadence>93</gpxdata:cadence>
     <gpxdata:speed>4.061</gpxdata:speed>
    </extensions>
   </trkpt>
   <trkpt lat="25.1982537" lon="121.6800406">
    <ele>24</ele>
    <time>2026-03-14T23:27:28Z</time>
    <extensions>
     <gpxdata:hr>180</gpxdata:hr>
     <gpxdata:distance>8895.00</gpxdata:distance>
     <gpxdata:cadence>93</gpxdata:cadence>
     <gpxdata:speed>4.078</gpxdata:speed>
    </extensions>
   </trkpt>
   <trkpt lat="25.1982173" lon="121.6800539">
    <ele>24</ele>
    <time>2026-03-14T23:27:29Z</time>
    <extensions>
     <gpxdata:hr>180</gpxdata:hr>
     <gpxdata:distance>8899.00</gpxdata:distance>
     <gpxdata:cadence>93</gpxdata:cadence>
     <gpxdata:speed>4.094</gpxdata:speed>
    </extensions>
   </trkpt>
   <trkpt lat="25.1981809" lon="121.6800672">
    <ele>24</ele>
    <time>2026-03-14T23:27:30Z</time>
    <extensions>
     <gpxdata:hr>180</gpxdata:hr>
     <gpxdata:distance>8903.00</gpxdata:distance>
     <gpxdata:cadence>93</gpxdata:cadence>
     <gpxdata:speed>4.086</gpxdata:speed>
    </extensions>
   </trkpt>
   <trkpt lat="25.1981471" lon="121.6800869">
    <ele>24</ele>
    <time>2026-03-14T23:27:31Z</time>
    <extensions>
     <gpxdata:hr>181</gpxdata:hr>
     <gpxdata:distance>8907.00</gpxdata:distance>
     <gpxdata:cadence>92</gpxdata:cadence>
     <gpxdata:speed>4.078</gpxdata:speed>
    </extensions>
   </trkpt>
   <trkpt lat="25.1981134" lon="121.6801067">
    <ele>24</ele>
    <time>2026-03-14T23:27:32Z</time>
    <extensions>
     <gpxdata:hr>180</gpxdata:hr>
     <gpxdata:distance>8911.50</gpxdata:distance>
     <gpxdata:cadence>92</gpxdata:cadence>
     <gpxdata:speed>4.050</gpxdata:speed>
    </extensions>
   </trkpt>
   <trkpt lat="25.1980814" lon="121.6801295">
    <ele>24</ele>
    <time>2026-03-14T23:27:33Z</time>
    <extensions>
     <gpxdata:hr>181</gpxdata:hr>
     <gpxdata:distance>8916.00</gpxdata:distance>
     <gpxdata:cadence>92</gpxdata:cadence>
     <gpxdata:speed>4.025</gpxdata:speed>
    </extensions>
   </trkpt>
   <trkpt lat="25.1980494" lon="121.6801523">
    <ele>24</ele>
    <time>2026-03-14T23:27:34Z</time>
    <extensions>
     <gpxdata:hr>181</gpxdata:hr>
     <gpxdata:distance>8920.00</gpxdata:distance>
     <gpxdata:cadence>91</gpxdata:cadence>
     <gpxdata:speed>3.992</gpxdata:speed>
    </extensions>
   </trkpt>
   <trkpt lat="25.1980184" lon="121.6801758">
    <ele>24</ele>
    <time>2026-03-14T23:27:35Z</time>
    <extensions>
     <gpxdata:hr>180</gpxdata:hr>
     <gpxdata:distance>8924.00</gpxdata:distance>
     <gpxdata:cadence>91</gpxdata:cadence>
     <gpxdata:speed>3.961</gpxdata:speed>
    </extensions>
   </trkpt>
   <trkpt lat="25.1979875" lon="121.6801994">
    <ele>24</ele>
    <time>2026-03-14T23:27:36Z</time>
    <extensions>
     <gpxdata:hr>180</gpxdata:hr>
     <gpxdata:distance>8928.00</gpxdata:distance>
     <gpxdata:cadence>91</gpxdata:cadence>
     <gpxdata:speed>3.961</gpxdata:speed>
    </extensions>
   </trkpt>
   <trkpt lat="25.1979539" lon="121.6802177">
    <ele>24</ele>
    <time>2026-03-14T23:27:37Z</time>
    <extensions>
     <gpxdata:hr>179</gpxdata:hr>
     <gpxdata:distance>8932.00</gpxdata:distance>
     <gpxdata:cadence>91</gpxdata:cadence>
     <gpxdata:speed>3.964</gpxdata:speed>
    </extensions>
   </trkpt>
   <trkpt lat="25.1979204" lon="121.6802361">
    <ele>24</ele>
    <time>2026-03-14T23:27:38Z</time>
    <extensions>
     <gpxdata:hr>179</gpxdata:hr>
     <gpxdata:distance>8935.50</gpxdata:distance>
     <gpxdata:cadence>91</gpxdata:cadence>
     <gpxdata:speed>3.978</gpxdata:speed>
    </extensions>
   </trkpt>
   <trkpt lat="25.1978865" lon="121.6802540">
    <ele>24</ele>
    <time>2026-03-14T23:27:39Z</time>
    <extensions>
     <gpxdata:hr>178</gpxdata:hr>
     <gpxdata:distance>8939.00</gpxdata:distance>
     <gpxdata:cadence>92</gpxdata:cadence>
     <gpxdata:speed>3.992</gpxdata:speed>
    </extensions>
   </trkpt>
   <trkpt lat="25.1978527" lon="121.6802719">
    <ele>24</ele>
    <time>2026-03-14T23:27:40Z</time>
    <extensions>
     <gpxdata:hr>178</gpxdata:hr>
     <gpxdata:distance>8943.00</gpxdata:distance>
     <gpxdata:cadence>92</gpxdata:cadence>
     <gpxdata:speed>3.997</gpxdata:speed>
    </extensions>
   </trkpt>
   <trkpt lat="25.1978195" lon="121.6802918">
    <ele>24</ele>
    <time>2026-03-14T23:27:41Z</time>
    <extensions>
     <gpxdata:hr>177</gpxdata:hr>
     <gpxdata:distance>8947.00</gpxdata:distance>
     <gpxdata:cadence>92</gpxdata:cadence>
     <gpxdata:speed>4.006</gpxdata:speed>
    </extensions>
   </trkpt>
   <trkpt lat="25.1977863" lon="121.6803117">
    <ele>24</ele>
    <time>2026-03-14T23:27:42Z</time>
    <extensions>
     <gpxdata:hr>177</gpxdata:hr>
     <gpxdata:distance>8951.00</gpxdata:distance>
     <gpxdata:cadence>91</gpxdata:cadence>
     <gpxdata:speed>4.006</gpxdata:speed>
    </extensions>
   </trkpt>
   <trkpt lat="25.1977555" lon="121.6803357">
    <ele>24</ele>
    <time>2026-03-14T23:27:43Z</time>
    <extensions>
     <gpxdata:hr>176</gpxdata:hr>
     <gpxdata:distance>8955.00</gpxdata:distance>
     <gpxdata:cadence>91</gpxdata:cadence>
     <gpxdata:speed>4.006</gpxdata:speed>
    </extensions>
   </trkpt>
   <trkpt lat="25.1977248" lon="121.6803597">
    <ele>24</ele>
    <time>2026-03-14T23:27:44Z</time>
    <extensions>
     <gpxdata:hr>176</gpxdata:hr>
     <gpxdata:distance>8959.00</gpxdata:distance>
     <gpxdata:cadence>91</gpxdata:cadence>
     <gpxdata:speed>3.992</gpxdata:speed>
    </extensions>
   </trkpt>
   <trkpt lat="25.1976918" lon="121.6803794">
    <ele>24</ele>
    <time>2026-03-14T23:27:45Z</time>
    <extensions>
     <gpxdata:hr>176</gpxdata:hr>
     <gpxdata:distance>8963.00</gpxdata:distance>
     <gpxdata:cadence>91</gpxdata:cadence>
     <gpxdata:speed>3.978</gpxdata:speed>
    </extensions>
   </trkpt>
   <trkpt lat="25.1976589" lon="121.6803992">
    <ele>24</ele>
    <time>2026-03-14T23:27:46Z</time>
    <extensions>
     <gpxdata:hr>175</gpxdata:hr>
     <gpxdata:distance>8967.00</gpxdata:distance>
     <gpxdata:cadence>91</gpxdata:cadence>
     <gpxdata:speed>3.986</gpxdata:speed>
    </extensions>
   </trkpt>
   <trkpt lat="25.1976247" lon="121.6804165">
    <ele>24</ele>
    <time>2026-03-14T23:27:47Z</time>
    <extensions>
     <gpxdata:hr>175</gpxdata:hr>
     <gpxdata:distance>8971.00</gpxdata:distance>
     <gpxdata:cadence>92</gpxdata:cadence>
     <gpxdata:speed>3.994</gpxdata:speed>
    </extensions>
   </trkpt>
   <trkpt lat="25.1975905" lon="121.6804338">
    <ele>24</ele>
    <time>2026-03-14T23:27:48Z</time>
    <extensions>
     <gpxdata:hr>174</gpxdata:hr>
     <gpxdata:distance>8975.00</gpxdata:distance>
     <gpxdata:cadence>92</gpxdata:cadence>
     <gpxdata:speed>4.000</gpxdata:speed>
    </extensions>
   </trkpt>
   <trkpt lat="25.1975566" lon="121.6804521">
    <ele>24</ele>
    <time>2026-03-14T23:27:49Z</time>
    <extensions>
     <gpxdata:hr>174</gpxdata:hr>
     <gpxdata:distance>8979.00</gpxdata:distance>
     <gpxdata:cadence>92</gpxdata:cadence>
     <gpxdata:speed>4.006</gpxdata:speed>
    </extensions>
   </trkpt>
   <trkpt lat="25.1975227" lon="121.6804704">
    <ele>24</ele>
    <time>2026-03-14T23:27:50Z</time>
    <extensions>
     <gpxdata:hr>174</gpxdata:hr>
     <gpxdata:distance>8983.00</gpxdata:distance>
     <gpxdata:cadence>92</gpxdata:cadence>
     <gpxdata:speed>4.006</gpxdata:speed>
    </extensions>
   </trkpt>
   <trkpt lat="25.1974917" lon="121.6804939">
    <ele>24</ele>
    <time>2026-03-14T23:27:51Z</time>
    <extensions>
     <gpxdata:hr>175</gpxdata:hr>
     <gpxdata:distance>8987.00</gpxdata:distance>
     <gpxdata:cadence>92</gpxdata:cadence>
     <gpxdata:speed>4.006</gpxdata:speed>
    </extensions>
   </trkpt>
   <trkpt lat="25.1974608" lon="121.6805175">
    <ele>24</ele>
    <time>2026-03-14T23:27:52Z</time>
    <extensions>
     <gpxdata:hr>175</gpxdata:hr>
     <gpxdata:distance>8991.00</gpxdata:distance>
     <gpxdata:cadence>92</gpxdata:cadence>
     <gpxdata:speed>4.006</gpxdata:speed>
    </extensions>
   </trkpt>
   <trkpt lat="25.1974295" lon="121.6805408">
    <ele>24</ele>
    <time>2026-03-14T23:27:53Z</time>
    <extensions>
     <gpxdata:hr>175</gpxdata:hr>
     <gpxdata:distance>8995.00</gpxdata:distance>
     <gpxdata:cadence>92</gpxdata:cadence>
     <gpxdata:speed>4.008</gpxdata:speed>
    </extensions>
   </trkpt>
   <trkpt lat="25.1973983" lon="121.6805642">
    <ele>24</ele>
    <time>2026-03-14T23:27:54Z</time>
    <extensions>
     <gpxdata:hr>176</gpxdata:hr>
     <gpxdata:distance>8999.00</gpxdata:distance>
     <gpxdata:cadence>92</gpxdata:cadence>
     <gpxdata:speed>3.992</gpxdata:speed>
    </extensions>
   </trkpt>
   <trkpt lat="25.1973631" lon="121.6805789">
    <ele>24</ele>
    <time>2026-03-14T23:27:55Z</time>
    <extensions>
     <gpxdata:hr>176</gpxdata:hr>
     <gpxdata:distance>9003.00</gpxdata:distance>
     <gpxdata:cadence>92</gpxdata:cadence>
     <gpxdata:speed>3.978</gpxdata:speed>
    </extensions>
   </trkpt>
   <trkpt lat="25.1973279" lon="121.6805936">
    <ele>24</ele>
    <time>2026-03-14T23:27:56Z</time>
    <extensions>
     <gpxdata:hr>176</gpxdata:hr>
     <gpxdata:distance>9007.00</gpxdata:distance>
     <gpxdata:cadence>92</gpxdata:cadence>
     <gpxdata:speed>3.989</gpxdata:speed>
    </extensions>
   </trkpt>
   <trkpt lat="25.1972936" lon="121.6806106">
    <ele>24</ele>
    <time>2026-03-14T23:27:57Z</time>
    <extensions>
     <gpxdata:hr>176</gpxdata:hr>
     <gpxdata:distance>9011.00</gpxdata:distance>
     <gpxdata:cadence>92</gpxdata:cadence>
     <gpxdata:speed>4.003</gpxdata:speed>
    </extensions>
   </trkpt>
   <trkpt lat="25.1972593" lon="121.6806277">
    <ele>24</ele>
    <time>2026-03-14T23:27:58Z</time>
    <extensions>
     <gpxdata:hr>175</gpxdata:hr>
     <gpxdata:distance>9015.00</gpxdata:distance>
     <gpxdata:cadence>91</gpxdata:cadence>
     <gpxdata:speed>3.994</gpxdata:speed>
    </extensions>
   </trkpt>
   <trkpt lat="25.1972266" lon="121.6806482">
    <ele>24</ele>
    <time>2026-03-14T23:27:59Z</time>
    <extensions>
     <gpxdata:hr>175</gpxdata:hr>
     <gpxdata:distance>9019.00</gpxdata:distance>
     <gpxdata:cadence>91</gpxdata:cadence>
     <gpxdata:speed>3.986</gpxdata:speed>
    </extensions>
   </trkpt>
   <trkpt lat="25.1971940" lon="121.6806688">
    <ele>24</ele>
    <time>2026-03-14T23:28:00Z</time>
    <extensions>
     <gpxdata:hr>175</gpxdata:hr>
     <gpxdata:distance>9023.00</gpxdata:distance>
     <gpxdata:cadence>91</gpxdata:cadence>
     <gpxdata:speed>3.969</gpxdata:speed>
    </extensions>
   </trkpt>
   <trkpt lat="25.1971622" lon="121.6806908">
    <ele>24</ele>
    <time>2026-03-14T23:28:01Z</time>
    <extensions>
     <gpxdata:hr>175</gpxdata:hr>
     <gpxdata:distance>9027.00</gpxdata:distance>
     <gpxdata:cadence>91</gpxdata:cadence>
     <gpxdata:speed>3.956</gpxdata:speed>
    </extensions>
   </trkpt>
   <trkpt lat="25.1971305" lon="121.6807128">
    <ele>24</ele>
    <time>2026-03-14T23:28:02Z</time>
    <extensions>
     <gpxdata:hr>174</gpxdata:hr>
     <gpxdata:distance>9031.00</gpxdata:distance>
     <gpxdata:cadence>90</gpxdata:cadence>
     <gpxdata:speed>3.939</gpxdata:speed>
    </extensions>
   </trkpt>
   <trkpt lat="25.1970968" lon="121.6807305">
    <ele>24</ele>
    <time>2026-03-14T23:28:03Z</time>
    <extensions>
     <gpxdata:hr>174</gpxdata:hr>
     <gpxdata:distance>9035.00</gpxdata:distance>
     <gpxdata:cadence>90</gpxdata:cadence>
     <gpxdata:speed>3.922</gpxdata:speed>
    </extensions>
   </trkpt>
   <trkpt lat="25.1970631" lon="121.6807482">
    <ele>24</ele>
    <time>2026-03-14T23:28:04Z</time>
    <extensions>
     <gpxdata:hr>174</gpxdata:hr>
     <gpxdata:distance>9039.00</gpxdata:distance>
     <gpxdata:cadence>90</gpxdata:cadence>
     <gpxdata:speed>3.914</gpxdata:speed>
    </extensions>
   </trkpt>
   <trkpt lat="25.1970297" lon="121.6807660">
    <ele>24</ele>
    <time>2026-03-14T23:28:05Z</time>
    <extensions>
     <gpxdata:hr>175</gpxdata:hr>
     <gpxdata:distance>9043.00</gpxdata:distance>
     <gpxdata:cadence>90</gpxdata:cadence>
     <gpxdata:speed>3.908</gpxdata:speed>
    </extensions>
   </trkpt>
   <trkpt lat="25.1969964" lon="121.6807839">
    <ele>24</ele>
    <time>2026-03-14T23:28:06Z</time>
    <extensions>
     <gpxdata:hr>175</gpxdata:hr>
     <gpxdata:distance>9047.00</gpxdata:distance>
     <gpxdata:cadence>90</gpxdata:cadence>
     <gpxdata:speed>3.906</gpxdata:speed>
    </extensions>
   </trkpt>
   <trkpt lat="25.1969625" lon="121.6808000">
    <ele>24</ele>
    <time>2026-03-14T23:28:07Z</time>
    <extensions>
     <gpxdata:hr>176</gpxdata:hr>
     <gpxdata:distance>9051.00</gpxdata:distance>
     <gpxdata:cadence>90</gpxdata:cadence>
     <gpxdata:speed>3.906</gpxdata:speed>
    </extensions>
   </trkpt>
   <trkpt lat="25.1969286" lon="121.6808161">
    <ele>24</ele>
    <time>2026-03-14T23:28:08Z</time>
    <extensions>
     <gpxdata:hr>176</gpxdata:hr>
     <gpxdata:distance>9055.00</gpxdata:distance>
     <gpxdata:cadence>90</gpxdata:cadence>
     <gpxdata:speed>3.917</gpxdata:speed>
    </extensions>
   </trkpt>
   <trkpt lat="25.1968980" lon="121.6808393">
    <ele>24</ele>
    <time>2026-03-14T23:28:09Z</time>
    <extensions>
     <gpxdata:hr>175</gpxdata:hr>
     <gpxdata:distance>9059.00</gpxdata:distance>
     <gpxdata:cadence>91</gpxdata:cadence>
     <gpxdata:speed>3.928</gpxdata:speed>
    </extensions>
   </trkpt>
   <trkpt lat="25.1968675" lon="121.6808625">
    <ele>24</ele>
    <time>2026-03-14T23:28:10Z</time>
    <extensions>
     <gpxdata:hr>175</gpxdata:hr>
     <gpxdata:distance>9063.00</gpxdata:distance>
     <gpxdata:cadence>91</gpxdata:cadence>
     <gpxdata:speed>3.933</gpxdata:speed>
    </extensions>
   </trkpt>
   <trkpt lat="25.1968341" lon="121.6808808">
    <ele>24</ele>
    <time>2026-03-14T23:28:11Z</time>
    <extensions>
     <gpxdata:hr>174</gpxdata:hr>
     <gpxdata:distance>9067.00</gpxdata:distance>
     <gpxdata:cadence>91</gpxdata:cadence>
     <gpxdata:speed>3.939</gpxdata:speed>
    </extensions>
   </trkpt>
   <trkpt lat="25.1968008" lon="121.6808991">
    <ele>24</ele>
    <time>2026-03-14T23:28:12Z</time>
    <extensions>
     <gpxdata:hr>174</gpxdata:hr>
     <gpxdata:distance>9071.00</gpxdata:distance>
     <gpxdata:cadence>91</gpxdata:cadence>
     <gpxdata:speed>3.953</gpxdata:speed>
    </extensions>
   </trkpt>
   <trkpt lat="25.1967667" lon="121.6809163">
    <ele>24</ele>
    <time>2026-03-14T23:28:13Z</time>
    <extensions>
     <gpxdata:hr>173</gpxdata:hr>
     <gpxdata:distance>9075.00</gpxdata:distance>
     <gpxdata:cadence>91</gpxdata:cadence>
     <gpxdata:speed>3.967</gpxdata:speed>
    </extensions>
   </trkpt>
   <trkpt lat="25.1967327" lon="121.6809336">
    <ele>24</ele>
    <time>2026-03-14T23:28:14Z</time>
    <extensions>
     <gpxdata:hr>173</gpxdata:hr>
     <gpxdata:distance>9078.50</gpxdata:distance>
     <gpxdata:cadence>91</gpxdata:cadence>
     <gpxdata:speed>3.944</gpxdata:speed>
    </extensions>
   </trkpt>
   <trkpt lat="25.1966994" lon="121.6809524">
    <ele>25</ele>
    <time>2026-03-14T23:28:15Z</time>
    <extensions>
     <gpxdata:hr>173</gpxdata:hr>
     <gpxdata:distance>9082.00</gpxdata:distance>
     <gpxdata:cadence>90</gpxdata:cadence>
     <gpxdata:speed>3.922</gpxdata:speed>
    </extensions>
   </trkpt>
   <trkpt lat="25.1966662" lon="121.6809712">
    <ele>24</ele>
    <time>2026-03-14T23:28:16Z</time>
    <extensions>
     <gpxdata:hr>173</gpxdata:hr>
     <gpxdata:distance>9086.00</gpxdata:distance>
     <gpxdata:cadence>90</gpxdata:cadence>
     <gpxdata:speed>3.906</gpxdata:speed>
    </extensions>
   </trkpt>
   <trkpt lat="25.1966342" lon="121.6809917">
    <ele>24</ele>
    <time>2026-03-14T23:28:17Z</time>
    <extensions>
     <gpxdata:hr>173</gpxdata:hr>
     <gpxdata:distance>9090.00</gpxdata:distance>
     <gpxdata:cadence>90</gpxdata:cadence>
     <gpxdata:speed>3.889</gpxdata:speed>
    </extensions>
   </trkpt>
   <trkpt lat="25.1966022" lon="121.6810123">
    <ele>24</ele>
    <time>2026-03-14T23:28:18Z</time>
    <extensions>
     <gpxdata:hr>174</gpxdata:hr>
     <gpxdata:distance>9094.00</gpxdata:distance>
     <gpxdata:cadence>89</gpxdata:cadence>
     <gpxdata:speed>3.881</gpxdata:speed>
    </extensions>
   </trkpt>
   <trkpt lat="25.1965678" lon="121.6810268">
    <ele>24</ele>
    <time>2026-03-14T23:28:19Z</time>
    <extensions>
     <gpxdata:hr>174</gpxdata:hr>
     <gpxdata:distance>9098.00</gpxdata:distance>
     <gpxdata:cadence>89</gpxdata:cadence>
     <gpxdata:speed>3.875</gpxdata:speed>
    </extensions>
   </trkpt>
   <trkpt lat="25.1965334" lon="121.6810413">
    <ele>24</ele>
    <time>2026-03-14T23:28:20Z</time>
    <extensions>
     <gpxdata:hr>174</gpxdata:hr>
     <gpxdata:distance>9102.00</gpxdata:distance>
     <gpxdata:cadence>89</gpxdata:cadence>
     <gpxdata:speed>3.858</gpxdata:speed>
    </extensions>
   </trkpt>
   <trkpt lat="25.1965004" lon="121.6810590">
    <ele>24</ele>
    <time>2026-03-14T23:28:21Z</time>
    <extensions>
     <gpxdata:hr>174</gpxdata:hr>
     <gpxdata:distance>9106.00</gpxdata:distance>
     <gpxdata:cadence>89</gpxdata:cadence>
     <gpxdata:speed>3.844</gpxdata:speed>
    </extensions>
   </trkpt>
   <trkpt lat="25.1964675" lon="121.6810767">
    <ele>24</ele>
    <time>2026-03-14T23:28:22Z</time>
    <extensions>
     <gpxdata:hr>175</gpxdata:hr>
     <gpxdata:distance>9110.00</gpxdata:distance>
     <gpxdata:cadence>89</gpxdata:cadence>
     <gpxdata:speed>3.856</gpxdata:speed>
    </extensions>
   </trkpt>
   <trkpt lat="25.1964373" lon="121.6810998">
    <ele>24</ele>
    <time>2026-03-14T23:28:23Z</time>
    <extensions>
     <gpxdata:hr>175</gpxdata:hr>
     <gpxdata:distance>9114.00</gpxdata:distance>
     <gpxdata:cadence>90</gpxdata:cadence>
     <gpxdata:speed>3.869</gpxdata:speed>
    </extensions>
   </trkpt>
   <trkpt lat="25.1964072" lon="121.6811230">
    <ele>24</ele>
    <time>2026-03-14T23:28:24Z</time>
    <extensions>
     <gpxdata:hr>176</gpxdata:hr>
     <gpxdata:distance>9117.50</gpxdata:distance>
     <gpxdata:cadence>90</gpxdata:cadence>
     <gpxdata:speed>3.869</gpxdata:speed>
    </extensions>
   </trkpt>
   <trkpt lat="25.1963766" lon="121.6811456">
    <ele>24</ele>
    <time>2026-03-14T23:28:25Z</time>
    <extensions>
     <gpxdata:hr>175</gpxdata:hr>
     <gpxdata:distance>9121.00</gpxdata:distance>
     <gpxdata:cadence>90</gpxdata:cadence>
     <gpxdata:speed>3.872</gpxdata:speed>
    </extensions>
   </trkpt>
   <trkpt lat="25.1963461" lon="121.6811682">
    <ele>24</ele>
    <time>2026-03-14T23:28:26Z</time>
    <extensions>
     <gpxdata:hr>175</gpxdata:hr>
     <gpxdata:distance>9125.00</gpxdata:distance>
     <gpxdata:cadence>90</gpxdata:cadence>
     <gpxdata:speed>3.886</gpxdata:speed>
    </extensions>
   </trkpt>
   <trkpt lat="25.1963131" lon="121.6811866">
    <ele>24</ele>
    <time>2026-03-14T23:28:27Z</time>
    <extensions>
     <gpxdata:hr>176</gpxdata:hr>
     <gpxdata:distance>9129.00</gpxdata:distance>
     <gpxdata:cadence>90</gpxdata:cadence>
     <gpxdata:speed>3.900</gpxdata:speed>
    </extensions>
   </trkpt>
   <trkpt lat="25.1962801" lon="121.6812051">
    <ele>24</ele>
    <time>2026-03-14T23:28:28Z</time>
    <extensions>
     <gpxdata:hr>177</gpxdata:hr>
     <gpxdata:distance>9133.00</gpxdata:distance>
     <gpxdata:cadence>90</gpxdata:cadence>
     <gpxdata:speed>3.903</gpxdata:speed>
    </extensions>
   </trkpt>
   <trkpt lat="25.1962483" lon="121.6812261">
    <ele>24</ele>
    <time>2026-03-14T23:28:29Z</time>
    <extensions>
     <gpxdata:hr>177</gpxdata:hr>
     <gpxdata:distance>9137.00</gpxdata:distance>
     <gpxdata:cadence>90</gpxdata:cadence>
     <gpxdata:speed>3.906</gpxdata:speed>
    </extensions>
   </trkpt>
   <trkpt lat="25.1962165" lon="121.6812471">
    <ele>24</ele>
    <time>2026-03-14T23:28:30Z</time>
    <extensions>
     <gpxdata:hr>177</gpxdata:hr>
     <gpxdata:distance>9141.00</gpxdata:distance>
     <gpxdata:cadence>90</gpxdata:cadence>
     <gpxdata:speed>3.917</gpxdata:speed>
    </extensions>
   </trkpt>
   <trkpt lat="25.1961863" lon="121.6812709">
    <ele>24</ele>
    <time>2026-03-14T23:28:31Z</time>
    <extensions>
     <gpxdata:hr>177</gpxdata:hr>
     <gpxdata:distance>9145.00</gpxdata:distance>
     <gpxdata:cadence>91</gpxdata:cadence>
     <gpxdata:speed>3.928</gpxdata:speed>
    </extensions>
   </trkpt>
   <trkpt lat="25.1961561" lon="121.6812947">
    <ele>24</ele>
    <time>2026-03-14T23:28:32Z</time>
    <extensions>
     <gpxdata:hr>177</gpxdata:hr>
     <gpxdata:distance>9149.00</gpxdata:distance>
     <gpxdata:cadence>91</gpxdata:cadence>
     <gpxdata:speed>3.942</gpxdata:speed>
    </extensions>
   </trkpt>
   <trkpt lat="25.1961250" lon="121.6813175">
    <ele>24</ele>
    <time>2026-03-14T23:28:33Z</time>
    <extensions>
     <gpxdata:hr>178</gpxdata:hr>
     <gpxdata:distance>9153.00</gpxdata:distance>
     <gpxdata:cadence>91</gpxdata:cadence>
     <gpxdata:speed>3.958</gpxdata:speed>
    </extensions>
   </trkpt>
   <trkpt lat="25.1960939" lon="121.6813403">
    <ele>24</ele>
    <time>2026-03-14T23:28:34Z</time>
    <extensions>
     <gpxdata:hr>177</gpxdata:hr>
     <gpxdata:distance>9156.50</gpxdata:distance>
     <gpxdata:cadence>91</gpxdata:cadence>
     <gpxdata:speed>3.953</gpxdata:speed>
    </extensions>
   </trkpt>
   <trkpt lat="25.1960609" lon="121.6813595">
    <ele>24</ele>
    <time>2026-03-14T23:28:35Z</time>
    <extensions>
     <gpxdata:hr>178</gpxdata:hr>
     <gpxdata:distance>9160.00</gpxdata:distance>
     <gpxdata:cadence>91</gpxdata:cadence>
     <gpxdata:speed>3.950</gpxdata:speed>
    </extensions>
   </trkpt>
   <trkpt lat="25.1960279" lon="121.6813788">
    <ele>24</ele>
    <time>2026-03-14T23:28:36Z</time>
    <extensions>
     <gpxdata:hr>177</gpxdata:hr>
     <gpxdata:distance>9164.00</gpxdata:distance>
     <gpxdata:cadence>91</gpxdata:cadence>
     <gpxdata:speed>3.944</gpxdata:speed>
    </extensions>
   </trkpt>
   <trkpt lat="25.1959942" lon="121.6813966">
    <ele>24</ele>
    <time>2026-03-14T23:28:37Z</time>
    <extensions>
     <gpxdata:hr>177</gpxdata:hr>
     <gpxdata:distance>9168.00</gpxdata:distance>
     <gpxdata:cadence>91</gpxdata:cadence>
     <gpxdata:speed>3.942</gpxdata:speed>
    </extensions>
   </trkpt>
   <trkpt lat="25.1959606" lon="121.6814145">
    <ele>24</ele>
    <time>2026-03-14T23:28:38Z</time>
    <extensions>
     <gpxdata:hr>176</gpxdata:hr>
     <gpxdata:distance>9172.00</gpxdata:distance>
     <gpxdata:cadence>90</gpxdata:cadence>
     <gpxdata:speed>3.931</gpxdata:speed>
    </extensions>
   </trkpt>
   <trkpt lat="25.1959303" lon="121.6814384">
    <ele>24</ele>
    <time>2026-03-14T23:28:39Z</time>
    <extensions>
     <gpxdata:hr>176</gpxdata:hr>
     <gpxdata:distance>9176.00</gpxdata:distance>
     <gpxdata:cadence>90</gpxdata:cadence>
     <gpxdata:speed>3.919</gpxdata:speed>
    </extensions>
   </trkpt>
   <trkpt lat="25.1959001" lon="121.6814623">
    <ele>24</ele>
    <time>2026-03-14T23:28:40Z</time>
    <extensions>
     <gpxdata:hr>176</gpxdata:hr>
     <gpxdata:distance>9180.00</gpxdata:distance>
     <gpxdata:cadence>90</gpxdata:cadence>
     <gpxdata:speed>3.914</gpxdata:speed>
    </extensions>
   </trkpt>
   <trkpt lat="25.1958745" lon="121.6814919">
    <ele>24</ele>
    <time>2026-03-14T23:28:41Z</time>
    <extensions>
     <gpxdata:hr>176</gpxdata:hr>
     <gpxdata:distance>9184.00</gpxdata:distance>
     <gpxdata:cadence>90</gpxdata:cadence>
     <gpxdata:speed>3.908</gpxdata:speed>
    </extensions>
   </trkpt>
   <trkpt lat="25.1958489" lon="121.6815215">
    <ele>24</ele>
    <time>2026-03-14T23:28:42Z</time>
    <extensions>
     <gpxdata:hr>177</gpxdata:hr>
     <gpxdata:distance>9188.00</gpxdata:distance>
     <gpxdata:cadence>90</gpxdata:cadence>
     <gpxdata:speed>3.917</gpxdata:speed>
    </extensions>
   </trkpt>
   <trkpt lat="25.1958172" lon="121.6815429">
    <ele>24</ele>
    <time>2026-03-14T23:28:43Z</time>
    <extensions>
     <gpxdata:hr>177</gpxdata:hr>
     <gpxdata:distance>9192.00</gpxdata:distance>
     <gpxdata:cadence>91</gpxdata:cadence>
     <gpxdata:speed>3.928</gpxdata:speed>
    </extensions>
   </trkpt>
   <trkpt lat="25.1957856" lon="121.6815644">
    <ele>24</ele>
    <time>2026-03-14T23:28:44Z</time>
    <extensions>
     <gpxdata:hr>176</gpxdata:hr>
     <gpxdata:distance>9196.00</gpxdata:distance>
     <gpxdata:cadence>91</gpxdata:cadence>
     <gpxdata:speed>3.933</gpxdata:speed>
    </extensions>
   </trkpt>
   <trkpt lat="25.1957522" lon="121.6815825">
    <ele>24</ele>
    <time>2026-03-14T23:28:45Z</time>
    <extensions>
     <gpxdata:hr>176</gpxdata:hr>
     <gpxdata:distance>9200.00</gpxdata:distance>
     <gpxdata:cadence>91</gpxdata:cadence>
     <gpxdata:speed>3.939</gpxdata:speed>
    </extensions>
   </trkpt>
   <trkpt lat="25.1957188" lon="121.6816006">
    <ele>24</ele>
    <time>2026-03-14T23:28:46Z</time>
    <extensions>
     <gpxdata:hr>176</gpxdata:hr>
     <gpxdata:distance>9204.00</gpxdata:distance>
     <gpxdata:cadence>90</gpxdata:cadence>
     <gpxdata:speed>3.939</gpxdata:speed>
    </extensions>
   </trkpt>
   <trkpt lat="25.1956894" lon="121.6816258">
    <ele>24</ele>
    <time>2026-03-14T23:28:47Z</time>
    <extensions>
     <gpxdata:hr>176</gpxdata:hr>
     <gpxdata:distance>9208.00</gpxdata:distance>
     <gpxdata:cadence>90</gpxdata:cadence>
     <gpxdata:speed>3.939</gpxdata:speed>
    </extensions>
   </trkpt>
   <trkpt lat="25.1956600" lon="121.6816510">
    <ele>24</ele>
    <time>2026-03-14T23:28:48Z</time>
    <extensions>
     <gpxdata:hr>176</gpxdata:hr>
     <gpxdata:distance>9211.50</gpxdata:distance>
     <gpxdata:cadence>90</gpxdata:cadence>
     <gpxdata:speed>3.925</gpxdata:speed>
    </extensions>
   </trkpt>
   <trkpt lat="25.1956303" lon="121.6816757">
    <ele>24</ele>
    <time>2026-03-14T23:28:49Z</time>
    <extensions>
     <gpxdata:hr>177</gpxdata:hr>
     <gpxdata:distance>9215.00</gpxdata:distance>
     <gpxdata:cadence>90</gpxdata:cadence>
     <gpxdata:speed>3.911</gpxdata:speed>
    </extensions>
   </trkpt>
   <trkpt lat="25.1956007" lon="121.6817004">
    <ele>24</ele>
    <time>2026-03-14T23:28:50Z</time>
    <extensions>
     <gpxdata:hr>177</gpxdata:hr>
     <gpxdata:distance>9219.00</gpxdata:distance>
     <gpxdata:cadence>90</gpxdata:cadence>
     <gpxdata:speed>3.908</gpxdata:speed>
    </extensions>
   </trkpt>
   <trkpt lat="25.1955695" lon="121.6817226">
    <ele>24</ele>
    <time>2026-03-14T23:28:51Z</time>
    <extensions>
     <gpxdata:hr>177</gpxdata:hr>
     <gpxdata:distance>9223.00</gpxdata:distance>
     <gpxdata:cadence>90</gpxdata:cadence>
     <gpxdata:speed>3.906</gpxdata:speed>
    </extensions>
   </trkpt>
   <trkpt lat="25.1955384" lon="121.6817448">
    <ele>24</ele>
    <time>2026-03-14T23:28:52Z</time>
    <extensions>
     <gpxdata:hr>177</gpxdata:hr>
     <gpxdata:distance>9227.00</gpxdata:distance>
     <gpxdata:cadence>90</gpxdata:cadence>
     <gpxdata:speed>3.917</gpxdata:speed>
    </extensions>
   </trkpt>
   <trkpt lat="25.1955037" lon="121.6817586">
    <ele>24</ele>
    <time>2026-03-14T23:28:53Z</time>
    <extensions>
     <gpxdata:hr>177</gpxdata:hr>
     <gpxdata:distance>9231.00</gpxdata:distance>
     <gpxdata:cadence>91</gpxdata:cadence>
     <gpxdata:speed>3.928</gpxdata:speed>
    </extensions>
   </trkpt>
   <trkpt lat="25.1954690" lon="121.6817725">
    <ele>24</ele>
    <time>2026-03-14T23:28:54Z</time>
    <extensions>
     <gpxdata:hr>176</gpxdata:hr>
     <gpxdata:distance>9235.00</gpxdata:distance>
     <gpxdata:cadence>91</gpxdata:cadence>
     <gpxdata:speed>3.947</gpxdata:speed>
    </extensions>
   </trkpt>
   <trkpt lat="25.1954345" lon="121.6817832">
    <ele>24</ele>
    <time>2026-03-14T23:28:55Z</time>
    <extensions>
     <gpxdata:hr>176</gpxdata:hr>
     <gpxdata:distance>9239.00</gpxdata:distance>
     <gpxdata:cadence>91</gpxdata:cadence>
     <gpxdata:speed>3.967</gpxdata:speed>
    </extensions>
   </trkpt>
   <trkpt lat="25.1954001" lon="121.6817940">
    <ele>24</ele>
    <time>2026-03-14T23:28:56Z</time>
    <extensions>
     <gpxdata:hr>176</gpxdata:hr>
     <gpxdata:distance>9243.00</gpxdata:distance>
     <gpxdata:cadence>91</gpxdata:cadence>
     <gpxdata:speed>3.983</gpxdata:speed>
    </extensions>
   </trkpt>
   <trkpt lat="25.1953693" lon="121.6818179">
    <ele>24</ele>
    <time>2026-03-14T23:28:57Z</time>
    <extensions>
     <gpxdata:hr>176</gpxdata:hr>
     <gpxdata:distance>9247.00</gpxdata:distance>
     <gpxdata:cadence>92</gpxdata:cadence>
     <gpxdata:speed>4.000</gpxdata:speed>
    </extensions>
   </trkpt>
   <trkpt lat="25.1953385" lon="121.6818418">
    <ele>24</ele>
    <time>2026-03-14T23:28:58Z</time>
    <extensions>
     <gpxdata:hr>176</gpxdata:hr>
     <gpxdata:distance>9251.00</gpxdata:distance>
     <gpxdata:cadence>92</gpxdata:cadence>
     <gpxdata:speed>4.003</gpxdata:speed>
    </extensions>
   </trkpt>
   <trkpt lat="25.1953085" lon="121.6818672">
    <ele>24</ele>
    <time>2026-03-14T23:28:59Z</time>
    <extensions>
     <gpxdata:hr>175</gpxdata:hr>
     <gpxdata:distance>9255.00</gpxdata:distance>
     <gpxdata:cadence>92</gpxdata:cadence>
     <gpxdata:speed>4.006</gpxdata:speed>
    </extensions>
   </trkpt>
   <trkpt lat="25.1952786" lon="121.6818927">
    <ele>24</ele>
    <time>2026-03-14T23:29:00Z</time>
    <extensions>
     <gpxdata:hr>174</gpxdata:hr>
     <gpxdata:distance>9259.00</gpxdata:distance>
     <gpxdata:cadence>92</gpxdata:cadence>
     <gpxdata:speed>4.006</gpxdata:speed>
    </extensions>
   </trkpt>
   <trkpt lat="25.1952462" lon="121.6819141">
    <ele>24</ele>
    <time>2026-03-14T23:29:01Z</time>
    <extensions>
     <gpxdata:hr>174</gpxdata:hr>
     <gpxdata:distance>9263.00</gpxdata:distance>
     <gpxdata:cadence>92</gpxdata:cadence>
     <gpxdata:speed>4.008</gpxdata:speed>
    </extensions>
   </trkpt>
   <trkpt lat="25.1952138" lon="121.6819355">
    <ele>24</ele>
    <time>2026-03-14T23:29:02Z</time>
    <extensions>
     <gpxdata:hr>173</gpxdata:hr>
     <gpxdata:distance>9267.00</gpxdata:distance>
     <gpxdata:cadence>91</gpxdata:cadence>
     <gpxdata:speed>4.008</gpxdata:speed>
    </extensions>
   </trkpt>
   <trkpt lat="25.1951823" lon="121.6819585">
    <ele>24</ele>
    <time>2026-03-14T23:29:03Z</time>
    <extensions>
     <gpxdata:hr>173</gpxdata:hr>
     <gpxdata:distance>9271.00</gpxdata:distance>
     <gpxdata:cadence>91</gpxdata:cadence>
     <gpxdata:speed>4.008</gpxdata:speed>
    </extensions>
   </trkpt>
   <trkpt lat="25.1951508" lon="121.6819815">
    <ele>24</ele>
    <time>2026-03-14T23:29:04Z</time>
    <extensions>
     <gpxdata:hr>174</gpxdata:hr>
     <gpxdata:distance>9275.00</gpxdata:distance>
     <gpxdata:cadence>91</gpxdata:cadence>
     <gpxdata:speed>3.983</gpxdata:speed>
    </extensions>
   </trkpt>
   <trkpt lat="25.1951207" lon="121.6820062">
    <ele>24</ele>
    <time>2026-03-14T23:29:05Z</time>
    <extensions>
     <gpxdata:hr>174</gpxdata:hr>
     <gpxdata:distance>9279.00</gpxdata:distance>
     <gpxdata:cadence>91</gpxdata:cadence>
     <gpxdata:speed>3.958</gpxdata:speed>
    </extensions>
   </trkpt>
   <trkpt lat="25.1950907" lon="121.6820310">
    <ele>24</ele>
    <time>2026-03-14T23:29:06Z</time>
    <extensions>
     <gpxdata:hr>174</gpxdata:hr>
     <gpxdata:distance>9283.00</gpxdata:distance>
     <gpxdata:cadence>90</gpxdata:cadence>
     <gpxdata:speed>3.939</gpxdata:speed>
    </extensions>
   </trkpt>
   <trkpt lat="25.1950608" lon="121.6820555">
    <ele>24</ele>
    <time>2026-03-14T23:29:07Z</time>
    <extensions>
     <gpxdata:hr>174</gpxdata:hr>
     <gpxdata:distance>9287.00</gpxdata:distance>
     <gpxdata:cadence>90</gpxdata:cadence>
     <gpxdata:speed>3.922</gpxdata:speed>
    </extensions>
   </trkpt>
   <trkpt lat="25.1950309" lon="121.6820801">
    <ele>24</ele>
    <time>2026-03-14T23:29:08Z</time>
    <extensions>
     <gpxdata:hr>174</gpxdata:hr>
     <gpxdata:distance>9291.00</gpxdata:distance>
     <gpxdata:cadence>90</gpxdata:cadence>
     <gpxdata:speed>3.914</gpxdata:speed>
    </extensions>
   </trkpt>
   <trkpt lat="25.1949997" lon="121.6821023">
    <ele>24</ele>
    <time>2026-03-14T23:29:09Z</time>
    <extensions>
     <gpxdata:hr>174</gpxdata:hr>
     <gpxdata:distance>9295.00</gpxdata:distance>
     <gpxdata:cadence>90</gpxdata:cadence>
     <gpxdata:speed>3.908</gpxdata:speed>
    </extensions>
   </trkpt>
   <trkpt lat="25.1949686" lon="121.6821246">
    <ele>24</ele>
    <time>2026-03-14T23:29:10Z</time>
    <extensions>
     <gpxdata:hr>175</gpxdata:hr>
     <gpxdata:distance>9299.00</gpxdata:distance>
     <gpxdata:cadence>90</gpxdata:cadence>
     <gpxdata:speed>3.906</gpxdata:speed>
    </extensions>
   </trkpt>
   <trkpt lat="25.1949342" lon="121.6821317">
    <ele>24</ele>
    <time>2026-03-14T23:29:11Z</time>
    <extensions>
     <gpxdata:hr>175</gpxdata:hr>
     <gpxdata:distance>9303.00</gpxdata:distance>
     <gpxdata:cadence>91</gpxdata:cadence>
     <gpxdata:speed>3.906</gpxdata:speed>
    </extensions>
   </trkpt>
   <trkpt lat="25.1948998" lon="121.6821389">
    <ele>24</ele>
    <time>2026-03-14T23:29:12Z</time>
    <extensions>
     <gpxdata:hr>175</gpxdata:hr>
     <gpxdata:distance>9306.50</gpxdata:distance>
     <gpxdata:cadence>91</gpxdata:cadence>
     <gpxdata:speed>3.919</gpxdata:speed>
    </extensions>
   </trkpt>
   <trkpt lat="25.1948711" lon="121.6821650">
    <ele>24</ele>
    <time>2026-03-14T23:29:13Z</time>
    <extensions>
     <gpxdata:hr>174</gpxdata:hr>
     <gpxdata:distance>9310.00</gpxdata:distance>
     <gpxdata:cadence>91</gpxdata:cadence>
     <gpxdata:speed>3.933</gpxdata:speed>
    </extensions>
   </trkpt>
   <trkpt lat="25.1948425" lon="121.6821911">
    <ele>24</ele>
    <time>2026-03-14T23:29:14Z</time>
    <extensions>
     <gpxdata:hr>175</gpxdata:hr>
     <gpxdata:distance>9314.00</gpxdata:distance>
     <gpxdata:cadence>91</gpxdata:cadence>
     <gpxdata:speed>3.936</gpxdata:speed>
    </extensions>
   </trkpt>
   <trkpt lat="25.1948146" lon="121.6822183">
    <ele>24</ele>
    <time>2026-03-14T23:29:15Z</time>
    <extensions>
     <gpxdata:hr>175</gpxdata:hr>
     <gpxdata:distance>9318.00</gpxdata:distance>
     <gpxdata:cadence>91</gpxdata:cadence>
     <gpxdata:speed>3.939</gpxdata:speed>
    </extensions>
   </trkpt>
   <trkpt lat="25.1947867" lon="121.6822455">
    <ele>24</ele>
    <time>2026-03-14T23:29:16Z</time>
    <extensions>
     <gpxdata:hr>175</gpxdata:hr>
     <gpxdata:distance>9322.00</gpxdata:distance>
     <gpxdata:cadence>90</gpxdata:cadence>
     <gpxdata:speed>3.928</gpxdata:speed>
    </extensions>
   </trkpt>
   <trkpt lat="25.1947551" lon="121.6822671">
    <ele>24</ele>
    <time>2026-03-14T23:29:17Z</time>
    <extensions>
     <gpxdata:hr>175</gpxdata:hr>
     <gpxdata:distance>9326.00</gpxdata:distance>
     <gpxdata:cadence>90</gpxdata:cadence>
     <gpxdata:speed>3.919</gpxdata:speed>
    </extensions>
   </trkpt>
   <trkpt lat="25.1947235" lon="121.6822887">
    <ele>24</ele>
    <time>2026-03-14T23:29:18Z</time>
    <extensions>
     <gpxdata:hr>175</gpxdata:hr>
     <gpxdata:distance>9330.00</gpxdata:distance>
     <gpxdata:cadence>90</gpxdata:cadence>
     <gpxdata:speed>3.914</gpxdata:speed>
    </extensions>
   </trkpt>
   <trkpt lat="25.1946900" lon="121.6823059">
    <ele>24</ele>
    <time>2026-03-14T23:29:19Z</time>
    <extensions>
     <gpxdata:hr>175</gpxdata:hr>
     <gpxdata:distance>9334.00</gpxdata:distance>
     <gpxdata:cadence>90</gpxdata:cadence>
     <gpxdata:speed>3.908</gpxdata:speed>
    </extensions>
   </trkpt>
   <trkpt lat="25.1946565" lon="121.6823231">
    <ele>24</ele>
    <time>2026-03-14T23:29:20Z</time>
    <extensions>
     <gpxdata:hr>175</gpxdata:hr>
     <gpxdata:distance>9338.00</gpxdata:distance>
     <gpxdata:cadence>90</gpxdata:cadence>
     <gpxdata:speed>3.906</gpxdata:speed>
    </extensions>
   </trkpt>
   <trkpt lat="25.1946282" lon="121.6823495">
    <ele>23</ele>
    <time>2026-03-14T23:29:21Z</time>
    <extensions>
     <gpxdata:hr>174</gpxdata:hr>
     <gpxdata:distance>9342.00</gpxdata:distance>
     <gpxdata:cadence>91</gpxdata:cadence>
     <gpxdata:speed>3.906</gpxdata:speed>
    </extensions>
   </trkpt>
   <trkpt lat="25.1946000" lon="121.6823760">
    <ele>23</ele>
    <time>2026-03-14T23:29:22Z</time>
    <extensions>
     <gpxdata:hr>174</gpxdata:hr>
     <gpxdata:distance>9346.00</gpxdata:distance>
     <gpxdata:cadence>91</gpxdata:cadence>
     <gpxdata:speed>3.919</gpxdata:speed>
    </extensions>
   </trkpt>
   <trkpt lat="25.1945755" lon="121.6824068">
    <ele>23</ele>
    <time>2026-03-14T23:29:23Z</time>
    <extensions>
     <gpxdata:hr>174</gpxdata:hr>
     <gpxdata:distance>9350.00</gpxdata:distance>
     <gpxdata:cadence>91</gpxdata:cadence>
     <gpxdata:speed>3.933</gpxdata:speed>
    </extensions>
   </trkpt>
   <trkpt lat="25.1945511" lon="121.6824376">
    <ele>23</ele>
    <time>2026-03-14T23:29:24Z</time>
    <extensions>
     <gpxdata:hr>173</gpxdata:hr>
     <gpxdata:distance>9354.00</gpxdata:distance>
     <gpxdata:cadence>91</gpxdata:cadence>
     <gpxdata:speed>3.936</gpxdata:speed>
    </extensions>
   </trkpt>
   <trkpt lat="25.1945219" lon="121.6824631">
    <ele>23</ele>
    <time>2026-03-14T23:29:25Z</time>
    <extensions>
     <gpxdata:hr>174</gpxdata:hr>
     <gpxdata:distance>9358.00</gpxdata:distance>
     <gpxdata:cadence>91</gpxdata:cadence>
     <gpxdata:speed>3.939</gpxdata:speed>
    </extensions>
   </trkpt>
   <trkpt lat="25.1944928" lon="121.6824886">
    <ele>23</ele>
    <time>2026-03-14T23:29:26Z</time>
    <extensions>
     <gpxdata:hr>173</gpxdata:hr>
     <gpxdata:distance>9361.50</gpxdata:distance>
     <gpxdata:cadence>91</gpxdata:cadence>
     <gpxdata:speed>3.939</gpxdata:speed>
    </extensions>
   </trkpt>
   <trkpt lat="25.1944631" lon="121.6825135">
    <ele>23</ele>
    <time>2026-03-14T23:29:27Z</time>
    <extensions>
     <gpxdata:hr>174</gpxdata:hr>
     <gpxdata:distance>9365.00</gpxdata:distance>
     <gpxdata:cadence>91</gpxdata:cadence>
     <gpxdata:speed>3.939</gpxdata:speed>
    </extensions>
   </trkpt>
   <trkpt lat="25.1944334" lon="121.6825384">
    <ele>23</ele>
    <time>2026-03-14T23:29:28Z</time>
    <extensions>
     <gpxdata:hr>173</gpxdata:hr>
     <gpxdata:distance>9369.00</gpxdata:distance>
     <gpxdata:cadence>91</gpxdata:cadence>
     <gpxdata:speed>3.939</gpxdata:speed>
    </extensions>
   </trkpt>
   <trkpt lat="25.1944037" lon="121.6825633">
    <ele>23</ele>
    <time>2026-03-14T23:29:29Z</time>
    <extensions>
     <gpxdata:hr>173</gpxdata:hr>
     <gpxdata:distance>9373.00</gpxdata:distance>
     <gpxdata:cadence>91</gpxdata:cadence>
     <gpxdata:speed>3.939</gpxdata:speed>
    </extensions>
   </trkpt>
   <trkpt lat="25.1943740" lon="121.6825882">
    <ele>23</ele>
    <time>2026-03-14T23:29:30Z</time>
    <extensions>
     <gpxdata:hr>173</gpxdata:hr>
     <gpxdata:distance>9377.00</gpxdata:distance>
     <gpxdata:cadence>92</gpxdata:cadence>
     <gpxdata:speed>3.964</gpxdata:speed>
    </extensions>
   </trkpt>
   <trkpt lat="25.1943441" lon="121.6826132">
    <ele>23</ele>
    <time>2026-03-14T23:29:31Z</time>
    <extensions>
     <gpxdata:hr>172</gpxdata:hr>
     <gpxdata:distance>9381.00</gpxdata:distance>
     <gpxdata:cadence>92</gpxdata:cadence>
     <gpxdata:speed>3.989</gpxdata:speed>
    </extensions>
   </trkpt>
   <trkpt lat="25.1943142" lon="121.6826383">
    <ele>23</ele>
    <time>2026-03-14T23:29:32Z</time>
    <extensions>
     <gpxdata:hr>171</gpxdata:hr>
     <gpxdata:distance>9385.00</gpxdata:distance>
     <gpxdata:cadence>92</gpxdata:cadence>
     <gpxdata:speed>4.022</gpxdata:speed>
    </extensions>
   </trkpt>
   <trkpt lat="25.1942840" lon="121.6826636">
    <ele>23</ele>
    <time>2026-03-14T23:29:33Z</time>
    <extensions>
     <gpxdata:hr>171</gpxdata:hr>
     <gpxdata:distance>9389.00</gpxdata:distance>
     <gpxdata:cadence>93</gpxdata:cadence>
     <gpxdata:speed>4.056</gpxdata:speed>
    </extensions>
   </trkpt>
   <trkpt lat="25.1942538" lon="121.6826890">
    <ele>23</ele>
    <time>2026-03-14T23:29:34Z</time>
    <extensions>
     <gpxdata:hr>170</gpxdata:hr>
     <gpxdata:distance>9393.00</gpxdata:distance>
     <gpxdata:cadence>93</gpxdata:cadence>
     <gpxdata:speed>4.075</gpxdata:speed>
    </extensions>
   </trkpt>
   <trkpt lat="25.1942233" lon="121.6827145">
    <ele>23</ele>
    <time>2026-03-14T23:29:35Z</time>
    <extensions>
     <gpxdata:hr>170</gpxdata:hr>
     <gpxdata:distance>9397.00</gpxdata:distance>
     <gpxdata:cadence>93</gpxdata:cadence>
     <gpxdata:speed>4.094</gpxdata:speed>
    </extensions>
   </trkpt>
   <trkpt lat="25.1941928" lon="121.6827401">
    <ele>23</ele>
    <time>2026-03-14T23:29:36Z</time>
    <extensions>
     <gpxdata:hr>170</gpxdata:hr>
     <gpxdata:distance>9401.50</gpxdata:distance>
     <gpxdata:cadence>92</gpxdata:cadence>
     <gpxdata:speed>4.089</gpxdata:speed>
    </extensions>
   </trkpt>
   <trkpt lat="25.1941622" lon="121.6827657">
    <ele>23</ele>
    <time>2026-03-14T23:29:37Z</time>
    <extensions>
     <gpxdata:hr>169</gpxdata:hr>
     <gpxdata:distance>9406.00</gpxdata:distance>
     <gpxdata:cadence>91</gpxdata:cadence>
     <gpxdata:speed>4.086</gpxdata:speed>
    </extensions>
   </trkpt>
   <trkpt lat="25.1941316" lon="121.6827914">
    <ele>23</ele>
    <time>2026-03-14T23:29:38Z</time>
    <extensions>
     <gpxdata:hr>169</gpxdata:hr>
     <gpxdata:distance>9410.00</gpxdata:distance>
     <gpxdata:cadence>91</gpxdata:cadence>
     <gpxdata:speed>4.036</gpxdata:speed>
    </extensions>
   </trkpt>
   <trkpt lat="25.1941015" lon="121.6828166">
    <ele>23</ele>
    <time>2026-03-14T23:29:39Z</time>
    <extensions>
     <gpxdata:hr>169</gpxdata:hr>
     <gpxdata:distance>9414.00</gpxdata:distance>
     <gpxdata:cadence>91</gpxdata:cadence>
     <gpxdata:speed>3.989</gpxdata:speed>
    </extensions>
   </trkpt>
   <trkpt lat="25.1940714" lon="121.6828419">
    <ele>23</ele>
    <time>2026-03-14T23:29:40Z</time>
    <extensions>
     <gpxdata:hr>169</gpxdata:hr>
     <gpxdata:distance>9418.00</gpxdata:distance>
     <gpxdata:cadence>91</gpxdata:cadence>
     <gpxdata:speed>3.967</gpxdata:speed>
    </extensions>
   </trkpt>
   <trkpt lat="25.1940416" lon="121.6828668">
    <ele>23</ele>
    <time>2026-03-14T23:29:41Z</time>
    <extensions>
     <gpxdata:hr>169</gpxdata:hr>
     <gpxdata:distance>9422.00</gpxdata:distance>
     <gpxdata:cadence>91</gpxdata:cadence>
     <gpxdata:speed>3.947</gpxdata:speed>
    </extensions>
   </trkpt>
   <trkpt lat="25.1940118" lon="121.6828918">
    <ele>23</ele>
    <time>2026-03-14T23:29:42Z</time>
    <extensions>
     <gpxdata:hr>168</gpxdata:hr>
     <gpxdata:distance>9425.50</gpxdata:distance>
     <gpxdata:cadence>91</gpxdata:cadence>
     <gpxdata:speed>3.969</gpxdata:speed>
    </extensions>
   </trkpt>
   <trkpt lat="25.1939819" lon="121.6829168">
    <ele>23</ele>
    <time>2026-03-14T23:29:43Z</time>
    <extensions>
     <gpxdata:hr>168</gpxdata:hr>
     <gpxdata:distance>9429.00</gpxdata:distance>
     <gpxdata:cadence>92</gpxdata:cadence>
     <gpxdata:speed>3.992</gpxdata:speed>
    </extensions>
   </trkpt>
   <trkpt lat="25.1939520" lon="121.6829419">
    <ele>23</ele>
    <time>2026-03-14T23:29:44Z</time>
    <extensions>
     <gpxdata:hr>168</gpxdata:hr>
     <gpxdata:distance>9433.00</gpxdata:distance>
     <gpxdata:cadence>92</gpxdata:cadence>
     <gpxdata:speed>3.997</gpxdata:speed>
    </extensions>
   </trkpt>
   <trkpt lat="25.1939219" lon="121.6829671">
    <ele>23</ele>
    <time>2026-03-14T23:29:45Z</time>
    <extensions>
     <gpxdata:hr>168</gpxdata:hr>
     <gpxdata:distance>9437.00</gpxdata:distance>
     <gpxdata:cadence>92</gpxdata:cadence>
     <gpxdata:speed>4.006</gpxdata:speed>
    </extensions>
   </trkpt>
   <trkpt lat="25.1938919" lon="121.6829923">
    <ele>23</ele>
    <time>2026-03-14T23:29:46Z</time>
    <extensions>
     <gpxdata:hr>167</gpxdata:hr>
     <gpxdata:distance>9441.00</gpxdata:distance>
     <gpxdata:cadence>92</gpxdata:cadence>
     <gpxdata:speed>4.017</gpxdata:speed>
    </extensions>
   </trkpt>
   <trkpt lat="25.1938617" lon="121.6830175">
    <ele>23</ele>
    <time>2026-03-14T23:29:47Z</time>
    <extensions>
     <gpxdata:hr>167</gpxdata:hr>
     <gpxdata:distance>9445.00</gpxdata:distance>
     <gpxdata:cadence>92</gpxdata:cadence>
     <gpxdata:speed>4.028</gpxdata:speed>
    </extensions>
   </trkpt>
   <trkpt lat="25.1938316" lon="121.6830428">
    <ele>23</ele>
    <time>2026-03-14T23:29:48Z</time>
    <extensions>
     <gpxdata:hr>167</gpxdata:hr>
     <gpxdata:distance>9449.50</gpxdata:distance>
     <gpxdata:cadence>92</gpxdata:cadence>
     <gpxdata:speed>4.019</gpxdata:speed>
    </extensions>
   </trkpt>
   <trkpt lat="25.1938015" lon="121.6830680">
    <ele>23</ele>
    <time>2026-03-14T23:29:49Z</time>
    <extensions>
     <gpxdata:hr>166</gpxdata:hr>
     <gpxdata:distance>9454.00</gpxdata:distance>
     <gpxdata:cadence>92</gpxdata:cadence>
     <gpxdata:speed>4.011</gpxdata:speed>
    </extensions>
   </trkpt>
   <trkpt lat="25.1937714" lon="121.6830933">
    <ele>23</ele>
    <time>2026-03-14T23:29:50Z</time>
    <extensions>
     <gpxdata:hr>166</gpxdata:hr>
     <gpxdata:distance>9458.00</gpxdata:distance>
     <gpxdata:cadence>91</gpxdata:cadence>
     <gpxdata:speed>3.994</gpxdata:speed>
    </extensions>
   </trkpt>
   <trkpt lat="25.1937414" lon="121.6831184">
    <ele>23</ele>
    <time>2026-03-14T23:29:51Z</time>
    <extensions>
     <gpxdata:hr>166</gpxdata:hr>
     <gpxdata:distance>9462.00</gpxdata:distance>
     <gpxdata:cadence>91</gpxdata:cadence>
     <gpxdata:speed>3.978</gpxdata:speed>
    </extensions>
   </trkpt>
   <trkpt lat="25.1937115" lon="121.6831436">
    <ele>23</ele>
    <time>2026-03-14T23:29:52Z</time>
    <extensions>
     <gpxdata:hr>166</gpxdata:hr>
     <gpxdata:distance>9465.50</gpxdata:distance>
     <gpxdata:cadence>91</gpxdata:cadence>
     <gpxdata:speed>3.964</gpxdata:speed>
    </extensions>
   </trkpt>
   <trkpt lat="25.1936816" lon="121.6831686">
    <ele>23</ele>
    <time>2026-03-14T23:29:53Z</time>
    <extensions>
     <gpxdata:hr>167</gpxdata:hr>
     <gpxdata:distance>9469.00</gpxdata:distance>
     <gpxdata:cadence>91</gpxdata:cadence>
     <gpxdata:speed>3.953</gpxdata:speed>
    </extensions>
   </trkpt>
   <trkpt lat="25.1936517" lon="121.6831936">
    <ele>23</ele>
    <time>2026-03-14T23:29:54Z</time>
    <extensions>
     <gpxdata:hr>167</gpxdata:hr>
     <gpxdata:distance>9473.00</gpxdata:distance>
     <gpxdata:cadence>91</gpxdata:cadence>
     <gpxdata:speed>3.947</gpxdata:speed>
    </extensions>
   </trkpt>
   <trkpt lat="25.1936220" lon="121.6832185">
    <ele>23</ele>
    <time>2026-03-14T23:29:55Z</time>
    <extensions>
     <gpxdata:hr>167</gpxdata:hr>
     <gpxdata:distance>9477.00</gpxdata:distance>
     <gpxdata:cadence>91</gpxdata:cadence>
     <gpxdata:speed>3.942</gpxdata:speed>
    </extensions>
   </trkpt>
   <trkpt lat="25.1935923" lon="121.6832435">
    <ele>23</ele>
    <time>2026-03-14T23:29:56Z</time>
    <extensions>
     <gpxdata:hr>167</gpxdata:hr>
     <gpxdata:distance>9481.00</gpxdata:distance>
     <gpxdata:cadence>91</gpxdata:cadence>
     <gpxdata:speed>3.956</gpxdata:speed>
    </extensions>
   </trkpt>
   <trkpt lat="25.1935624" lon="121.6832685">
    <ele>23</ele>
    <time>2026-03-14T23:29:57Z</time>
    <extensions>
     <gpxdata:hr>166</gpxdata:hr>
     <gpxdata:distance>9485.00</gpxdata:distance>
     <gpxdata:cadence>91</gpxdata:cadence>
     <gpxdata:speed>3.969</gpxdata:speed>
    </extensions>
   </trkpt>
   <trkpt lat="25.1935326" lon="121.6832935">
    <ele>23</ele>
    <time>2026-03-14T23:29:58Z</time>
    <extensions>
     <gpxdata:hr>166</gpxdata:hr>
     <gpxdata:distance>9489.00</gpxdata:distance>
     <gpxdata:cadence>91</gpxdata:cadence>
     <gpxdata:speed>3.981</gpxdata:speed>
    </extensions>
   </trkpt>
   <trkpt lat="25.1935027" lon="121.6833186">
    <ele>23</ele>
    <time>2026-03-14T23:29:59Z</time>
    <extensions>
     <gpxdata:hr>166</gpxdata:hr>
     <gpxdata:distance>9493.00</gpxdata:distance>
     <gpxdata:cadence>92</gpxdata:cadence>
     <gpxdata:speed>3.994</gpxdata:speed>
    </extensions>
   </trkpt>
   <trkpt lat="25.1934728" lon="121.6833437">
    <ele>23</ele>
    <time>2026-03-14T23:30:00Z</time>
    <extensions>
     <gpxdata:hr>165</gpxdata:hr>
     <gpxdata:distance>9497.00</gpxdata:distance>
     <gpxdata:cadence>92</gpxdata:cadence>
     <gpxdata:speed>4.008</gpxdata:speed>
    </extensions>
   </trkpt>
   <trkpt lat="25.1934427" lon="121.6833689">
    <ele>23</ele>
    <time>2026-03-14T23:30:01Z</time>
    <extensions>
     <gpxdata:hr>165</gpxdata:hr>
     <gpxdata:distance>9501.00</gpxdata:distance>
     <gpxdata:cadence>92</gpxdata:cadence>
     <gpxdata:speed>4.025</gpxdata:speed>
    </extensions>
   </trkpt>
   <trkpt lat="25.1934126" lon="121.6833941">
    <ele>23</ele>
    <time>2026-03-14T23:30:02Z</time>
    <extensions>
     <gpxdata:hr>164</gpxdata:hr>
     <gpxdata:distance>9505.00</gpxdata:distance>
     <gpxdata:cadence>92</gpxdata:cadence>
     <gpxdata:speed>4.042</gpxdata:speed>
    </extensions>
   </trkpt>
   <trkpt lat="25.1933823" lon="121.6834195">
    <ele>23</ele>
    <time>2026-03-14T23:30:03Z</time>
    <extensions>
     <gpxdata:hr>164</gpxdata:hr>
     <gpxdata:distance>9509.00</gpxdata:distance>
     <gpxdata:cadence>93</gpxdata:cadence>
     <gpxdata:speed>4.061</gpxdata:speed>
    </extensions>
   </trkpt>
   <trkpt lat="25.1933520" lon="121.6834449">
    <ele>23</ele>
    <time>2026-03-14T23:30:04Z</time>
    <extensions>
     <gpxdata:hr>163</gpxdata:hr>
     <gpxdata:distance>9513.00</gpxdata:distance>
     <gpxdata:cadence>93</gpxdata:cadence>
     <gpxdata:speed>4.078</gpxdata:speed>
    </extensions>
   </trkpt>
   <trkpt lat="25.1933215" lon="121.6834705">
    <ele>23</ele>
    <time>2026-03-14T23:30:05Z</time>
    <extensions>
     <gpxdata:hr>164</gpxdata:hr>
     <gpxdata:distance>9517.00</gpxdata:distance>
     <gpxdata:cadence>93</gpxdata:cadence>
     <gpxdata:speed>4.094</gpxdata:speed>
    </extensions>
   </trkpt>
   <trkpt lat="25.1932910" lon="121.6834961">
    <ele>23</ele>
    <time>2026-03-14T23:30:06Z</time>
    <extensions>
     <gpxdata:hr>164</gpxdata:hr>
     <gpxdata:distance>9521.50</gpxdata:distance>
     <gpxdata:cadence>93</gpxdata:cadence>
     <gpxdata:speed>4.086</gpxdata:speed>
    </extensions>
   </trkpt>
   <trkpt lat="25.1932604" lon="121.6835216">
    <ele>23</ele>
    <time>2026-03-14T23:30:07Z</time>
    <extensions>
     <gpxdata:hr>163</gpxdata:hr>
     <gpxdata:distance>9526.00</gpxdata:distance>
     <gpxdata:cadence>93</gpxdata:cadence>
     <gpxdata:speed>4.078</gpxdata:speed>
    </extensions>
   </trkpt>
   <trkpt lat="25.1932299" lon="121.6835472">
    <ele>23</ele>
    <time>2026-03-14T23:30:08Z</time>
    <extensions>
     <gpxdata:hr>163</gpxdata:hr>
     <gpxdata:distance>9530.00</gpxdata:distance>
     <gpxdata:cadence>92</gpxdata:cadence>
     <gpxdata:speed>4.067</gpxdata:speed>
    </extensions>
   </trkpt>
   <trkpt lat="25.1931995" lon="121.6835727">
    <ele>23</ele>
    <time>2026-03-14T23:30:09Z</time>
    <extensions>
     <gpxdata:hr>163</gpxdata:hr>
     <gpxdata:distance>9534.00</gpxdata:distance>
     <gpxdata:cadence>92</gpxdata:cadence>
     <gpxdata:speed>4.056</gpxdata:speed>
    </extensions>
   </trkpt>
   <trkpt lat="25.1931691" lon="121.6835983">
    <ele>23</ele>
    <time>2026-03-14T23:30:10Z</time>
    <extensions>
     <gpxdata:hr>163</gpxdata:hr>
     <gpxdata:distance>9538.00</gpxdata:distance>
     <gpxdata:cadence>92</gpxdata:cadence>
     <gpxdata:speed>4.039</gpxdata:speed>
    </extensions>
   </trkpt>
   <trkpt lat="25.1931388" lon="121.6836236">
    <ele>23</ele>
    <time>2026-03-14T23:30:11Z</time>
    <extensions>
     <gpxdata:hr>163</gpxdata:hr>
     <gpxdata:distance>9542.00</gpxdata:distance>
     <gpxdata:cadence>92</gpxdata:cadence>
     <gpxdata:speed>4.022</gpxdata:speed>
    </extensions>
   </trkpt>
   <trkpt lat="25.1931085" lon="121.6836490">
    <ele>23</ele>
    <time>2026-03-14T23:30:12Z</time>
    <extensions>
     <gpxdata:hr>163</gpxdata:hr>
     <gpxdata:distance>9546.00</gpxdata:distance>
     <gpxdata:cadence>92</gpxdata:cadence>
     <gpxdata:speed>4.014</gpxdata:speed>
    </extensions>
   </trkpt>
   <trkpt lat="25.1930784" lon="121.6836742">
    <ele>23</ele>
    <time>2026-03-14T23:30:13Z</time>
    <extensions>
     <gpxdata:hr>164</gpxdata:hr>
     <gpxdata:distance>9550.00</gpxdata:distance>
     <gpxdata:cadence>92</gpxdata:cadence>
     <gpxdata:speed>4.008</gpxdata:speed>
    </extensions>
   </trkpt>
   <trkpt lat="25.1930483" lon="121.6836995">
    <ele>23</ele>
    <time>2026-03-14T23:30:14Z</time>
    <extensions>
     <gpxdata:hr>164</gpxdata:hr>
     <gpxdata:distance>9554.00</gpxdata:distance>
     <gpxdata:cadence>92</gpxdata:cadence>
     <gpxdata:speed>4.008</gpxdata:speed>
    </extensions>
   </trkpt>
   <trkpt lat="25.1930182" lon="121.6837247">
    <ele>23</ele>
    <time>2026-03-14T23:30:15Z</time>
    <extensions>
     <gpxdata:hr>165</gpxdata:hr>
     <gpxdata:distance>9558.00</gpxdata:distance>
     <gpxdata:cadence>92</gpxdata:cadence>
     <gpxdata:speed>4.008</gpxdata:speed>
    </extensions>
   </trkpt>
   <trkpt lat="25.1929881" lon="121.6837499">
    <ele>23</ele>
    <time>2026-03-14T23:30:16Z</time>
    <extensions>
     <gpxdata:hr>165</gpxdata:hr>
     <gpxdata:distance>9562.00</gpxdata:distance>
     <gpxdata:cadence>92</gpxdata:cadence>
     <gpxdata:speed>4.008</gpxdata:speed>
    </extensions>
   </trkpt>
   <trkpt lat="25.1929580" lon="121.6837751">
    <ele>23</ele>
    <time>2026-03-14T23:30:17Z</time>
    <extensions>
     <gpxdata:hr>165</gpxdata:hr>
     <gpxdata:distance>9566.00</gpxdata:distance>
     <gpxdata:cadence>92</gpxdata:cadence>
     <gpxdata:speed>4.008</gpxdata:speed>
    </extensions>
   </trkpt>
   <trkpt lat="25.1929280" lon="121.6838004">
    <ele>23</ele>
    <time>2026-03-14T23:30:18Z</time>
    <extensions>
     <gpxdata:hr>166</gpxdata:hr>
     <gpxdata:distance>9570.00</gpxdata:distance>
     <gpxdata:cadence>91</gpxdata:cadence>
     <gpxdata:speed>3.992</gpxdata:speed>
    </extensions>
   </trkpt>
   <trkpt lat="25.1928980" lon="121.6838255">
    <ele>23</ele>
    <time>2026-03-14T23:30:19Z</time>
    <extensions>
     <gpxdata:hr>167</gpxdata:hr>
     <gpxdata:distance>9574.00</gpxdata:distance>
     <gpxdata:cadence>91</gpxdata:cadence>
     <gpxdata:speed>3.978</gpxdata:speed>
    </extensions>
   </trkpt>
   <trkpt lat="25.1928680" lon="121.6838506">
    <ele>23</ele>
    <time>2026-03-14T23:30:20Z</time>
    <extensions>
     <gpxdata:hr>167</gpxdata:hr>
     <gpxdata:distance>9578.00</gpxdata:distance>
     <gpxdata:cadence>91</gpxdata:cadence>
     <gpxdata:speed>3.986</gpxdata:speed>
    </extensions>
   </trkpt>
   <trkpt lat="25.1928380" lon="121.6838757">
    <ele>23</ele>
    <time>2026-03-14T23:30:21Z</time>
    <extensions>
     <gpxdata:hr>167</gpxdata:hr>
     <gpxdata:distance>9582.00</gpxdata:distance>
     <gpxdata:cadence>91</gpxdata:cadence>
     <gpxdata:speed>3.994</gpxdata:speed>
    </extensions>
   </trkpt>
   <trkpt lat="25.1928081" lon="121.6839008">
    <ele>23</ele>
    <time>2026-03-14T23:30:22Z</time>
    <extensions>
     <gpxdata:hr>168</gpxdata:hr>
     <gpxdata:distance>9586.00</gpxdata:distance>
     <gpxdata:cadence>91</gpxdata:cadence>
     <gpxdata:speed>3.983</gpxdata:speed>
    </extensions>
   </trkpt>
   <trkpt lat="25.1927782" lon="121.6839259">
    <ele>23</ele>
    <time>2026-03-14T23:30:23Z</time>
    <extensions>
     <gpxdata:hr>168</gpxdata:hr>
     <gpxdata:distance>9590.00</gpxdata:distance>
     <gpxdata:cadence>91</gpxdata:cadence>
     <gpxdata:speed>3.975</gpxdata:speed>
    </extensions>
   </trkpt>
   <trkpt lat="25.1927483" lon="121.6839510">
    <ele>23</ele>
    <time>2026-03-14T23:30:24Z</time>
    <extensions>
     <gpxdata:hr>168</gpxdata:hr>
     <gpxdata:distance>9594.00</gpxdata:distance>
     <gpxdata:cadence>91</gpxdata:cadence>
     <gpxdata:speed>3.975</gpxdata:speed>
    </extensions>
   </trkpt>
   <trkpt lat="25.1927184" lon="121.6839760">
    <ele>23</ele>
    <time>2026-03-14T23:30:25Z</time>
    <extensions>
     <gpxdata:hr>168</gpxdata:hr>
     <gpxdata:distance>9598.00</gpxdata:distance>
     <gpxdata:cadence>91</gpxdata:cadence>
     <gpxdata:speed>3.975</gpxdata:speed>
    </extensions>
   </trkpt>
   <trkpt lat="25.1926885" lon="121.6840011">
    <ele>23</ele>
    <time>2026-03-14T23:30:26Z</time>
    <extensions>
     <gpxdata:hr>168</gpxdata:hr>
     <gpxdata:distance>9602.00</gpxdata:distance>
     <gpxdata:cadence>91</gpxdata:cadence>
     <gpxdata:speed>3.958</gpxdata:speed>
    </extensions>
   </trkpt>
   <trkpt lat="25.1926587" lon="121.6840260">
    <ele>23</ele>
    <time>2026-03-14T23:30:27Z</time>
    <extensions>
     <gpxdata:hr>168</gpxdata:hr>
     <gpxdata:distance>9606.00</gpxdata:distance>
     <gpxdata:cadence>91</gpxdata:cadence>
     <gpxdata:speed>3.944</gpxdata:speed>
    </extensions>
   </trkpt>
   <trkpt lat="25.1926289" lon="121.6840510">
    <ele>23</ele>
    <time>2026-03-14T23:30:28Z</time>
    <extensions>
     <gpxdata:hr>167</gpxdata:hr>
     <gpxdata:distance>9610.00</gpxdata:distance>
     <gpxdata:cadence>91</gpxdata:cadence>
     <gpxdata:speed>3.942</gpxdata:speed>
    </extensions>
   </trkpt>
   <trkpt lat="25.1925992" lon="121.6840759">
    <ele>23</ele>
    <time>2026-03-14T23:30:29Z</time>
    <extensions>
     <gpxdata:hr>167</gpxdata:hr>
     <gpxdata:distance>9614.00</gpxdata:distance>
     <gpxdata:cadence>91</gpxdata:cadence>
     <gpxdata:speed>3.939</gpxdata:speed>
    </extensions>
   </trkpt>
   <trkpt lat="25.1925695" lon="121.6841008">
    <ele>23</ele>
    <time>2026-03-14T23:30:30Z</time>
    <extensions>
     <gpxdata:hr>166</gpxdata:hr>
     <gpxdata:distance>9618.00</gpxdata:distance>
     <gpxdata:cadence>91</gpxdata:cadence>
     <gpxdata:speed>3.939</gpxdata:speed>
    </extensions>
   </trkpt>
   <trkpt lat="25.1925398" lon="121.6841257">
    <ele>23</ele>
    <time>2026-03-14T23:30:31Z</time>
    <extensions>
     <gpxdata:hr>166</gpxdata:hr>
     <gpxdata:distance>9622.00</gpxdata:distance>
     <gpxdata:cadence>91</gpxdata:cadence>
     <gpxdata:speed>3.939</gpxdata:speed>
    </extensions>
   </trkpt>
   <trkpt lat="25.1925101" lon="121.6841506">
    <ele>23</ele>
    <time>2026-03-14T23:30:32Z</time>
    <extensions>
     <gpxdata:hr>165</gpxdata:hr>
     <gpxdata:distance>9625.50</gpxdata:distance>
     <gpxdata:cadence>91</gpxdata:cadence>
     <gpxdata:speed>3.953</gpxdata:speed>
    </extensions>
   </trkpt>
   <trkpt lat="25.1924803" lon="121.6841756">
    <ele>23</ele>
    <time>2026-03-14T23:30:33Z</time>
    <extensions>
     <gpxdata:hr>165</gpxdata:hr>
     <gpxdata:distance>9629.00</gpxdata:distance>
     <gpxdata:cadence>92</gpxdata:cadence>
     <gpxdata:speed>3.969</gpxdata:speed>
    </extensions>
   </trkpt>
   <trkpt lat="25.1924505" lon="121.6842006">
    <ele>23</ele>
    <time>2026-03-14T23:30:34Z</time>
    <extensions>
     <gpxdata:hr>164</gpxdata:hr>
     <gpxdata:distance>9633.00</gpxdata:distance>
     <gpxdata:cadence>92</gpxdata:cadence>
     <gpxdata:speed>3.994</gpxdata:speed>
    </extensions>
   </trkpt>
   <trkpt lat="25.1924204" lon="121.6842258">
    <ele>23</ele>
    <time>2026-03-14T23:30:35Z</time>
    <extensions>
     <gpxdata:hr>164</gpxdata:hr>
     <gpxdata:distance>9637.00</gpxdata:distance>
     <gpxdata:cadence>93</gpxdata:cadence>
     <gpxdata:speed>4.022</gpxdata:speed>
    </extensions>
   </trkpt>
   <trkpt lat="25.1923904" lon="121.6842510">
    <ele>22</ele>
    <time>2026-03-14T23:30:36Z</time>
    <extensions>
     <gpxdata:hr>165</gpxdata:hr>
     <gpxdata:distance>9641.50</gpxdata:distance>
     <gpxdata:cadence>93</gpxdata:cadence>
     <gpxdata:speed>4.047</gpxdata:speed>
    </extensions>
   </trkpt>
   <trkpt lat="25.1923599" lon="121.6842765">
    <ele>22</ele>
    <time>2026-03-14T23:30:37Z</time>
    <extensions>
     <gpxdata:hr>165</gpxdata:hr>
     <gpxdata:distance>9646.00</gpxdata:distance>
     <gpxdata:cadence>93</gpxdata:cadence>
     <gpxdata:speed>4.075</gpxdata:speed>
    </extensions>
   </trkpt>
   <trkpt lat="25.1923295" lon="121.6843021">
    <ele>22</ele>
    <time>2026-03-14T23:30:38Z</time>
    <extensions>
     <gpxdata:hr>165</gpxdata:hr>
     <gpxdata:distance>9650.00</gpxdata:distance>
     <gpxdata:cadence>93</gpxdata:cadence>
     <gpxdata:speed>4.075</gpxdata:speed>
    </extensions>
   </trkpt>
   <trkpt lat="25.1921731" lon="121.6842878">
    <ele>22</ele>
    <time>2026-03-14T23:30:45Z</time>
    <extensions>
     <gpxdata:hr>165</gpxdata:hr>
     <gpxdata:distance>9678.00</gpxdata:distance>
     <gpxdata:cadence>92</gpxdata:cadence>
     <gpxdata:speed>4.317</gpxdata:speed>
    </extensions>
   </trkpt>
   <trkpt lat="25.1921383" lon="121.6842651">
    <ele>21</ele>
    <time>2026-03-14T23:30:46Z</time>
    <extensions>
     <gpxdata:hr>165</gpxdata:hr>
     <gpxdata:distance>9682.50</gpxdata:distance>
     <gpxdata:cadence>91</gpxdata:cadence>
     <gpxdata:speed>4.461</gpxdata:speed>
    </extensions>
   </trkpt>
   <trkpt lat="25.1921036" lon="121.6842425">
    <ele>21</ele>
    <time>2026-03-14T23:30:47Z</time>
    <extensions>
     <gpxdata:hr>166</gpxdata:hr>
     <gpxdata:distance>9687.00</gpxdata:distance>
     <gpxdata:cadence>91</gpxdata:cadence>
     <gpxdata:speed>4.606</gpxdata:speed>
    </extensions>
   </trkpt>
   <trkpt lat="25.1920680" lon="121.6842189">
    <ele>21</ele>
    <time>2026-03-14T23:30:48Z</time>
    <extensions>
     <gpxdata:hr>166</gpxdata:hr>
     <gpxdata:distance>9692.00</gpxdata:distance>
     <gpxdata:cadence>91</gpxdata:cadence>
     <gpxdata:speed>4.650</gpxdata:speed>
    </extensions>
   </trkpt>
   <trkpt lat="25.1920324" lon="121.6841953">
    <ele>21</ele>
    <time>2026-03-14T23:30:49Z</time>
    <extensions>
     <gpxdata:hr>166</gpxdata:hr>
     <gpxdata:distance>9697.00</gpxdata:distance>
     <gpxdata:cadence>91</gpxdata:cadence>
     <gpxdata:speed>4.694</gpxdata:speed>
    </extensions>
   </trkpt>
   <trkpt lat="25.1919978" lon="121.6841717">
    <ele>21</ele>
    <time>2026-03-14T23:30:50Z</time>
    <extensions>
     <gpxdata:hr>167</gpxdata:hr>
     <gpxdata:distance>9701.00</gpxdata:distance>
     <gpxdata:cadence>90</gpxdata:cadence>
     <gpxdata:speed>4.678</gpxdata:speed>
    </extensions>
   </trkpt>
   <trkpt lat="25.1919632" lon="121.6841482">
    <ele>21</ele>
    <time>2026-03-14T23:30:51Z</time>
    <extensions>
     <gpxdata:hr>167</gpxdata:hr>
     <gpxdata:distance>9705.00</gpxdata:distance>
     <gpxdata:cadence>89</gpxdata:cadence>
     <gpxdata:speed>4.661</gpxdata:speed>
    </extensions>
   </trkpt>
   <trkpt lat="25.1919291" lon="121.6841254">
    <ele>21</ele>
    <time>2026-03-14T23:30:52Z</time>
    <extensions>
     <gpxdata:hr>167</gpxdata:hr>
     <gpxdata:distance>9709.50</gpxdata:distance>
     <gpxdata:cadence>88</gpxdata:cadence>
     <gpxdata:speed>4.617</gpxdata:speed>
    </extensions>
   </trkpt>
   <trkpt lat="25.1918951" lon="121.6841027">
    <ele>21</ele>
    <time>2026-03-14T23:30:53Z</time>
    <extensions>
     <gpxdata:hr>167</gpxdata:hr>
     <gpxdata:distance>9714.00</gpxdata:distance>
     <gpxdata:cadence>88</gpxdata:cadence>
     <gpxdata:speed>4.572</gpxdata:speed>
    </extensions>
   </trkpt>
   <trkpt lat="25.1918614" lon="121.6840806">
    <ele>21</ele>
    <time>2026-03-14T23:30:54Z</time>
    <extensions>
     <gpxdata:hr>168</gpxdata:hr>
     <gpxdata:distance>9718.50</gpxdata:distance>
     <gpxdata:cadence>88</gpxdata:cadence>
     <gpxdata:speed>4.553</gpxdata:speed>
    </extensions>
   </trkpt>
   <trkpt lat="25.1918277" lon="121.6840585">
    <ele>21</ele>
    <time>2026-03-14T23:30:55Z</time>
    <extensions>
     <gpxdata:hr>168</gpxdata:hr>
     <gpxdata:distance>9723.00</gpxdata:distance>
     <gpxdata:cadence>88</gpxdata:cadence>
     <gpxdata:speed>4.536</gpxdata:speed>
    </extensions>
   </trkpt>
   <trkpt lat="25.1917945" lon="121.6840363">
    <ele>20</ele>
    <time>2026-03-14T23:30:56Z</time>
    <extensions>
     <gpxdata:hr>168</gpxdata:hr>
     <gpxdata:distance>9727.00</gpxdata:distance>
     <gpxdata:cadence>88</gpxdata:cadence>
     <gpxdata:speed>4.519</gpxdata:speed>
    </extensions>
   </trkpt>
   <trkpt lat="25.1917614" lon="121.6840141">
    <ele>20</ele>
    <time>2026-03-14T23:30:57Z</time>
    <extensions>
     <gpxdata:hr>168</gpxdata:hr>
     <gpxdata:distance>9731.00</gpxdata:distance>
     <gpxdata:cadence>88</gpxdata:cadence>
     <gpxdata:speed>4.503</gpxdata:speed>
    </extensions>
   </trkpt>
   <trkpt lat="25.1917278" lon="121.6839921">
    <ele>20</ele>
    <time>2026-03-14T23:30:58Z</time>
    <extensions>
     <gpxdata:hr>168</gpxdata:hr>
     <gpxdata:distance>9735.50</gpxdata:distance>
     <gpxdata:cadence>88</gpxdata:cadence>
     <gpxdata:speed>4.486</gpxdata:speed>
    </extensions>
   </trkpt>
   <trkpt lat="25.1916943" lon="121.6839702">
    <ele>20</ele>
    <time>2026-03-14T23:30:59Z</time>
    <extensions>
     <gpxdata:hr>169</gpxdata:hr>
     <gpxdata:distance>9740.00</gpxdata:distance>
     <gpxdata:cadence>88</gpxdata:cadence>
     <gpxdata:speed>4.469</gpxdata:speed>
    </extensions>
   </trkpt>
   <trkpt lat="25.1916598" lon="121.6839485">
    <ele>20</ele>
    <time>2026-03-14T23:31:00Z</time>
    <extensions>
     <gpxdata:hr>169</gpxdata:hr>
     <gpxdata:distance>9744.50</gpxdata:distance>
     <gpxdata:cadence>88</gpxdata:cadence>
     <gpxdata:speed>4.461</gpxdata:speed>
    </extensions>
   </trkpt>
   <trkpt lat="25.1916253" lon="121.6839269">
    <ele>20</ele>
    <time>2026-03-14T23:31:01Z</time>
    <extensions>
     <gpxdata:hr>169</gpxdata:hr>
     <gpxdata:distance>9749.00</gpxdata:distance>
     <gpxdata:cadence>88</gpxdata:cadence>
     <gpxdata:speed>4.456</gpxdata:speed>
    </extensions>
   </trkpt>
   <trkpt lat="25.1915900" lon="121.6839048">
    <ele>20</ele>
    <time>2026-03-14T23:31:02Z</time>
    <extensions>
     <gpxdata:hr>169</gpxdata:hr>
     <gpxdata:distance>9754.00</gpxdata:distance>
     <gpxdata:cadence>88</gpxdata:cadence>
     <gpxdata:speed>4.453</gpxdata:speed>
    </extensions>
   </trkpt>
   <trkpt lat="25.1915547" lon="121.6838828">
    <ele>20</ele>
    <time>2026-03-14T23:31:03Z</time>
    <extensions>
     <gpxdata:hr>169</gpxdata:hr>
     <gpxdata:distance>9759.00</gpxdata:distance>
     <gpxdata:cadence>89</gpxdata:cadence>
     <gpxdata:speed>4.450</gpxdata:speed>
    </extensions>
   </trkpt>
   <trkpt lat="25.1915191" lon="121.6838604">
    <ele>20</ele>
    <time>2026-03-14T23:31:04Z</time>
    <extensions>
     <gpxdata:hr>169</gpxdata:hr>
     <gpxdata:distance>9763.50</gpxdata:distance>
     <gpxdata:cadence>89</gpxdata:cadence>
     <gpxdata:speed>4.453</gpxdata:speed>
    </extensions>
   </trkpt>
   <trkpt lat="25.1914835" lon="121.6838380">
    <ele>20</ele>
    <time>2026-03-14T23:31:05Z</time>
    <extensions>
     <gpxdata:hr>169</gpxdata:hr>
     <gpxdata:distance>9768.00</gpxdata:distance>
     <gpxdata:cadence>89</gpxdata:cadence>
     <gpxdata:speed>4.456</gpxdata:speed>
    </extensions>
   </trkpt>
   <trkpt lat="25.1914476" lon="121.6838162">
    <ele>19</ele>
    <time>2026-03-14T23:31:06Z</time>
    <extensions>
     <gpxdata:hr>169</gpxdata:hr>
     <gpxdata:distance>9772.50</gpxdata:distance>
     <gpxdata:cadence>89</gpxdata:cadence>
     <gpxdata:speed>4.461</gpxdata:speed>
    </extensions>
   </trkpt>
   <trkpt lat="25.1914117" lon="121.6837945">
    <ele>19</ele>
    <time>2026-03-14T23:31:07Z</time>
    <extensions>
     <gpxdata:hr>169</gpxdata:hr>
     <gpxdata:distance>9777.00</gpxdata:distance>
     <gpxdata:cadence>89</gpxdata:cadence>
     <gpxdata:speed>4.467</gpxdata:speed>
    </extensions>
   </trkpt>
   <trkpt lat="25.1913755" lon="121.6837735">
    <ele>19</ele>
    <time>2026-03-14T23:31:08Z</time>
    <extensions>
     <gpxdata:hr>169</gpxdata:hr>
     <gpxdata:distance>9781.50</gpxdata:distance>
     <gpxdata:cadence>89</gpxdata:cadence>
     <gpxdata:speed>4.475</gpxdata:speed>
    </extensions>
   </trkpt>
   <trkpt lat="25.1913394" lon="121.6837525">
    <ele>19</ele>
    <time>2026-03-14T23:31:09Z</time>
    <extensions>
     <gpxdata:hr>169</gpxdata:hr>
     <gpxdata:distance>9786.00</gpxdata:distance>
     <gpxdata:cadence>90</gpxdata:cadence>
     <gpxdata:speed>4.483</gpxdata:speed>
    </extensions>
   </trkpt>
   <trkpt lat="25.1913031" lon="121.6837315">
    <ele>19</ele>
    <time>2026-03-14T23:31:10Z</time>
    <extensions>
     <gpxdata:hr>169</gpxdata:hr>
     <gpxdata:distance>9790.50</gpxdata:distance>
     <gpxdata:cadence>90</gpxdata:cadence>
     <gpxdata:speed>4.489</gpxdata:speed>
    </extensions>
   </trkpt>
   <trkpt lat="25.1912669" lon="121.6837106">
    <ele>19</ele>
    <time>2026-03-14T23:31:11Z</time>
    <extensions>
     <gpxdata:hr>169</gpxdata:hr>
     <gpxdata:distance>9795.00</gpxdata:distance>
     <gpxdata:cadence>90</gpxdata:cadence>
     <gpxdata:speed>4.494</gpxdata:speed>
    </extensions>
   </trkpt>
   <trkpt lat="25.1912303" lon="121.6836894">
    <ele>19</ele>
    <time>2026-03-14T23:31:12Z</time>
    <extensions>
     <gpxdata:hr>169</gpxdata:hr>
     <gpxdata:distance>9799.50</gpxdata:distance>
     <gpxdata:cadence>90</gpxdata:cadence>
     <gpxdata:speed>4.497</gpxdata:speed>
    </extensions>
   </trkpt>
   <trkpt lat="25.1911938" lon="121.6836682">
    <ele>19</ele>
    <time>2026-03-14T23:31:13Z</time>
    <extensions>
     <gpxdata:hr>169</gpxdata:hr>
     <gpxdata:distance>9804.00</gpxdata:distance>
     <gpxdata:cadence>90</gpxdata:cadence>
     <gpxdata:speed>4.503</gpxdata:speed>
    </extensions>
   </trkpt>
   <trkpt lat="25.1911568" lon="121.6836469">
    <ele>19</ele>
    <time>2026-03-14T23:31:14Z</time>
    <extensions>
     <gpxdata:hr>168</gpxdata:hr>
     <gpxdata:distance>9809.00</gpxdata:distance>
     <gpxdata:cadence>90</gpxdata:cadence>
     <gpxdata:speed>4.506</gpxdata:speed>
    </extensions>
   </trkpt>
   <trkpt lat="25.1911198" lon="121.6836257">
    <ele>19</ele>
    <time>2026-03-14T23:31:15Z</time>
    <extensions>
     <gpxdata:hr>168</gpxdata:hr>
     <gpxdata:distance>9814.00</gpxdata:distance>
     <gpxdata:cadence>90</gpxdata:cadence>
     <gpxdata:speed>4.508</gpxdata:speed>
    </extensions>
   </trkpt>
   <trkpt lat="25.1910821" lon="121.6836046">
    <ele>18</ele>
    <time>2026-03-14T23:31:16Z</time>
    <extensions>
     <gpxdata:hr>168</gpxdata:hr>
     <gpxdata:distance>9818.50</gpxdata:distance>
     <gpxdata:cadence>90</gpxdata:cadence>
     <gpxdata:speed>4.517</gpxdata:speed>
    </extensions>
   </trkpt>
   <trkpt lat="25.1910445" lon="121.6835835">
    <ele>18</ele>
    <time>2026-03-14T23:31:17Z</time>
    <extensions>
     <gpxdata:hr>168</gpxdata:hr>
     <gpxdata:distance>9823.00</gpxdata:distance>
     <gpxdata:cadence>90</gpxdata:cadence>
     <gpxdata:speed>4.528</gpxdata:speed>
    </extensions>
   </trkpt>
   <trkpt lat="25.1910068" lon="121.6835618">
    <ele>18</ele>
    <time>2026-03-14T23:31:18Z</time>
    <extensions>
     <gpxdata:hr>168</gpxdata:hr>
     <gpxdata:distance>9827.50</gpxdata:distance>
     <gpxdata:cadence>90</gpxdata:cadence>
     <gpxdata:speed>4.539</gpxdata:speed>
    </extensions>
   </trkpt>
   <trkpt lat="25.1909692" lon="121.6835402">
    <ele>18</ele>
    <time>2026-03-14T23:31:19Z</time>
    <extensions>
     <gpxdata:hr>168</gpxdata:hr>
     <gpxdata:distance>9832.00</gpxdata:distance>
     <gpxdata:cadence>91</gpxdata:cadence>
     <gpxdata:speed>4.550</gpxdata:speed>
    </extensions>
   </trkpt>
   <trkpt lat="25.1909317" lon="121.6835187">
    <ele>18</ele>
    <time>2026-03-14T23:31:20Z</time>
    <extensions>
     <gpxdata:hr>168</gpxdata:hr>
     <gpxdata:distance>9837.00</gpxdata:distance>
     <gpxdata:cadence>91</gpxdata:cadence>
     <gpxdata:speed>4.556</gpxdata:speed>
    </extensions>
   </trkpt>
   <trkpt lat="25.1908943" lon="121.6834973">
    <ele>17</ele>
    <time>2026-03-14T23:31:21Z</time>
    <extensions>
     <gpxdata:hr>168</gpxdata:hr>
     <gpxdata:distance>9842.00</gpxdata:distance>
     <gpxdata:cadence>91</gpxdata:cadence>
     <gpxdata:speed>4.564</gpxdata:speed>
    </extensions>
   </trkpt>
   <trkpt lat="25.1908573" lon="121.6834757">
    <ele>17</ele>
    <time>2026-03-14T23:31:22Z</time>
    <extensions>
     <gpxdata:hr>168</gpxdata:hr>
     <gpxdata:distance>9846.50</gpxdata:distance>
     <gpxdata:cadence>91</gpxdata:cadence>
     <gpxdata:speed>4.567</gpxdata:speed>
    </extensions>
   </trkpt>
   <trkpt lat="25.1908204" lon="121.6834542">
    <ele>17</ele>
    <time>2026-03-14T23:31:23Z</time>
    <extensions>
     <gpxdata:hr>168</gpxdata:hr>
     <gpxdata:distance>9851.00</gpxdata:distance>
     <gpxdata:cadence>90</gpxdata:cadence>
     <gpxdata:speed>4.569</gpxdata:speed>
    </extensions>
   </trkpt>
   <trkpt lat="25.1907829" lon="121.6834346">
    <ele>17</ele>
    <time>2026-03-14T23:31:24Z</time>
    <extensions>
     <gpxdata:hr>168</gpxdata:hr>
     <gpxdata:distance>9855.50</gpxdata:distance>
     <gpxdata:cadence>90</gpxdata:cadence>
     <gpxdata:speed>4.569</gpxdata:speed>
    </extensions>
   </trkpt>
   <trkpt lat="25.1907454" lon="121.6834151">
    <ele>17</ele>
    <time>2026-03-14T23:31:25Z</time>
    <extensions>
     <gpxdata:hr>168</gpxdata:hr>
     <gpxdata:distance>9860.00</gpxdata:distance>
     <gpxdata:cadence>90</gpxdata:cadence>
     <gpxdata:speed>4.572</gpxdata:speed>
    </extensions>
   </trkpt>
   <trkpt lat="25.1907057" lon="121.6834003">
    <ele>16</ele>
    <time>2026-03-14T23:31:26Z</time>
    <extensions>
     <gpxdata:hr>168</gpxdata:hr>
     <gpxdata:distance>9865.00</gpxdata:distance>
     <gpxdata:cadence>90</gpxdata:cadence>
     <gpxdata:speed>4.572</gpxdata:speed>
    </extensions>
   </trkpt>
   <trkpt lat="25.1906661" lon="121.6833855">
    <ele>16</ele>
    <time>2026-03-14T23:31:27Z</time>
    <extensions>
     <gpxdata:hr>168</gpxdata:hr>
     <gpxdata:distance>9870.00</gpxdata:distance>
     <gpxdata:cadence>90</gpxdata:cadence>
     <gpxdata:speed>4.572</gpxdata:speed>
    </extensions>
   </trkpt>
   <trkpt lat="25.1906256" lon="121.6833731">
    <ele>16</ele>
    <time>2026-03-14T23:31:28Z</time>
    <extensions>
     <gpxdata:hr>168</gpxdata:hr>
     <gpxdata:distance>9874.50</gpxdata:distance>
     <gpxdata:cadence>91</gpxdata:cadence>
     <gpxdata:speed>4.572</gpxdata:speed>
    </extensions>
   </trkpt>
   <trkpt lat="25.1905851" lon="121.6833608">
    <ele>16</ele>
    <time>2026-03-14T23:31:29Z</time>
    <extensions>
     <gpxdata:hr>168</gpxdata:hr>
     <gpxdata:distance>9879.00</gpxdata:distance>
     <gpxdata:cadence>91</gpxdata:cadence>
     <gpxdata:speed>4.572</gpxdata:speed>
    </extensions>
   </trkpt>
   <trkpt lat="25.1905449" lon="121.6833480">
    <ele>16</ele>
    <time>2026-03-14T23:31:30Z</time>
    <extensions>
     <gpxdata:hr>168</gpxdata:hr>
     <gpxdata:distance>9883.50</gpxdata:distance>
     <gpxdata:cadence>91</gpxdata:cadence>
     <gpxdata:speed>4.572</gpxdata:speed>
    </extensions>
   </trkpt>
   <trkpt lat="25.1905047" lon="121.6833353">
    <ele>16</ele>
    <time>2026-03-14T23:31:31Z</time>
    <extensions>
     <gpxdata:hr>168</gpxdata:hr>
     <gpxdata:distance>9888.00</gpxdata:distance>
     <gpxdata:cadence>92</gpxdata:cadence>
     <gpxdata:speed>4.575</gpxdata:speed>
    </extensions>
   </trkpt>
   <trkpt lat="25.1904654" lon="121.6833224">
    <ele>16</ele>
    <time>2026-03-14T23:31:32Z</time>
    <extensions>
     <gpxdata:hr>168</gpxdata:hr>
     <gpxdata:distance>9892.50</gpxdata:distance>
     <gpxdata:cadence>92</gpxdata:cadence>
     <gpxdata:speed>4.575</gpxdata:speed>
    </extensions>
   </trkpt>
   <trkpt lat="25.1904262" lon="121.6833095">
    <ele>16</ele>
    <time>2026-03-14T23:31:33Z</time>
    <extensions>
     <gpxdata:hr>168</gpxdata:hr>
     <gpxdata:distance>9897.00</gpxdata:distance>
     <gpxdata:cadence>92</gpxdata:cadence>
     <gpxdata:speed>4.575</gpxdata:speed>
    </extensions>
   </trkpt>
   <trkpt lat="25.1903874" lon="121.6832979">
    <ele>16</ele>
    <time>2026-03-14T23:31:34Z</time>
    <extensions>
     <gpxdata:hr>168</gpxdata:hr>
     <gpxdata:distance>9901.50</gpxdata:distance>
     <gpxdata:cadence>92</gpxdata:cadence>
     <gpxdata:speed>4.572</gpxdata:speed>
    </extensions>
   </trkpt>
   <trkpt lat="25.1903487" lon="121.6832864">
    <ele>16</ele>
    <time>2026-03-14T23:31:35Z</time>
    <extensions>
     <gpxdata:hr>168</gpxdata:hr>
     <gpxdata:distance>9906.00</gpxdata:distance>
     <gpxdata:cadence>92</gpxdata:cadence>
     <gpxdata:speed>4.572</gpxdata:speed>
    </extensions>
   </trkpt>
   <trkpt lat="25.1903095" lon="121.6832768">
    <ele>15</ele>
    <time>2026-03-14T23:31:36Z</time>
    <extensions>
     <gpxdata:hr>168</gpxdata:hr>
     <gpxdata:distance>9910.50</gpxdata:distance>
     <gpxdata:cadence>91</gpxdata:cadence>
     <gpxdata:speed>4.561</gpxdata:speed>
    </extensions>
   </trkpt>
   <trkpt lat="25.1902703" lon="121.6832672">
    <ele>15</ele>
    <time>2026-03-14T23:31:37Z</time>
    <extensions>
     <gpxdata:hr>168</gpxdata:hr>
     <gpxdata:distance>9915.00</gpxdata:distance>
     <gpxdata:cadence>91</gpxdata:cadence>
     <gpxdata:speed>4.553</gpxdata:speed>
    </extensions>
   </trkpt>
   <trkpt lat="25.1902305" lon="121.6832598">
    <ele>15</ele>
    <time>2026-03-14T23:31:38Z</time>
    <extensions>
     <gpxdata:hr>168</gpxdata:hr>
     <gpxdata:distance>9919.50</gpxdata:distance>
     <gpxdata:cadence>91</gpxdata:cadence>
     <gpxdata:speed>4.550</gpxdata:speed>
    </extensions>
   </trkpt>
   <trkpt lat="25.1901908" lon="121.6832525">
    <ele>15</ele>
    <time>2026-03-14T23:31:39Z</time>
    <extensions>
     <gpxdata:hr>168</gpxdata:hr>
     <gpxdata:distance>9924.00</gpxdata:distance>
     <gpxdata:cadence>92</gpxdata:cadence>
     <gpxdata:speed>4.547</gpxdata:speed>
    </extensions>
   </trkpt>
   <trkpt lat="25.1901509" lon="121.6832464">
    <ele>15</ele>
    <time>2026-03-14T23:31:40Z</time>
    <extensions>
     <gpxdata:hr>168</gpxdata:hr>
     <gpxdata:distance>9928.50</gpxdata:distance>
     <gpxdata:cadence>92</gpxdata:cadence>
     <gpxdata:speed>4.544</gpxdata:speed>
    </extensions>
   </trkpt>
   <trkpt lat="25.1901110" lon="121.6832404">
    <ele>15</ele>
    <time>2026-03-14T23:31:41Z</time>
    <extensions>
     <gpxdata:hr>168</gpxdata:hr>
     <gpxdata:distance>9933.00</gpxdata:distance>
     <gpxdata:cadence>92</gpxdata:cadence>
     <gpxdata:speed>4.544</gpxdata:speed>
    </extensions>
   </trkpt>
   <trkpt lat="25.1900708" lon="121.6832347">
    <ele>15</ele>
    <time>2026-03-14T23:31:42Z</time>
    <extensions>
     <gpxdata:hr>168</gpxdata:hr>
     <gpxdata:distance>9937.50</gpxdata:distance>
     <gpxdata:cadence>92</gpxdata:cadence>
     <gpxdata:speed>4.542</gpxdata:speed>
    </extensions>
   </trkpt>
   <trkpt lat="25.1900306" lon="121.6832291">
    <ele>15</ele>
    <time>2026-03-14T23:31:43Z</time>
    <extensions>
     <gpxdata:hr>168</gpxdata:hr>
     <gpxdata:distance>9942.00</gpxdata:distance>
     <gpxdata:cadence>92</gpxdata:cadence>
     <gpxdata:speed>4.542</gpxdata:speed>
    </extensions>
   </trkpt>
   <trkpt lat="25.1899894" lon="121.6832244">
    <ele>15</ele>
    <time>2026-03-14T23:31:44Z</time>
    <extensions>
     <gpxdata:hr>167</gpxdata:hr>
     <gpxdata:distance>9947.00</gpxdata:distance>
     <gpxdata:cadence>92</gpxdata:cadence>
     <gpxdata:speed>4.539</gpxdata:speed>
    </extensions>
   </trkpt>
   <trkpt lat="25.1899483" lon="121.6832197">
    <ele>16</ele>
    <time>2026-03-14T23:31:45Z</time>
    <extensions>
     <gpxdata:hr>167</gpxdata:hr>
     <gpxdata:distance>9952.00</gpxdata:distance>
     <gpxdata:cadence>93</gpxdata:cadence>
     <gpxdata:speed>4.539</gpxdata:speed>
    </extensions>
   </trkpt>
   <trkpt lat="25.1899060" lon="121.6832151">
    <ele>16</ele>
    <time>2026-03-14T23:31:46Z</time>
    <extensions>
     <gpxdata:hr>167</gpxdata:hr>
     <gpxdata:distance>9956.50</gpxdata:distance>
     <gpxdata:cadence>92</gpxdata:cadence>
     <gpxdata:speed>4.544</gpxdata:speed>
    </extensions>
   </trkpt>
   <trkpt lat="25.1898638" lon="121.6832105">
    <ele>16</ele>
    <time>2026-03-14T23:31:47Z</time>
    <extensions>
     <gpxdata:hr>166</gpxdata:hr>
     <gpxdata:distance>9961.00</gpxdata:distance>
     <gpxdata:cadence>92</gpxdata:cadence>
     <gpxdata:speed>4.550</gpxdata:speed>
    </extensions>
   </trkpt>
   <trkpt lat="25.1898222" lon="121.6832053">
    <ele>16</ele>
    <time>2026-03-14T23:31:48Z</time>
    <extensions>
     <gpxdata:hr>166</gpxdata:hr>
     <gpxdata:distance>9965.50</gpxdata:distance>
     <gpxdata:cadence>92</gpxdata:cadence>
     <gpxdata:speed>4.553</gpxdata:speed>
    </extensions>
   </trkpt>
   <trkpt lat="25.1897806" lon="121.6832002">
    <ele>16</ele>
    <time>2026-03-14T23:31:49Z</time>
    <extensions>
     <gpxdata:hr>165</gpxdata:hr>
     <gpxdata:distance>9970.00</gpxdata:distance>
     <gpxdata:cadence>92</gpxdata:cadence>
     <gpxdata:speed>4.556</gpxdata:speed>
    </extensions>
   </trkpt>
   <trkpt lat="25.1897084" lon="121.6831932">
    <ele>16</ele>
    <time>2026-03-14T23:31:50Z</time>
    <extensions>
     <gpxdata:hr>165</gpxdata:hr>
     <gpxdata:distance>9970.00</gpxdata:distance>
     <gpxdata:cadence>92</gpxdata:cadence>
     <gpxdata:speed>4.556</gpxdata:speed>
    </extensions>
   </trkpt>
   <trkpt lat="25.1895203" lon="121.6831870">
    <ele>17</ele>
    <time>2026-03-14T23:32:04Z</time>
    <extensions>
     <gpxdata:hr>152</gpxdata:hr>
     <gpxdata:distance>9978.00</gpxdata:distance>
     <gpxdata:cadence>50</gpxdata:cadence>
     <gpxdata:speed>0.975</gpxdata:speed>
    </extensions>
   </trkpt>
   <trkpt lat="25.1895028" lon="121.6831863">
    <ele>17</ele>
    <time>2026-03-14T23:32:05Z</time>
    <extensions>
     <gpxdata:hr>152</gpxdata:hr>
     <gpxdata:distance>9978.00</gpxdata:distance>
     <gpxdata:cadence>50</gpxdata:cadence>
     <gpxdata:speed>0.975</gpxdata:speed>
    </extensions>
   </trkpt>
   <trkpt lat="25.1894906" lon="121.6831885">
    <ele>17</ele>
    <time>2026-03-14T23:32:06Z</time>
    <extensions>
     <gpxdata:hr>149</gpxdata:hr>
     <gpxdata:distance>9978.00</gpxdata:distance>
     <gpxdata:cadence>50</gpxdata:cadence>
     <gpxdata:speed>1.261</gpxdata:speed>
    </extensions>
   </trkpt>
   <trkpt lat="25.1894784" lon="121.6831908">
    <ele>17</ele>
    <time>2026-03-14T23:32:07Z</time>
    <extensions>
     <gpxdata:hr>149</gpxdata:hr>
     <gpxdata:distance>9978.00</gpxdata:distance>
     <gpxdata:cadence>50</gpxdata:cadence>
     <gpxdata:speed>1.550</gpxdata:speed>
    </extensions>
   </trkpt>
   <trkpt lat="25.1894565" lon="121.6831937">
    <ele>17</ele>
    <time>2026-03-14T23:32:08Z</time>
    <extensions>
     <gpxdata:hr>147</gpxdata:hr>
     <gpxdata:distance>9984.50</gpxdata:distance>
     <gpxdata:cadence>69</gpxdata:cadence>
     <gpxdata:speed>1.658</gpxdata:speed>
    </extensions>
   </trkpt>
   <trkpt lat="25.1894346" lon="121.6831967">
    <ele>17</ele>
    <time>2026-03-14T23:32:09Z</time>
    <extensions>
     <gpxdata:hr>145</gpxdata:hr>
     <gpxdata:distance>9991.00</gpxdata:distance>
     <gpxdata:cadence>88</gpxdata:cadence>
     <gpxdata:speed>1.769</gpxdata:speed>
    </extensions>
   </trkpt>
   <trkpt lat="25.1894053" lon="121.6832001">
    <ele>17</ele>
    <time>2026-03-14T23:32:10Z</time>
    <extensions>
     <gpxdata:hr>143</gpxdata:hr>
     <gpxdata:distance>9995.00</gpxdata:distance>
     <gpxdata:cadence>87</gpxdata:cadence>
     <gpxdata:speed>2.183</gpxdata:speed>
    </extensions>
   </trkpt>
   <trkpt lat="25.1893760" lon="121.6832036">
    <ele>17</ele>
    <time>2026-03-14T23:32:11Z</time>
    <extensions>
     <gpxdata:hr>143</gpxdata:hr>
     <gpxdata:distance>9999.00</gpxdata:distance>
     <gpxdata:cadence>87</gpxdata:cadence>
     <gpxdata:speed>2.600</gpxdata:speed>
    </extensions>
   </trkpt>
   <trkpt lat="25.1893138" lon="121.6832080">
    <ele>17</ele>
    <time>2026-03-14T23:32:12Z</time>
    <extensions>
     <gpxdata:hr>142</gpxdata:hr>
     <gpxdata:distance>10002.50</gpxdata:distance>
     <gpxdata:cadence>87</gpxdata:cadence>
     <gpxdata:speed>2.767</gpxdata:speed>
    </extensions>
   </trkpt>
   <trkpt lat="25.1892517" lon="121.6832125">
    <ele>17</ele>
    <time>2026-03-14T23:32:13Z</time>
    <extensions>
     <gpxdata:hr>142</gpxdata:hr>
     <gpxdata:distance>10006.00</gpxdata:distance>
     <gpxdata:cadence>87</gpxdata:cadence>
     <gpxdata:speed>2.936</gpxdata:speed>
    </extensions>
   </trkpt>
  </trkseg>
 </trk>
</gpx>
